idi,name,birth_year,birth_month,birth_day,gender,registration_id,athletic_score,leadership_score,talent_score,gpa,class_assigned,selected_activity,grade_level,talent,olympiad_scores,subject_specialization,fitness_score,sports_category,subject,mentor_grade,mentor_class,judge
1,Kenneth Brown,2010,6,2,Male,10001,3.2,2.5,3.4,9.9,8C,Scholar,8,,87-68-64,mathematics,,,,,,
2,Karen Johnson,2012,11,5,Female,10002,2.4,9.1,8.7,7.1,6C,Talent,6,drama,,,,,,,,
3,Lisa Anderson,2011,10,5,Female,10003,5.2,0.9,7.2,8.9,7A,Scholar,7,,84-54-61,mathematics,,,,,,
4,Kenneth Taylor,2008,5,23,Male,10004,6.9,7.8,6.0,6.4,10C,Scholar,10,,64-81-55,mathematics,,,,,,
5,Jessica Martin,2006,6,23,Female,10005,5.3,8.3,2.0,9.8,12C,Talent,12,dance,,,,,,,,
6,Barbara Johnson,2011,6,28,Female,10006,0.9,0.7,2.7,8.3,7B,Talent,7,drama,,,,,,,,
7,David Moore,2009,1,5,Male,10007,5.0,5.9,5.7,9.6,9B,Sports,9,,,,68.8,cricket,,,,
8,Michael Gonzalez,2006,2,22,Male,10008,2.6,6.6,7.1,7.7,12C,Sports,12,,,,94.0,cricket,,,,
9,Linda Smith,2010,1,23,Female,10009,7.4,0.1,8.5,8.2,8A,Talent,8,singing,,,,,,,,
10,Elizabeth Miller,2012,12,22,Female,10010,7.6,8.0,5.2,8.9,6B,Scholar,6,,70-52-80,science,,,,,,
11,Elizabeth Martin,2011,5,5,Female,10011,6.8,2.6,5.5,6.2,7C,Talent,7,singing,,,,,,,,
12,Jessica Hernandez,2012,8,17,Female,10012,4.7,4.0,0.6,9.1,6A,Scholar,6,,75-59-94,mathematics,,,,,,
13,Robert Johnson,2008,3,22,Male,10013,1.6,1.0,6.7,6.3,10A,Sports,10,,,,90.5,cricket,,,,
14,Anthony Brown,2008,7,4,Male,10014,1.0,4.9,3.0,6.4,10C,Talent,10,dance,,,,,,,,
15,George Martin,2006,10,21,Male,10015,6.6,6.3,3.6,9.2,12C,Sports,12,,,,68.5,cricket,,,,
16,Linda Martinez,2012,10,8,Female,10016,2.2,0.4,6.6,6.8,6B,Scholar,6,,53-62-77,mathematics,,,,,,
17,Anthony Gonzalez,2006,2,18,Male,10017,7.9,3.1,8.1,6.5,12C,Scholar,12,,86-76-51,mathematics,,,,,,
18,Jessica Miller,2007,5,17,Female,10018,1.0,0.7,8.8,6.5,11B,Talent,11,singing,,,,,,,,
19,Christine Smith,2006,10,6,Female,10019,1.2,6.9,7.0,10.0,12A,Scholar,12,,61-82-62,science,,,,,,
20,Thomas Taylor,2010,7,10,Male,10020,2.4,3.5,0.6,7.4,8B,Talent,8,singing,,,,,,,,
21,Charles Smith,2006,2,14,Male,10021,3.0,2.2,9.2,7.9,12A,Scholar,12,,67-84-99,science,,,,,,
22,Christine Miller,2011,4,19,Female,10022,6.8,5.2,8.8,9.2,7B,Sports,7,,,,68.3,chess,,,,
23,Mark Johnson,2012,7,20,Male,10023,9.0,7.9,7.8,8.2,6A,Talent,6,singing,,,,,,,,
24,Linda Jackson,2006,3,22,Female,10024,1.5,5.7,3.3,8.9,12B,Scholar,12,,95-64-73,mathematics,,,,,,
25,James Rodriguez,2009,5,13,Male,10025,4.7,2.0,5.3,9.6,9B,Talent,9,drama,,,,,,,,
26,Paul Williams,2007,9,10,Male,10026,0.8,4.0,7.4,7.4,11A,Sports,11,,,,90.5,chess,,,,
27,Susan Brown,2007,6,10,Female,10027,1.3,0.2,9.2,9.6,11B,Sports,11,,,,57.7,cricket,,,,
28,Linda Jones,2007,5,4,Female,10028,2.9,3.6,8.7,8.6,11A,Talent,11,singing,,,,,,,,
29,Patricia Anderson,2011,9,22,Female,10029,5.9,5.6,7.4,9.8,7B,Scholar,7,,87-86-84,science,,,,,,
30,Michelle Thomas,2010,6,12,Female,10030,9.4,8.7,6.8,9.8,8A,Sports,8,,,,62.7,chess,,,,
31,Michael Wilson,2007,11,11,Male,10031,4.9,1.0,1.8,9.5,11B,Talent,11,singing,,,,,,,,
32,Lisa Jones,2011,6,13,Female,10032,8.7,8.9,4.5,6.5,7B,Scholar,7,,83-86-59,science,,,,,,
33,Anthony Hernandez,2010,1,26,Male,10033,7.3,5.5,4.2,6.4,8B,Scholar,8,,90-54-62,science,,,,,,
34,Jennifer Gonzalez,2007,9,4,Female,10034,2.0,1.9,6.0,8.9,11B,Scholar,11,,71-88-79,mathematics,,,,,,
35,Jessica Thomas,2007,5,7,Female,10035,4.6,3.1,8.7,7.5,11C,Sports,11,,,,96.5,chess,,,,
36,Lisa Davis,2011,4,22,Female,10036,3.1,4.9,1.9,9.4,7B,Scholar,7,,53-79-57,mathematics,,,,,,
37,Laura Williams,2012,1,9,Female,10037,2.2,7.6,4.9,6.5,6B,Talent,6,singing,,,,,,,,
38,Susan Taylor,2012,3,19,Female,10038,9.0,1.0,6.0,9.6,6C,Scholar,6,,90-75-99,science,,,,,,
39,Anna Garcia,2010,1,23,Female,10039,6.2,5.9,0.1,10.0,8C,Sports,8,,,,65.5,cricket,,,,
40,Sarah Taylor,2006,8,19,Female,10040,2.0,7.6,3.3,7.8,12C,Talent,12,singing,,,,,,,,
41,Donald Thomas,2012,1,19,Male,10041,0.4,0.5,3.3,7.7,6A,Scholar,6,,72-69-95,mathematics,,,,,,
42,John Hernandez,2010,1,13,Male,10042,6.6,1.9,5.5,6.1,8A,Scholar,8,,53-82-86,science,,,,,,
43,Laura Gonzalez,2010,4,22,Female,10043,7.1,2.7,4.6,9.6,8C,Talent,8,drama,,,,,,,,
44,Susan Brown,2006,7,14,Female,10044,7.9,2.6,8.3,7.6,12B,Talent,12,dance,,,,,,,,
45,William Williams,2009,1,3,Male,10045,7.3,3.1,8.9,6.9,9A,Talent,9,dance,,,,,,,,
46,Robert Davis,2008,7,4,Male,10046,1.6,1.7,9.5,7.4,10A,Talent,10,dance,,,,,,,,
47,William Miller,2010,5,2,Male,10047,4.9,0.3,0.8,8.8,8C,Sports,8,,,,75.3,cricket,,,,
48,Samantha Wilson,2008,8,27,Female,10048,2.2,7.1,5.1,9.0,10B,Talent,10,dance,,,,,,,,
49,Mark Johnson,2012,5,5,Male,10049,9.5,4.8,4.9,7.0,6B,Scholar,6,,61-79-90,science,,,,,,
50,Richard Smith,2010,6,14,Male,10050,0.6,5.6,8.5,8.8,8B,Sports,8,,,,82.8,chess,,,,
51,Maria Thomas,2007,4,1,Female,10051,3.8,3.6,7.5,8.8,11A,Talent,11,drama,,,,,,,,
52,Linda Thomas,2011,4,6,Female,10052,2.8,8.1,2.8,7.0,7B,Talent,7,drama,,,,,,,,
53,Helen Moore,2011,6,27,Female,10053,3.8,1.8,7.9,9.7,7B,Talent,7,drama,,,,,,,,
54,Kenneth Rodriguez,2011,3,8,Male,10054,4.5,6.1,9.4,9.0,7A,Scholar,7,,89-50-55,science,,,,,,
55,Samantha Miller,2010,7,22,Female,10055,6.0,7.1,1.5,6.8,8A,Scholar,8,,62-81-58,science,,,,,,
56,Jessica Gonzalez,2007,8,16,Female,10056,1.5,6.6,4.8,8.7,11B,Scholar,11,,87-95-79,science,,,,,,
57,Paul Johnson,2010,8,12,Male,10057,1.8,6.5,8.7,9.8,8A,Talent,8,drama,,,,,,,,
58,Jessica Johnson,2006,1,15,Female,10058,3.2,8.2,2.8,6.6,12C,Sports,12,,,,84.0,chess,,,,
59,Mark Wilson,2007,2,21,Male,10059,3.8,6.9,3.0,7.0,11B,Sports,11,,,,77.5,chess,,,,
60,Robert Lopez,2011,1,10,Male,10060,9.3,6.6,0.8,8.2,7A,Scholar,7,,91-78-94,mathematics,,,,,,
61,Michelle Thomas,2009,10,28,Female,10061,6.5,2.9,4.5,8.8,9A,Sports,9,,,,55.4,cricket,,,,
62,Thomas Thomas,2007,1,7,Male,10062,0.5,4.7,0.1,7.4,11C,Sports,11,,,,93.8,cricket,,,,
63,Emma Miller,2007,9,21,Female,10063,8.9,1.1,3.4,9.4,11A,Sports,11,,,,55.1,cricket,,,,
64,George Johnson,2010,3,5,Male,10064,4.6,6.5,0.3,9.0,8A,Scholar,8,,60-57-96,mathematics,,,,,,
65,Michael Rodriguez,2012,4,27,Male,10065,6.1,8.5,0.6,6.5,6B,Talent,6,singing,,,,,,,,
66,George Lopez,2010,8,13,Male,10066,9.1,5.7,6.7,9.7,8B,Talent,8,drama,,,,,,,,
67,George Jones,2009,2,23,Male,10067,0.6,7.3,4.2,6.9,9C,Talent,9,drama,,,,,,,,
68,Susan Gonzalez,2007,11,20,Female,10068,5.4,5.9,8.8,9.0,11B,Talent,11,singing,,,,,,,,
69,Matthew Gonzalez,2010,8,28,Male,10069,0.8,4.0,0.1,9.4,8A,Scholar,8,,87-88-72,science,,,,,,
70,Andrew Hernandez,2012,3,5,Male,10070,6.5,1.1,6.3,6.5,6B,Talent,6,dance,,,,,,,,
71,James Wilson,2010,7,9,Male,10071,4.8,5.5,8.1,8.9,8A,Talent,8,singing,,,,,,,,
72,Donald Anderson,2009,4,3,Male,10072,2.3,5.7,4.5,9.4,9A,Talent,9,dance,,,,,,,,
73,Michelle Rodriguez,2008,5,2,Female,10073,8.9,7.2,9.1,8.9,10B,Scholar,10,,61-100-70,mathematics,,,,,,
74,Barbara Miller,2009,1,21,Female,10074,1.1,3.3,5.2,6.8,9C,Scholar,9,,55-89-57,mathematics,,,,,,
75,Samantha Wilson,2006,5,16,Female,10075,5.6,1.1,6.4,8.7,12C,Sports,12,,,,50.2,chess,,,,
76,Andrew Brown,2011,12,8,Male,10076,9.1,8.2,1.4,10.0,7B,Scholar,7,,50-73-94,mathematics,,,,,,
77,Anthony Smith,2010,3,8,Male,10077,5.6,1.5,6.5,7.9,8A,Sports,8,,,,53.5,cricket,,,,
78,William Miller,2007,8,13,Male,10078,8.5,6.3,8.5,8.7,11B,Talent,11,drama,,,,,,,,
79,Daniel Miller,2011,3,26,Male,10079,7.4,7.7,8.5,7.5,7A,Sports,7,,,,50.2,cricket,,,,
80,Mark Anderson,2009,11,1,Male,10080,3.9,5.4,3.7,10.0,9C,Scholar,9,,87-67-54,science,,,,,,
81,Christine Martin,2008,5,13,Female,10081,2.4,4.3,5.8,8.7,10B,Scholar,10,,83-54-71,mathematics,,,,,,
82,Laura Martin,2010,9,3,Female,10082,4.4,8.9,3.2,7.9,8A,Scholar,8,,71-98-96,mathematics,,,,,,
83,Robert Jackson,2010,10,20,Male,10083,6.8,3.0,8.3,9.7,8C,Talent,8,singing,,,,,,,,
84,Sandra Williams,2010,10,1,Female,10084,8.4,5.5,5.4,7.3,8A,Scholar,8,,99-69-68,science,,,,,,
85,Donald Johnson,2009,8,2,Male,10085,6.4,0.8,1.5,7.2,9B,Sports,9,,,,54.4,chess,,,,
86,Andrew Martin,2009,2,11,Male,10086,9.0,8.7,4.7,6.1,9C,Scholar,9,,100-99-90,mathematics,,,,,,
87,Charles Garcia,2010,2,1,Male,10087,6.2,6.1,7.3,9.2,8C,Scholar,8,,82-68-61,science,,,,,,
88,Jennifer Williams,2006,1,11,Female,10088,1.0,4.3,2.4,6.7,12B,Talent,12,drama,,,,,,,,
89,Karen Smith,2007,8,22,Female,10089,8.8,6.7,7.7,6.7,11C,Sports,11,,,,94.3,chess,,,,
90,Emma Jones,2007,2,10,Female,10090,1.8,7.1,6.9,9.4,11B,Scholar,11,,50-97-85,mathematics,,,,,,
91,James Hernandez,2012,3,19,Male,10091,2.1,5.8,8.4,6.1,6C,Scholar,6,,62-79-82,mathematics,,,,,,
92,Elizabeth Smith,2006,9,12,Female,10092,3.4,3.4,3.2,9.1,12C,Scholar,12,,82-91-65,science,,,,,,
93,Steven Martin,2011,10,3,Male,10093,2.9,6.6,5.7,7.5,7C,Talent,7,drama,,,,,,,,
94,Christine Jones,2011,3,7,Female,10094,3.2,5.4,2.8,7.9,7C,Sports,7,,,,55.7,chess,,,,
95,William Lopez,2012,7,19,Male,10095,3.7,3.5,7.9,6.2,6B,Talent,6,drama,,,,,,,,
96,Maria Smith,2011,9,12,Female,10096,0.3,7.4,9.4,6.4,7C,Talent,7,dance,,,,,,,,
97,Christine Williams,2008,8,19,Female,10097,3.2,0.7,8.5,7.0,10A,Scholar,10,,54-51-87,mathematics,,,,,,
98,Maria Jackson,2010,2,16,Female,10098,2.5,9.3,9.1,8.4,8B,Sports,8,,,,90.8,cricket,,,,
99,Maria Williams,2010,2,9,Female,10099,2.2,6.8,6.3,7.7,8B,Scholar,8,,63-52-55,science,,,,,,
100,Donald Taylor,2010,6,12,Male,10100,5.2,7.0,6.4,6.5,8A,Scholar,8,,52-82-79,science,,,,,,
101,Susan Anderson,2006,7,23,Female,10101,3.2,7.6,1.1,9.4,12B,Sports,12,,,,65.4,cricket,,,,
102,Robert Thomas,2011,11,23,Male,10102,0.7,7.5,6.3,7.3,7B,Sports,7,,,,51.9,chess,,,,
103,Sandra Davis,2009,12,25,Female,10103,3.4,8.8,4.8,9.3,9A,Sports,9,,,,73.6,cricket,,,,
104,William Johnson,2007,1,4,Male,10104,5.1,5.4,8.0,7.4,11B,Scholar,11,,70-65-69,science,,,,,,
105,Patricia Johnson,2006,10,13,Female,10105,8.3,6.5,9.3,7.1,12A,Talent,12,dance,,,,,,,,
106,George Johnson,2007,3,3,Male,10106,5.0,3.1,5.6,6.9,11B,Sports,11,,,,76.0,cricket,,,,
107,Lisa Lopez,2006,3,12,Female,10107,6.9,2.1,8.3,7.8,12C,Scholar,12,,55-50-70,science,,,,,,
108,Robert Taylor,2006,5,15,Male,10108,5.2,5.5,7.0,10.0,12B,Scholar,12,,94-54-96,mathematics,,,,,,
109,Daniel Williams,2007,2,11,Male,10109,6.0,5.3,2.3,9.2,11A,Scholar,11,,96-59-90,science,,,,,,
110,Sarah Brown,2007,6,19,Female,10110,6.0,3.2,0.5,8.5,11A,Scholar,11,,72-65-90,science,,,,,,
111,Mary Lopez,2010,3,19,Female,10111,1.1,2.7,8.7,9.4,8A,Sports,8,,,,51.3,cricket,,,,
112,Thomas Anderson,2007,1,21,Male,10112,6.5,5.8,8.7,9.7,11C,Sports,11,,,,90.7,cricket,,,,
113,Mary Johnson,2006,10,5,Female,10113,5.9,7.9,8.7,7.5,12C,Sports,12,,,,84.4,chess,,,,
114,Daniel Rodriguez,2009,4,10,Male,10114,3.1,8.1,8.2,7.1,9B,Sports,9,,,,95.8,chess,,,,
115,Steven Taylor,2011,2,28,Male,10115,8.9,8.6,9.2,6.4,7C,Scholar,7,,56-51-50,science,,,,,,
116,Samantha Brown,2006,4,7,Female,10116,4.1,4.9,2.7,6.6,12B,Sports,12,,,,68.6,cricket,,,,
117,John Moore,2007,11,15,Male,10117,3.4,7.6,5.8,6.8,11A,Sports,11,,,,80.7,cricket,,,,
118,Andrew Gonzalez,2012,3,8,Male,10118,6.5,4.8,4.4,8.9,6C,Sports,6,,,,81.5,cricket,,,,
119,Joseph Williams,2006,5,19,Male,10119,3.3,6.2,6.6,8.4,12A,Talent,12,singing,,,,,,,,
120,Andrew Anderson,2006,9,18,Male,10120,9.4,7.7,7.8,9.7,12A,Scholar,12,,79-81-91,science,,,,,,
121,Jessica Gonzalez,2012,2,4,Female,10121,4.4,4.6,1.6,9.6,6C,Talent,6,drama,,,,,,,,
122,Samantha Hernandez,2008,7,17,Female,10122,0.2,6.6,2.0,6.9,10A,Sports,10,,,,91.1,chess,,,,
123,Thomas Martin,2007,10,11,Male,10123,1.2,0.2,0.8,8.2,11A,Scholar,11,,72-95-59,science,,,,,,
124,Michelle Hernandez,2012,8,2,Female,10124,3.0,6.0,3.0,9.3,6C,Sports,6,,,,78.7,chess,,,,
125,Sarah Martinez,2008,9,24,Female,10125,0.8,6.1,1.4,7.6,10A,Scholar,10,,76-91-78,science,,,,,,
126,Michael Jackson,2010,4,16,Male,10126,6.4,3.6,8.7,6.1,8A,Scholar,8,,94-50-90,science,,,,,,
127,Paul Rodriguez,2007,3,14,Male,10127,1.0,2.9,1.0,7.5,11C,Talent,11,drama,,,,,,,,
128,Sarah Martin,2009,5,3,Female,10128,0.7,0.3,7.9,9.9,9A,Scholar,9,,98-52-60,mathematics,,,,,,
129,Paul Martinez,2006,9,6,Male,10129,1.0,2.5,7.6,6.3,12B,Sports,12,,,,60.7,chess,,,,
130,Mark Thomas,2010,12,27,Male,10130,2.2,7.1,7.6,7.4,8C,Sports,8,,,,78.7,cricket,,,,
131,Andrew Martinez,2008,8,28,Male,10131,1.0,8.1,8.5,8.1,10C,Scholar,10,,65-76-71,mathematics,,,,,,
132,Lisa Wilson,2006,10,7,Female,10132,1.0,0.9,1.3,6.2,12C,Sports,12,,,,66.5,chess,,,,
133,Sandra Williams,2012,5,3,Female,10133,0.7,0.4,8.3,9.9,6B,Talent,6,drama,,,,,,,,
134,Paul Williams,2007,5,14,Male,10134,8.2,8.8,7.0,9.5,11B,Talent,11,dance,,,,,,,,
135,Sarah Moore,2012,1,3,Female,10135,0.1,5.7,6.4,7.2,6C,Scholar,6,,84-55-95,science,,,,,,
136,Paul Hernandez,2010,4,15,Male,10136,5.0,4.9,7.7,9.2,8C,Talent,8,singing,,,,,,,,
137,Daniel Anderson,2007,3,16,Male,10137,4.5,4.9,4.9,9.4,11C,Scholar,11,,94-81-61,science,,,,,,
138,Michelle Miller,2008,10,23,Female,10138,2.2,8.3,2.3,7.3,10C,Scholar,10,,94-58-68,science,,,,,,
139,Thomas Moore,2012,3,17,Male,10139,9.5,7.1,6.4,6.1,6C,Sports,6,,,,89.3,chess,,,,
140,Lisa Miller,2007,12,3,Female,10140,7.6,1.3,7.2,9.6,11B,Scholar,11,,76-78-85,science,,,,,,
141,Helen Rodriguez,2008,5,14,Female,10141,0.1,7.6,2.0,8.2,10A,Sports,10,,,,79.1,chess,,,,
142,Michelle Lopez,2006,3,8,Female,10142,9.2,5.3,7.6,6.9,12C,Talent,12,singing,,,,,,,,
143,Barbara Gonzalez,2006,1,3,Female,10143,5.1,9.0,7.1,7.5,12A,Scholar,12,,91-94-56,science,,,,,,
144,Sandra Garcia,2009,10,25,Female,10144,2.3,8.0,3.1,6.9,9C,Talent,9,dance,,,,,,,,
145,Karen Anderson,2012,10,25,Female,10145,1.3,8.4,2.2,6.3,6B,Talent,6,singing,,,,,,,,
146,William Lopez,2011,10,18,Male,10146,3.1,6.3,3.6,8.6,7C,Scholar,7,,71-89-69,science,,,,,,
147,Sandra Miller,2007,4,2,Female,10147,7.1,3.3,7.0,7.4,11C,Scholar,11,,62-84-95,science,,,,,,
148,Thomas Johnson,2007,1,22,Male,10148,0.2,2.6,2.5,7.0,11A,Scholar,11,,72-58-56,science,,,,,,
149,Joseph Brown,2009,5,28,Male,10149,3.6,5.1,8.3,6.6,9B,Sports,9,,,,91.4,chess,,,,
150,Maria Brown,2012,3,4,Female,10150,3.9,4.3,2.8,6.9,6A,Talent,6,singing,,,,,,,,
151,James Anderson,2006,9,27,Male,10151,4.5,1.8,1.6,6.4,12C,Sports,12,,,,74.2,chess,,,,
152,George Hernandez,2009,4,1,Male,10152,1.6,1.6,9.1,8.2,9A,Talent,9,singing,,,,,,,,
153,Emma Gonzalez,2012,10,5,Female,10153,7.8,6.5,3.7,6.7,6A,Talent,6,drama,,,,,,,,
154,Matthew Rodriguez,2007,8,19,Male,10154,3.5,6.8,2.5,9.6,11C,Scholar,11,,92-98-96,mathematics,,,,,,
155,Matthew Hernandez,2012,11,22,Male,10155,7.5,2.5,8.6,6.2,6C,Talent,6,singing,,,,,,,,
156,Andrew Smith,2007,2,20,Male,10156,1.9,3.7,8.0,6.4,11C,Scholar,11,,50-96-78,mathematics,,,,,,
157,Emma Smith,2011,2,16,Female,10157,7.0,6.0,8.4,7.6,7A,Talent,7,drama,,,,,,,,
158,Karen Miller,2011,11,7,Female,10158,9.1,0.1,0.3,8.7,7C,Sports,7,,,,77.4,cricket,,,,
159,Michael Smith,2007,11,14,Male,10159,3.3,7.2,8.3,9.0,11A,Talent,11,singing,,,,,,,,
160,David Rodriguez,2012,11,26,Male,10160,4.3,2.2,9.4,9.8,6B,Talent,6,dance,,,,,,,,
161,John Johnson,2007,12,4,Male,10161,4.2,2.5,1.1,8.8,11C,Talent,11,drama,,,,,,,,
162,Linda Johnson,2008,3,15,Female,10162,4.7,3.3,6.2,9.7,10C,Talent,10,singing,,,,,,,,
163,James Moore,2006,2,22,Male,10163,7.7,3.4,9.3,8.2,12B,Talent,12,singing,,,,,,,,
164,Michael Brown,2011,7,11,Male,10164,1.4,7.3,7.9,7.1,7C,Scholar,7,,51-90-53,mathematics,,,,,,
165,John Williams,2011,7,27,Male,10165,8.3,3.5,6.4,7.0,7B,Talent,7,dance,,,,,,,,
166,Charles Williams,2009,6,14,Male,10166,0.4,1.1,5.7,6.9,9A,Talent,9,singing,,,,,,,,
167,Elizabeth Rodriguez,2010,11,9,Female,10167,6.9,7.4,6.3,6.9,8A,Scholar,8,,70-50-83,science,,,,,,
168,Andrew Lopez,2006,4,16,Male,10168,3.8,4.2,8.9,7.4,12A,Sports,12,,,,53.4,cricket,,,,
169,Maria Williams,2006,11,4,Female,10169,5.1,3.4,9.2,8.4,12C,Talent,12,singing,,,,,,,,
170,Christine Gonzalez,2011,9,1,Female,10170,8.7,6.8,2.0,9.3,7B,Sports,7,,,,72.9,chess,,,,
171,Susan Gonzalez,2009,7,8,Female,10171,7.5,4.6,0.1,8.3,9C,Scholar,9,,70-62-61,mathematics,,,,,,
172,Patricia Williams,2012,12,19,Female,10172,9.1,3.5,2.4,8.0,6C,Sports,6,,,,56.5,chess,,,,
173,Maria Martinez,2008,5,12,Female,10173,0.3,7.8,2.5,7.6,10A,Sports,10,,,,90.8,chess,,,,
174,Anthony Miller,2008,9,24,Male,10174,9.3,1.8,8.6,8.1,10B,Talent,10,singing,,,,,,,,
175,Sarah Lopez,2007,9,11,Female,10175,3.2,5.9,5.7,8.8,11C,Talent,11,dance,,,,,,,,
176,Laura Jones,2010,7,15,Female,10176,8.2,0.1,1.1,8.9,8B,Sports,8,,,,79.5,chess,,,,
177,Michelle Jones,2012,4,17,Female,10177,1.7,6.7,5.4,7.8,6C,Talent,6,drama,,,,,,,,
178,Karen Martinez,2006,5,5,Female,10178,0.6,3.8,7.9,7.6,12B,Talent,12,singing,,,,,,,,
179,Charles Rodriguez,2006,5,18,Male,10179,3.6,9.1,1.8,6.4,12B,Talent,12,singing,,,,,,,,
180,Steven Martinez,2012,10,7,Male,10180,0.6,0.3,3.1,9.6,6C,Talent,6,dance,,,,,,,,
181,Helen Hernandez,2011,11,18,Female,10181,4.0,7.5,1.6,7.5,7C,Scholar,7,,62-90-85,mathematics,,,,,,
182,David Miller,2012,4,8,Male,10182,2.0,6.5,0.3,8.9,6A,Sports,6,,,,92.2,cricket,,,,
183,Patricia Gonzalez,2009,2,26,Female,10183,8.0,1.4,5.8,9.8,9A,Sports,9,,,,62.2,chess,,,,
184,Michael Wilson,2011,2,26,Male,10184,5.4,2.2,1.3,6.6,7C,Scholar,7,,91-72-82,mathematics,,,,,,
185,Linda Garcia,2008,7,24,Female,10185,0.4,0.8,1.5,8.7,10C,Scholar,10,,64-81-98,mathematics,,,,,,
186,Paul Martin,2007,9,22,Male,10186,2.1,4.2,0.5,8.6,11C,Talent,11,dance,,,,,,,,
187,Joseph Hernandez,2010,11,6,Male,10187,7.1,5.5,0.5,8.4,8C,Scholar,8,,97-69-78,mathematics,,,,,,
188,Maria Jackson,2009,8,3,Female,10188,5.4,2.1,4.6,8.2,9B,Sports,9,,,,55.8,cricket,,,,
189,Barbara Gonzalez,2006,3,25,Female,10189,4.4,0.7,8.1,7.0,12A,Sports,12,,,,70.0,chess,,,,
190,Mark Brown,2010,12,13,Male,10190,0.3,3.6,3.9,7.1,8B,Talent,8,dance,,,,,,,,
191,Laura Anderson,2007,4,13,Female,10191,1.3,1.6,5.0,7.0,11C,Scholar,11,,69-55-89,science,,,,,,
192,Mark Jones,2009,12,26,Male,10192,8.6,3.5,0.2,8.3,9C,Sports,9,,,,90.4,cricket,,,,
193,Michelle Jackson,2008,7,1,Female,10193,6.6,7.4,5.1,7.3,10A,Talent,10,drama,,,,,,,,
194,Karen Johnson,2009,1,5,Female,10194,8.4,5.6,5.0,7.6,9A,Scholar,9,,73-54-69,science,,,,,,
195,Charles Jackson,2012,7,28,Male,10195,3.9,4.1,6.4,9.8,6A,Talent,6,singing,,,,,,,,
196,Thomas Moore,2009,1,12,Male,10196,1.6,2.2,9.0,9.7,9C,Talent,9,dance,,,,,,,,
197,Sarah Garcia,2011,6,28,Female,10197,1.1,5.5,5.4,7.5,7B,Scholar,7,,80-62-84,science,,,,,,
198,Andrew Brown,2006,5,4,Male,10198,7.5,4.0,4.2,9.7,12A,Talent,12,singing,,,,,,,,
199,George Rodriguez,2007,11,27,Male,10199,1.4,1.6,6.6,6.3,11B,Sports,11,,,,70.4,cricket,,,,
200,Anna Brown,2010,10,17,Female,10200,6.7,7.2,1.7,6.2,8A,Talent,8,singing,,,,,,,,
201,Samantha Brown,2008,6,16,Female,10201,3.6,2.6,1.0,6.4,10B,Scholar,10,,78-79-77,science,,,,,,
202,Helen Gonzalez,2009,3,27,Female,10202,5.2,7.1,6.1,8.9,9C,Talent,9,drama,,,,,,,,
203,Patricia Hernandez,2011,5,1,Female,10203,0.9,0.7,7.0,9.7,7C,Scholar,7,,79-72-59,mathematics,,,,,,
204,Lisa Gonzalez,2008,3,25,Female,10204,5.9,9.4,6.4,9.5,10A,Sports,10,,,,52.6,chess,,,,
205,Anthony Smith,2009,11,15,Male,10205,0.0,7.6,3.0,9.9,9A,Scholar,9,,52-83-63,science,,,,,,
206,Emma Williams,2006,9,7,Female,10206,9.4,1.9,1.6,8.0,12A,Talent,12,singing,,,,,,,,
207,Patricia Wilson,2006,10,28,Female,10207,5.9,0.3,1.8,9.0,12A,Talent,12,drama,,,,,,,,
208,Richard Smith,2007,3,26,Male,10208,6.6,4.3,2.3,8.3,11B,Sports,11,,,,69.5,cricket,,,,
209,Robert Miller,2012,6,26,Male,10209,3.4,8.3,0.2,9.2,6C,Scholar,6,,64-67-61,science,,,,,,
210,Anthony Taylor,2007,11,20,Male,10210,5.5,9.3,2.6,8.0,11A,Scholar,11,,65-88-75,science,,,,,,
211,Charles Johnson,2006,4,15,Male,10211,3.1,2.9,5.7,7.5,12B,Talent,12,singing,,,,,,,,
212,Karen Rodriguez,2011,12,21,Female,10212,3.2,4.9,3.5,7.3,7B,Scholar,7,,75-63-93,science,,,,,,
213,Anna Hernandez,2011,9,25,Female,10213,4.9,9.2,9.2,9.4,7A,Sports,7,,,,82.9,cricket,,,,
214,Paul Miller,2009,11,23,Male,10214,8.6,5.1,2.4,8.5,9C,Talent,9,singing,,,,,,,,
215,Donald Miller,2010,8,19,Male,10215,6.1,6.9,3.9,6.7,8B,Scholar,8,,99-74-52,science,,,,,,
216,Michael Wilson,2008,11,26,Male,10216,0.4,0.3,7.5,8.5,10C,Sports,10,,,,65.7,cricket,,,,
217,Joseph Anderson,2010,11,28,Male,10217,7.7,3.8,0.4,6.6,8C,Talent,8,drama,,,,,,,,
218,Karen Brown,2007,5,11,Female,10218,9.5,2.8,0.2,7.4,11C,Scholar,11,,52-55-96,mathematics,,,,,,
219,Helen Smith,2008,5,2,Female,10219,2.9,0.5,5.5,7.0,10A,Talent,10,dance,,,,,,,,
220,Helen Martin,2012,12,27,Female,10220,1.3,4.6,9.0,7.0,6B,Talent,6,singing,,,,,,,,
221,Mary Garcia,2006,6,14,Female,10221,5.7,0.8,6.5,7.1,12B,Sports,12,,,,51.1,chess,,,,
222,Mary Lopez,2007,6,26,Female,10222,3.7,4.3,0.4,9.5,11C,Talent,11,drama,,,,,,,,
223,Emma Davis,2012,4,15,Female,10223,9.3,9.1,0.1,7.6,6A,Talent,6,dance,,,,,,,,
224,Mary Taylor,2012,4,8,Female,10224,7.3,9.4,2.2,6.8,6B,Talent,6,drama,,,,,,,,
225,Richard Wilson,2008,3,6,Male,10225,7.7,1.2,6.0,6.6,10A,Talent,10,singing,,,,,,,,
226,George Wilson,2009,1,6,Male,10226,4.3,0.6,7.8,7.2,9C,Talent,9,singing,,,,,,,,
227,Michelle Martin,2007,6,28,Female,10227,8.1,0.9,7.1,9.2,11C,Scholar,11,,51-72-96,science,,,,,,
228,Samantha Hernandez,2007,9,24,Female,10228,8.0,8.2,2.9,9.0,11A,Talent,11,dance,,,,,,,,
229,Paul Johnson,2009,4,24,Male,10229,3.2,2.6,4.5,8.5,9B,Scholar,9,,68-88-75,science,,,,,,
230,Helen Thomas,2012,7,22,Female,10230,4.3,2.9,6.3,10.0,6C,Sports,6,,,,74.7,chess,,,,
231,Christine Johnson,2007,12,14,Female,10231,3.6,0.6,5.2,8.1,11B,Sports,11,,,,84.3,cricket,,,,
232,Kenneth Miller,2012,11,16,Male,10232,6.2,0.8,8.9,6.2,6A,Scholar,6,,66-94-64,science,,,,,,
233,William Moore,2011,11,25,Male,10233,0.1,1.7,1.4,7.1,7B,Sports,7,,,,66.4,cricket,,,,
234,John Lopez,2009,6,27,Male,10234,0.4,1.8,9.2,8.7,9A,Scholar,9,,72-97-58,science,,,,,,
235,Daniel Miller,2012,11,23,Male,10235,8.4,1.0,5.7,7.5,6A,Talent,6,dance,,,,,,,,
236,Charles Johnson,2007,6,15,Male,10236,4.6,2.3,0.2,8.3,11B,Sports,11,,,,97.5,cricket,,,,
237,Thomas Smith,2007,5,23,Male,10237,1.4,5.9,4.0,8.1,11C,Sports,11,,,,65.4,cricket,,,,
238,Richard Garcia,2006,12,16,Male,10238,5.4,7.7,6.7,6.4,12A,Sports,12,,,,61.3,chess,,,,
239,George Miller,2009,8,12,Male,10239,4.2,9.3,3.5,8.9,9B,Talent,9,dance,,,,,,,,
240,Elizabeth Wilson,2006,6,4,Female,10240,3.4,7.5,3.5,6.1,12C,Talent,12,singing,,,,,,,,
241,Thomas Anderson,2006,5,16,Male,10241,5.8,1.1,6.7,9.0,12C,Sports,12,,,,55.2,chess,,,,
242,Lisa Rodriguez,2007,3,1,Female,10242,0.9,8.8,2.9,8.3,11A,Sports,11,,,,68.9,chess,,,,
243,Karen Brown,2011,6,24,Female,10243,3.5,2.8,1.5,8.5,7A,Talent,7,drama,,,,,,,,
244,Steven Johnson,2012,3,27,Male,10244,4.1,4.9,4.4,6.7,6C,Talent,6,drama,,,,,,,,
245,Anthony Moore,2012,7,19,Male,10245,5.7,0.3,4.5,8.4,6B,Scholar,6,,95-100-99,mathematics,,,,,,
246,Samantha Lopez,2012,5,5,Female,10246,0.3,8.7,5.7,8.7,6C,Sports,6,,,,76.4,cricket,,,,
247,Sandra Garcia,2011,11,22,Female,10247,5.3,1.4,7.6,8.0,7B,Talent,7,drama,,,,,,,,
248,Richard Williams,2006,5,16,Male,10248,0.8,9.5,1.8,10.0,12B,Scholar,12,,53-89-75,science,,,,,,
249,Donald Davis,2010,1,21,Male,10249,8.1,6.9,1.0,8.7,8C,Sports,8,,,,55.9,cricket,,,,
250,Kenneth Williams,2011,8,14,Male,10250,2.9,8.8,4.1,9.0,7A,Sports,7,,,,62.4,chess,,,,
251,Daniel Jones,2011,1,11,Male,10251,1.2,7.3,8.4,7.5,7C,Talent,7,drama,,,,,,,,
252,Donald Taylor,2010,10,12,Male,10252,8.1,4.4,1.5,8.1,8A,Scholar,8,,70-60-72,mathematics,,,,,,
253,Thomas Rodriguez,2009,9,7,Male,10253,2.0,1.1,4.6,6.4,9B,Talent,9,dance,,,,,,,,
254,Daniel Anderson,2010,5,11,Male,10254,9.2,0.4,5.3,8.3,8A,Sports,8,,,,79.8,cricket,,,,
255,Richard Anderson,2010,7,24,Male,10255,8.1,7.7,5.8,8.7,8A,Talent,8,singing,,,,,,,,
256,Andrew Moore,2006,5,18,Male,10256,5.8,3.0,7.4,7.2,12C,Sports,12,,,,96.6,cricket,,,,
257,Karen Miller,2006,6,16,Female,10257,1.0,1.4,5.9,9.4,12A,Talent,12,drama,,,,,,,,
258,James Davis,2006,12,1,Male,10258,3.4,1.8,0.4,6.5,12A,Scholar,12,,86-87-62,science,,,,,,
259,Michelle Johnson,2007,2,10,Female,10259,7.1,2.5,7.8,6.9,11B,Talent,11,drama,,,,,,,,
260,Sarah Moore,2011,11,17,Female,10260,1.7,2.1,4.0,7.3,7C,Talent,7,drama,,,,,,,,
261,Thomas Brown,2007,7,17,Male,10261,8.6,1.0,7.5,7.0,11B,Talent,11,dance,,,,,,,,
262,Andrew Gonzalez,2010,7,11,Male,10262,2.7,8.8,3.4,8.5,8A,Talent,8,singing,,,,,,,,
263,David Williams,2006,10,1,Male,10263,1.8,8.8,9.5,6.2,12B,Sports,12,,,,88.7,chess,,,,
264,Joseph Miller,2011,12,11,Male,10264,1.3,5.9,1.3,8.9,7B,Sports,7,,,,73.6,chess,,,,
265,Sandra Johnson,2008,12,15,Female,10265,5.2,0.8,5.7,8.6,10B,Scholar,10,,77-75-72,science,,,,,,
266,Mark Rodriguez,2008,2,9,Male,10266,4.1,4.1,0.8,6.4,10A,Sports,10,,,,55.5,chess,,,,
267,Samantha Johnson,2010,9,15,Female,10267,2.0,5.1,5.3,9.5,8A,Talent,8,dance,,,,,,,,
268,Daniel Davis,2008,4,11,Male,10268,2.8,8.9,6.8,9.0,10C,Scholar,10,,92-89-52,mathematics,,,,,,
269,Helen Thomas,2007,9,7,Female,10269,4.9,0.9,2.1,8.6,11B,Talent,11,singing,,,,,,,,
270,Sarah Hernandez,2010,6,19,Female,10270,7.3,9.1,3.5,8.7,8A,Talent,8,drama,,,,,,,,
271,Anna Davis,2006,1,7,Female,10271,6.0,4.2,1.5,7.6,12B,Scholar,12,,67-80-97,science,,,,,,
272,Donald Lopez,2011,11,4,Male,10272,1.3,8.9,5.7,6.5,7A,Scholar,7,,99-72-85,mathematics,,,,,,
273,Jennifer Moore,2008,5,4,Female,10273,8.1,1.3,3.2,7.0,10C,Scholar,10,,82-78-73,science,,,,,,
274,Anthony Miller,2007,1,25,Male,10274,4.2,3.0,2.7,8.0,11B,Scholar,11,,96-94-66,science,,,,,,
275,Steven Jackson,2011,8,27,Male,10275,5.0,0.3,5.2,9.7,7B,Scholar,7,,97-53-53,mathematics,,,,,,
276,Joseph Rodriguez,2012,11,25,Male,10276,3.7,9.3,3.7,7.3,6C,Talent,6,drama,,,,,,,,
277,Maria Rodriguez,2009,6,5,Female,10277,0.7,4.3,5.7,7.8,9B,Talent,9,drama,,,,,,,,
278,Christine Johnson,2012,11,15,Female,10278,3.9,0.1,1.6,6.2,6A,Talent,6,singing,,,,,,,,
279,Christine Williams,2008,5,25,Female,10279,2.5,4.3,3.2,9.1,10A,Scholar,10,,94-95-79,mathematics,,,,,,
280,Christine Jones,2006,3,22,Female,10280,7.8,7.8,2.1,9.3,12A,Scholar,12,,97-83-82,mathematics,,,,,,
281,David Thomas,2007,7,24,Male,10281,9.4,1.3,7.1,7.6,11C,Sports,11,,,,88.9,chess,,,,
282,Robert Lopez,2012,8,8,Male,10282,5.6,0.8,5.3,7.8,6B,Talent,6,singing,,,,,,,,
283,Elizabeth Brown,2012,1,4,Female,10283,1.5,3.6,7.9,8.3,6C,Talent,6,drama,,,,,,,,
284,Elizabeth Miller,2006,4,28,Female,10284,0.5,1.8,6.4,9.4,12A,Sports,12,,,,65.5,cricket,,,,
285,Mark Jones,2009,8,2,Male,10285,8.1,2.9,2.0,9.2,9B,Sports,9,,,,80.3,chess,,,,
286,Joseph Rodriguez,2010,3,3,Male,10286,6.8,3.2,5.0,7.2,8C,Talent,8,drama,,,,,,,,
287,Anna Martin,2006,12,3,Female,10287,6.2,2.3,4.6,8.9,12C,Scholar,12,,93-54-95,mathematics,,,,,,
288,Andrew Miller,2007,12,3,Male,10288,0.2,7.1,0.9,6.8,11C,Sports,11,,,,54.3,chess,,,,
289,Charles Wilson,2008,6,24,Male,10289,4.1,7.7,7.2,8.3,10B,Talent,10,drama,,,,,,,,
290,Susan Lopez,2009,6,6,Female,10290,7.5,0.8,2.9,9.7,9B,Sports,9,,,,56.7,chess,,,,
291,Andrew Anderson,2011,2,25,Male,10291,7.0,1.4,2.4,6.5,7A,Sports,7,,,,81.8,cricket,,,,
292,Samantha Johnson,2008,4,12,Female,10292,3.2,5.1,9.1,8.7,10C,Talent,10,singing,,,,,,,,
293,Barbara Moore,2010,9,14,Female,10293,9.0,5.9,0.9,9.2,8A,Scholar,8,,95-70-51,mathematics,,,,,,
294,Richard Jackson,2006,11,6,Male,10294,0.5,3.3,3.6,8.3,12B,Sports,12,,,,56.1,cricket,,,,
295,Anna Davis,2009,1,5,Female,10295,4.4,0.6,6.8,8.0,9A,Scholar,9,,83-93-74,science,,,,,,
296,Mark Smith,2010,3,23,Male,10296,6.7,5.2,5.5,6.3,8B,Talent,8,dance,,,,,,,,
297,Charles Hernandez,2012,11,23,Male,10297,0.0,0.1,8.0,8.3,6C,Scholar,6,,74-52-69,science,,,,,,
298,James Lopez,2006,3,6,Male,10298,3.5,4.3,5.2,8.8,12C,Talent,12,dance,,,,,,,,
299,William Jackson,2010,7,20,Male,10299,3.4,1.1,8.0,9.9,8A,Talent,8,dance,,,,,,,,
300,Charles Rodriguez,2011,4,16,Male,10300,3.2,5.8,0.9,6.4,7B,Sports,7,,,,97.0,cricket,,,,
301,Richard Miller,2011,3,9,Male,10301,9.2,3.7,8.5,7.0,7C,Scholar,7,,58-95-76,science,,,,,,
302,Susan Miller,2006,11,19,Female,10302,2.9,9.1,7.0,9.1,12C,Talent,12,dance,,,,,,,,
303,Linda Brown,2011,10,23,Female,10303,1.0,8.7,8.8,7.7,7C,Scholar,7,,54-65-76,mathematics,,,,,,
304,Samantha Smith,2008,12,9,Female,10304,6.6,1.6,1.4,8.9,10C,Talent,10,dance,,,,,,,,
305,Andrew Miller,2008,6,26,Male,10305,8.1,0.6,1.4,8.9,10A,Sports,10,,,,85.1,chess,,,,
306,Steven Smith,2010,2,28,Male,10306,7.7,2.5,3.3,6.1,8B,Talent,8,dance,,,,,,,,
307,David Anderson,2007,4,12,Male,10307,2.4,5.1,5.3,6.3,11A,Talent,11,singing,,,,,,,,
308,Michelle Taylor,2012,1,18,Female,10308,8.2,8.2,5.0,6.9,6C,Sports,6,,,,84.9,cricket,,,,
309,Sandra Davis,2011,11,28,Female,10309,7.4,0.7,4.2,9.4,7B,Talent,7,drama,,,,,,,,
310,Mark Martin,2012,11,2,Male,10310,1.7,7.8,1.1,8.2,6B,Talent,6,singing,,,,,,,,
311,Linda Jackson,2011,12,26,Female,10311,3.5,7.4,9.3,6.5,7A,Scholar,7,,64-65-83,science,,,,,,
312,Steven Martinez,2007,2,26,Male,10312,9.4,3.9,8.3,9.5,11B,Talent,11,drama,,,,,,,,
313,Jessica Hernandez,2007,3,2,Female,10313,2.6,2.9,1.7,6.8,11A,Scholar,11,,55-95-91,science,,,,,,
314,Patricia Moore,2006,7,25,Female,10314,2.6,5.0,8.6,9.1,12B,Sports,12,,,,95.8,cricket,,,,
315,Richard Lopez,2009,1,17,Male,10315,8.5,5.9,7.9,6.6,9C,Talent,9,singing,,,,,,,,
316,Steven Jones,2010,12,19,Male,10316,8.0,9.2,8.9,6.7,8B,Scholar,8,,64-58-82,mathematics,,,,,,
317,Susan Smith,2007,10,13,Female,10317,2.4,0.1,1.3,6.9,11A,Talent,11,dance,,,,,,,,
318,Robert Jones,2008,9,7,Male,10318,2.6,2.0,3.9,6.7,10A,Talent,10,drama,,,,,,,,
319,Samantha Jones,2006,6,19,Female,10319,0.7,6.5,1.8,8.0,12A,Sports,12,,,,84.9,cricket,,,,
320,Susan Gonzalez,2006,2,3,Female,10320,3.0,9.4,8.8,9.0,12C,Scholar,12,,77-57-52,mathematics,,,,,,
321,Christine Martin,2011,2,20,Female,10321,5.3,8.2,8.3,9.4,7B,Scholar,7,,97-64-74,science,,,,,,
322,Maria Garcia,2009,9,12,Female,10322,7.5,1.5,5.0,9.1,9A,Sports,9,,,,82.6,chess,,,,
323,Robert Rodriguez,2007,6,25,Male,10323,2.3,0.3,5.3,7.6,11B,Sports,11,,,,61.5,chess,,,,
324,Matthew Johnson,2012,9,1,Male,10324,4.4,9.1,9.3,8.9,6A,Talent,6,dance,,,,,,,,
325,David Jackson,2012,9,12,Male,10325,4.8,5.9,3.4,7.4,6B,Scholar,6,,84-53-56,mathematics,,,,,,
326,Emma Lopez,2012,5,8,Female,10326,2.5,7.0,7.6,7.7,6A,Scholar,6,,82-88-78,mathematics,,,,,,
327,Robert Jackson,2011,2,14,Male,10327,4.2,8.3,0.2,6.4,7A,Scholar,7,,62-61-77,science,,,,,,
328,Patricia Jackson,2008,6,6,Female,10328,4.5,7.2,6.6,9.8,10B,Scholar,10,,90-96-92,science,,,,,,
329,Paul Johnson,2010,4,12,Male,10329,2.4,4.3,7.5,9.5,8C,Scholar,8,,66-57-97,mathematics,,,,,,
330,Kenneth Lopez,2012,10,4,Male,10330,8.3,8.8,4.3,8.2,6C,Talent,6,singing,,,,,,,,
331,Mark Hernandez,2006,2,8,Male,10331,7.7,7.9,3.6,7.5,12C,Sports,12,,,,64.6,cricket,,,,
332,Matthew Rodriguez,2009,10,22,Male,10332,0.3,7.2,1.2,7.1,9A,Sports,9,,,,82.9,cricket,,,,
333,Mark Davis,2006,6,13,Male,10333,1.1,6.7,5.2,8.1,12C,Scholar,12,,68-59-69,mathematics,,,,,,
334,Michael Williams,2009,1,6,Male,10334,5.5,3.8,7.2,9.0,9B,Talent,9,drama,,,,,,,,
335,Susan Williams,2010,10,2,Female,10335,7.0,7.1,1.5,9.6,8B,Sports,8,,,,81.8,cricket,,,,
336,Linda Johnson,2006,8,8,Female,10336,8.2,4.2,4.6,9.9,12B,Talent,12,drama,,,,,,,,
337,Elizabeth Martinez,2012,8,17,Female,10337,7.7,7.6,9.4,9.5,6C,Talent,6,singing,,,,,,,,
338,Michelle Moore,2012,8,6,Female,10338,2.4,5.6,5.8,6.5,6C,Talent,6,dance,,,,,,,,
339,Emma Rodriguez,2008,3,28,Female,10339,8.7,7.5,6.6,8.0,10C,Talent,10,singing,,,,,,,,
340,Thomas Hernandez,2007,3,27,Male,10340,3.0,6.4,2.3,9.5,11C,Sports,11,,,,60.3,cricket,,,,
341,Sarah Anderson,2009,4,5,Female,10341,2.6,8.8,5.8,6.7,9B,Talent,9,singing,,,,,,,,
342,Sarah Garcia,2009,1,7,Female,10342,1.2,6.6,7.9,9.1,9A,Sports,9,,,,74.8,chess,,,,
343,Mary Jackson,2007,3,7,Female,10343,1.1,1.9,5.8,6.9,11B,Talent,11,dance,,,,,,,,
344,Michael Jackson,2012,8,13,Male,10344,5.0,9.0,2.6,8.9,6C,Sports,6,,,,78.1,chess,,,,
345,Kenneth Rodriguez,2011,11,3,Male,10345,4.1,6.7,2.0,9.1,7A,Scholar,7,,82-85-90,mathematics,,,,,,
346,Samantha Martinez,2009,11,22,Female,10346,0.3,8.7,9.5,6.5,9C,Talent,9,dance,,,,,,,,
347,Elizabeth Brown,2006,12,5,Female,10347,5.5,1.5,5.7,6.8,12C,Sports,12,,,,58.5,chess,,,,
348,Anna Gonzalez,2012,6,23,Female,10348,2.2,1.8,3.3,6.5,6B,Scholar,6,,98-66-86,science,,,,,,
349,Samantha Wilson,2010,7,22,Female,10349,4.4,7.1,5.9,7.3,8C,Sports,8,,,,55.5,chess,,,,
350,James Jones,2012,4,17,Male,10350,4.4,3.4,6.5,9.8,6B,Talent,6,drama,,,,,,,,
351,Elizabeth Jones,2012,2,24,Female,10351,1.9,5.4,2.2,7.1,6A,Talent,6,drama,,,,,,,,
352,Jessica Lopez,2011,6,4,Female,10352,7.5,5.0,3.1,7.9,7C,Sports,7,,,,67.1,chess,,,,
353,Jennifer Anderson,2010,4,18,Female,10353,6.2,0.7,9.3,6.2,8C,Talent,8,dance,,,,,,,,
354,Kenneth Jackson,2010,10,5,Male,10354,6.8,4.1,6.9,9.6,8C,Sports,8,,,,63.1,cricket,,,,
355,Helen Brown,2007,9,5,Female,10355,4.1,6.0,5.6,9.5,11A,Scholar,11,,65-95-96,mathematics,,,,,,
356,Daniel Lopez,2008,4,27,Male,10356,7.6,3.9,8.9,8.1,10A,Talent,10,dance,,,,,,,,
357,Mary Brown,2011,6,13,Female,10357,1.5,4.7,1.6,7.6,7C,Scholar,7,,76-84-79,science,,,,,,
358,Steven Anderson,2010,8,2,Male,10358,7.5,8.2,1.9,7.0,8C,Sports,8,,,,60.6,cricket,,,,
359,Kenneth Anderson,2011,7,23,Male,10359,7.0,2.0,2.7,7.7,7B,Talent,7,drama,,,,,,,,
360,Joseph Rodriguez,2009,12,15,Male,10360,6.5,5.4,6.2,8.7,9A,Sports,9,,,,73.3,cricket,,,,
361,John Williams,2012,8,26,Male,10361,5.3,7.4,9.3,8.3,6C,Sports,6,,,,54.0,cricket,,,,
362,Laura Rodriguez,2012,3,11,Female,10362,3.7,3.0,6.7,6.3,6C,Sports,6,,,,91.2,chess,,,,
363,Joseph Taylor,2011,7,11,Male,10363,2.5,5.6,8.0,6.5,7A,Talent,7,drama,,,,,,,,
364,William Miller,2008,9,11,Male,10364,4.9,2.0,7.0,7.7,10B,Sports,10,,,,65.4,cricket,,,,
365,Kenneth Smith,2007,2,10,Male,10365,8.8,4.7,5.0,6.7,11C,Sports,11,,,,87.2,cricket,,,,
366,Elizabeth Wilson,2011,6,8,Female,10366,5.2,6.2,3.3,9.8,7C,Talent,7,dance,,,,,,,,
367,Michelle Moore,2006,3,16,Female,10367,0.3,0.8,2.7,6.2,12A,Sports,12,,,,60.6,chess,,,,
368,Mark Smith,2006,6,11,Male,10368,1.4,5.3,9.5,8.1,12C,Scholar,12,,61-89-90,science,,,,,,
369,Maria Moore,2009,12,2,Female,10369,8.9,8.1,2.4,8.7,9C,Scholar,9,,86-77-58,mathematics,,,,,,
370,Susan Smith,2006,1,20,Female,10370,2.6,7.3,4.4,9.3,12A,Scholar,12,,53-69-66,mathematics,,,,,,
371,Paul Jackson,2006,3,20,Male,10371,4.8,9.1,0.2,6.5,12A,Talent,12,drama,,,,,,,,
372,Charles Wilson,2012,3,25,Male,10372,8.3,0.6,8.8,7.6,6B,Sports,6,,,,50.4,chess,,,,
373,Linda Miller,2007,7,20,Female,10373,6.4,1.7,1.6,6.5,11A,Sports,11,,,,54.5,chess,,,,
374,Lisa Thomas,2006,9,20,Female,10374,1.9,6.9,5.3,6.3,12A,Scholar,12,,54-50-62,science,,,,,,
375,William Johnson,2012,9,24,Male,10375,0.8,6.8,1.1,8.6,6A,Scholar,6,,65-66-97,science,,,,,,
376,Laura Johnson,2009,10,9,Female,10376,3.8,8.8,2.1,8.2,9B,Talent,9,drama,,,,,,,,
377,Robert Johnson,2007,7,18,Male,10377,5.9,1.8,0.6,7.3,11A,Talent,11,drama,,,,,,,,
378,David Williams,2007,6,21,Male,10378,9.3,6.3,3.7,9.8,11C,Scholar,11,,84-94-92,science,,,,,,
379,Michelle Gonzalez,2007,10,6,Female,10379,8.1,5.4,9.4,6.0,11C,Scholar,11,,91-62-66,mathematics,,,,,,
380,Patricia Miller,2006,10,7,Female,10380,6.5,6.1,8.8,8.0,12C,Talent,12,drama,,,,,,,,
381,George Wilson,2008,2,23,Male,10381,9.1,2.7,9.5,7.5,10A,Sports,10,,,,61.2,cricket,,,,
382,Daniel Brown,2009,11,19,Male,10382,8.5,9.4,1.0,7.1,9A,Scholar,9,,72-55-61,mathematics,,,,,,
383,Maria Martin,2009,7,22,Female,10383,3.2,0.2,6.2,7.8,9B,Talent,9,drama,,,,,,,,
384,Andrew Johnson,2008,9,24,Male,10384,6.8,1.8,4.4,6.4,10A,Sports,10,,,,53.8,cricket,,,,
385,Maria Martinez,2011,7,26,Female,10385,0.2,5.4,9.4,8.5,7C,Scholar,7,,72-81-72,science,,,,,,
386,Sandra Rodriguez,2007,4,11,Female,10386,6.2,8.2,2.8,9.1,11A,Scholar,11,,71-50-76,science,,,,,,
387,Lisa Lopez,2010,2,5,Female,10387,0.4,8.3,8.4,7.4,8A,Sports,8,,,,55.4,cricket,,,,
388,James Johnson,2006,6,27,Male,10388,4.3,9.2,2.5,6.1,12B,Sports,12,,,,75.8,chess,,,,
389,Michelle Lopez,2012,3,24,Female,10389,5.7,5.0,3.8,8.3,6A,Scholar,6,,89-70-98,science,,,,,,
390,Matthew Smith,2012,3,24,Male,10390,2.9,6.7,0.3,8.0,6A,Sports,6,,,,76.1,chess,,,,
391,Emma Wilson,2007,5,20,Female,10391,2.8,6.4,4.2,9.5,11A,Scholar,11,,82-50-85,science,,,,,,
392,James Gonzalez,2008,6,25,Male,10392,3.8,8.5,0.0,8.8,10A,Talent,10,singing,,,,,,,,
393,Jennifer Jones,2006,2,27,Female,10393,6.3,4.1,0.8,6.6,12A,Scholar,12,,67-67-77,mathematics,,,,,,
394,Karen Wilson,2011,5,9,Female,10394,3.8,3.6,8.0,9.5,7C,Scholar,7,,82-97-56,science,,,,,,
395,Mary Jackson,2007,7,9,Female,10395,4.6,7.7,1.3,7.3,11A,Talent,11,singing,,,,,,,,
396,Donald Williams,2008,9,16,Male,10396,9.3,8.8,7.3,8.9,10A,Sports,10,,,,87.9,cricket,,,,
397,Linda Hernandez,2008,10,9,Female,10397,9.2,3.5,4.7,6.5,10B,Talent,10,drama,,,,,,,,
398,Steven Taylor,2010,10,20,Male,10398,7.5,4.6,3.0,7.2,8C,Scholar,8,,68-86-68,science,,,,,,
399,Steven Thomas,2012,8,14,Male,10399,6.8,1.2,9.2,8.5,6B,Talent,6,dance,,,,,,,,
400,Matthew Gonzalez,2009,8,14,Male,10400,3.8,8.1,1.2,9.9,9B,Talent,9,singing,,,,,,,,
401,Maria Jackson,2007,6,19,Female,10401,8.2,3.5,9.4,6.8,11B,Scholar,11,,59-62-93,science,,,,,,
402,Emma Thomas,2007,9,25,Female,10402,6.6,3.7,3.3,6.4,11C,Scholar,11,,93-73-59,mathematics,,,,,,
403,David Gonzalez,2012,2,17,Male,10403,2.6,5.0,7.9,9.0,6B,Talent,6,drama,,,,,,,,
404,James Garcia,2008,5,28,Male,10404,1.0,9.5,7.1,6.8,10B,Scholar,10,,61-84-65,science,,,,,,
405,Laura Jackson,2012,3,1,Female,10405,8.4,3.0,5.8,7.8,6A,Talent,6,singing,,,,,,,,
406,Michael Martin,2008,11,9,Male,10406,0.3,0.8,7.6,8.0,10B,Talent,10,drama,,,,,,,,
407,Paul Gonzalez,2007,6,19,Male,10407,2.9,7.8,7.2,7.9,11A,Scholar,11,,89-57-88,science,,,,,,
408,Donald Davis,2007,3,23,Male,10408,7.5,1.4,6.8,9.4,11B,Talent,11,dance,,,,,,,,
409,Elizabeth Rodriguez,2009,11,10,Female,10409,8.8,3.3,7.3,8.9,9B,Scholar,9,,78-93-65,mathematics,,,,,,
410,Anthony Martinez,2007,5,20,Male,10410,3.4,8.6,7.9,7.6,11C,Sports,11,,,,64.9,chess,,,,
411,Steven Davis,2008,5,12,Male,10411,7.5,3.8,0.6,7.9,10A,Talent,10,drama,,,,,,,,
412,Karen Thomas,2009,1,13,Female,10412,6.5,4.1,2.0,9.8,9A,Scholar,9,,64-57-55,mathematics,,,,,,
413,George Taylor,2006,6,13,Male,10413,6.6,9.0,5.9,7.1,12A,Scholar,12,,82-83-63,science,,,,,,
414,Maria Smith,2012,2,10,Female,10414,3.7,9.3,3.7,8.5,6A,Talent,6,singing,,,,,,,,
415,Christine Lopez,2011,2,13,Female,10415,2.5,0.3,6.7,8.5,7A,Sports,7,,,,96.6,cricket,,,,
416,Paul Moore,2007,1,6,Male,10416,8.9,7.4,3.4,9.5,11B,Sports,11,,,,55.4,cricket,,,,
417,Elizabeth Thomas,2010,1,17,Female,10417,7.0,0.0,8.0,8.7,8C,Sports,8,,,,94.9,cricket,,,,
418,Sandra Moore,2011,1,15,Female,10418,5.4,8.8,6.0,6.9,7A,Sports,7,,,,69.6,chess,,,,
419,Donald Thomas,2007,3,27,Male,10419,9.3,7.2,6.1,10.0,11A,Sports,11,,,,81.2,chess,,,,
420,Jessica Davis,2007,5,2,Female,10420,2.7,8.3,6.6,8.7,11B,Talent,11,singing,,,,,,,,
421,Barbara Williams,2009,7,20,Female,10421,3.3,3.2,0.4,7.0,9B,Talent,9,dance,,,,,,,,
422,Barbara Johnson,2010,1,18,Female,10422,7.4,4.9,5.5,7.6,8B,Talent,8,singing,,,,,,,,
423,Christine Taylor,2010,7,27,Female,10423,3.1,5.2,1.9,6.7,8B,Scholar,8,,58-63-78,mathematics,,,,,,
424,Joseph Taylor,2008,1,10,Male,10424,8.4,0.6,8.9,7.4,10B,Sports,10,,,,51.3,chess,,,,
425,Jessica Hernandez,2007,12,4,Female,10425,3.3,0.1,9.5,8.9,11A,Talent,11,drama,,,,,,,,
426,Elizabeth Jackson,2009,5,6,Female,10426,8.2,9.3,7.2,9.6,9A,Sports,9,,,,82.3,chess,,,,
427,George Wilson,2011,7,22,Male,10427,9.2,0.9,5.4,9.8,7C,Talent,7,singing,,,,,,,,
428,James Johnson,2006,9,15,Male,10428,4.7,6.6,0.7,9.6,12A,Scholar,12,,60-91-87,mathematics,,,,,,
429,Maria Martin,2011,6,8,Female,10429,3.7,2.2,0.7,7.1,7C,Scholar,7,,94-88-55,mathematics,,,,,,
430,Karen Thomas,2011,7,27,Female,10430,9.1,9.0,4.2,8.6,7B,Sports,7,,,,79.2,chess,,,,
431,Daniel Thomas,2007,8,13,Male,10431,2.5,3.5,7.5,9.7,11A,Scholar,11,,70-57-63,science,,,,,,
432,John Anderson,2010,1,16,Male,10432,2.8,2.2,5.9,8.3,8B,Talent,8,dance,,,,,,,,
433,Steven Garcia,2008,10,11,Male,10433,9.2,0.5,4.7,6.9,10C,Scholar,10,,78-84-92,mathematics,,,,,,
434,Michael Thomas,2010,3,10,Male,10434,9.1,7.6,8.0,7.0,8A,Scholar,8,,51-94-53,science,,,,,,
435,Paul Jackson,2006,11,22,Male,10435,3.1,3.4,3.6,9.9,12C,Scholar,12,,83-88-52,mathematics,,,,,,
436,Steven Gonzalez,2010,8,23,Male,10436,4.2,7.9,1.0,6.0,8C,Talent,8,dance,,,,,,,,
437,Sarah Anderson,2008,5,11,Female,10437,2.2,7.1,2.1,8.3,10B,Scholar,10,,89-72-65,science,,,,,,
438,George Lopez,2012,9,19,Male,10438,8.1,6.4,7.7,8.2,6A,Talent,6,singing,,,,,,,,
439,Susan Davis,2007,4,15,Female,10439,7.2,0.5,2.3,8.5,11A,Talent,11,dance,,,,,,,,
440,Charles Smith,2010,12,16,Male,10440,8.1,6.5,2.1,8.7,8B,Talent,8,dance,,,,,,,,
441,Samantha Martinez,2007,2,13,Female,10441,7.5,7.4,4.4,7.0,11B,Sports,11,,,,87.5,cricket,,,,
442,Karen Davis,2010,6,19,Female,10442,6.6,8.7,6.7,8.6,8C,Sports,8,,,,80.3,cricket,,,,
443,Susan Williams,2006,11,4,Female,10443,7.3,0.4,9.2,6.6,12B,Sports,12,,,,60.8,cricket,,,,
444,Andrew Wilson,2008,1,25,Male,10444,5.3,2.7,6.9,8.7,10C,Scholar,10,,65-95-94,science,,,,,,
445,Thomas Lopez,2011,3,12,Male,10445,7.5,7.5,2.6,9.4,7C,Talent,7,dance,,,,,,,,
446,Emma Jackson,2008,3,24,Female,10446,8.9,3.6,4.0,9.8,10A,Scholar,10,,56-90-77,science,,,,,,
447,Michelle Brown,2009,3,1,Female,10447,1.9,1.0,4.4,6.8,9C,Talent,9,dance,,,,,,,,
448,Karen Lopez,2011,1,16,Female,10448,9.0,3.2,1.5,9.6,7B,Scholar,7,,69-99-69,science,,,,,,
449,George Jones,2012,10,17,Male,10449,6.5,8.9,0.8,9.4,6C,Talent,6,drama,,,,,,,,
450,Susan Anderson,2012,2,13,Female,10450,9.5,3.8,0.5,9.6,6B,Talent,6,singing,,,,,,,,
451,Michelle Hernandez,2006,10,4,Female,10451,2.6,8.4,7.9,7.0,12C,Talent,12,drama,,,,,,,,
452,Anthony Davis,2010,9,21,Male,10452,9.4,7.2,5.6,8.7,8A,Talent,8,dance,,,,,,,,
453,Richard Lopez,2008,3,7,Male,10453,3.1,5.8,6.6,9.6,10A,Talent,10,dance,,,,,,,,
454,Maria Brown,2010,2,23,Female,10454,4.6,0.0,1.5,6.1,8C,Sports,8,,,,68.7,chess,,,,
455,Jennifer Brown,2008,6,17,Female,10455,8.1,4.4,3.9,9.9,10C,Talent,10,dance,,,,,,,,
456,Samantha Thomas,2008,5,13,Female,10456,4.5,0.4,1.0,8.1,10A,Scholar,10,,55-91-72,science,,,,,,
457,Samantha Davis,2009,6,17,Female,10457,1.6,4.4,6.2,7.5,9A,Scholar,9,,94-50-62,mathematics,,,,,,
458,Barbara Jackson,2008,5,22,Female,10458,5.1,5.6,7.5,8.4,10A,Scholar,10,,70-82-66,mathematics,,,,,,
459,Helen Martin,2007,5,22,Female,10459,6.8,4.4,1.1,8.5,11C,Talent,11,singing,,,,,,,,
460,Paul Jones,2009,9,18,Male,10460,4.2,2.9,8.3,7.5,9A,Talent,9,drama,,,,,,,,
461,Michelle Smith,2010,12,6,Female,10461,8.9,8.1,4.0,9.8,8A,Talent,8,dance,,,,,,,,
462,Robert Rodriguez,2011,9,26,Male,10462,7.8,6.2,7.4,9.3,7B,Sports,7,,,,84.7,chess,,,,
463,Kenneth Gonzalez,2007,7,25,Male,10463,8.4,4.3,3.6,6.4,11A,Talent,11,singing,,,,,,,,
464,Barbara Jackson,2010,12,19,Female,10464,6.1,6.1,0.3,7.1,8A,Talent,8,dance,,,,,,,,
465,Elizabeth Brown,2008,6,8,Female,10465,4.4,4.8,7.5,7.7,10C,Talent,10,dance,,,,,,,,
466,John Gonzalez,2006,10,16,Male,10466,2.0,6.6,0.4,8.8,12B,Scholar,12,,60-90-87,mathematics,,,,,,
467,Elizabeth Moore,2011,5,16,Female,10467,1.8,4.6,4.0,6.1,7B,Scholar,7,,50-60-80,mathematics,,,,,,
468,Mary Wilson,2007,7,26,Female,10468,5.8,1.0,3.7,6.6,11B,Scholar,11,,57-84-66,mathematics,,,,,,
469,Linda Hernandez,2011,7,27,Female,10469,2.3,0.8,8.4,8.6,7A,Sports,7,,,,75.7,cricket,,,,
470,Christine Miller,2007,3,22,Female,10470,8.7,8.2,3.6,6.6,11C,Scholar,11,,95-72-55,science,,,,,,
471,John Anderson,2012,8,10,Male,10471,2.3,7.3,8.0,7.5,6C,Sports,6,,,,80.0,chess,,,,
472,Linda Williams,2008,5,22,Female,10472,4.0,4.5,0.3,9.9,10C,Sports,10,,,,72.0,cricket,,,,
473,Matthew Davis,2012,8,15,Male,10473,3.4,5.9,4.4,8.6,6B,Scholar,6,,97-91-55,mathematics,,,,,,
474,Kenneth Jackson,2011,3,16,Male,10474,3.4,6.0,6.7,8.9,7C,Scholar,7,,64-74-64,mathematics,,,,,,
475,Helen Thomas,2012,7,4,Female,10475,6.8,1.9,6.0,6.9,6C,Scholar,6,,79-63-79,mathematics,,,,,,
476,John Moore,2010,12,20,Male,10476,5.0,8.0,3.8,6.8,8C,Scholar,8,,59-60-61,science,,,,,,
477,Samantha Gonzalez,2010,9,23,Female,10477,2.3,9.1,6.5,9.2,8C,Sports,8,,,,67.9,chess,,,,
478,George Martinez,2012,9,12,Male,10478,0.7,0.5,1.7,8.9,6B,Talent,6,drama,,,,,,,,
479,Emma Lopez,2007,11,17,Female,10479,4.1,6.6,1.3,7.0,11A,Talent,11,drama,,,,,,,,
480,Elizabeth Martinez,2009,6,10,Female,10480,8.6,1.6,7.2,9.6,9C,Talent,9,dance,,,,,,,,
481,Daniel Moore,2008,6,6,Male,10481,1.9,8.0,2.6,9.0,10A,Sports,10,,,,61.6,chess,,,,
482,Andrew Jones,2008,9,14,Male,10482,1.2,3.1,4.3,10.0,10C,Scholar,10,,93-59-90,mathematics,,,,,,
483,Sarah Jackson,2011,3,23,Female,10483,2.2,2.5,7.4,6.3,7A,Talent,7,dance,,,,,,,,
484,Emma Martinez,2012,6,15,Female,10484,6.5,0.7,8.3,7.1,6C,Scholar,6,,76-87-64,science,,,,,,
485,Andrew Moore,2009,9,13,Male,10485,8.7,8.7,6.7,9.6,9B,Scholar,9,,94-63-59,science,,,,,,
486,Paul Wilson,2010,5,5,Male,10486,6.2,8.6,6.6,7.2,8B,Sports,8,,,,61.8,cricket,,,,
487,Anthony Martinez,2009,5,20,Male,10487,3.9,7.6,2.9,9.2,9A,Sports,9,,,,51.7,cricket,,,,
488,Elizabeth Wilson,2009,2,7,Female,10488,1.5,8.3,8.1,7.7,9C,Talent,9,drama,,,,,,,,
489,Matthew Martinez,2011,8,21,Male,10489,1.2,5.1,3.3,7.1,7C,Sports,7,,,,93.7,chess,,,,
490,Linda Thomas,2007,8,28,Female,10490,7.2,3.8,1.5,8.9,11C,Scholar,11,,68-57-84,mathematics,,,,,,
491,Barbara Moore,2006,5,1,Female,10491,8.3,7.9,1.9,9.8,12A,Scholar,12,,87-77-95,mathematics,,,,,,
492,Michelle Wilson,2009,10,14,Female,10492,6.2,3.5,1.3,8.6,9A,Sports,9,,,,82.8,cricket,,,,
493,Maria Garcia,2011,2,13,Female,10493,5.7,8.1,1.5,7.5,7C,Sports,7,,,,53.8,chess,,,,
494,Sandra Thomas,2010,4,27,Female,10494,1.1,2.0,7.1,6.5,8A,Scholar,8,,90-87-53,mathematics,,,,,,
495,Richard Rodriguez,2011,9,3,Male,10495,8.6,6.0,0.2,6.7,7C,Scholar,7,,85-75-76,science,,,,,,
496,Michael Taylor,2008,8,2,Male,10496,4.4,7.3,7.0,8.2,10A,Sports,10,,,,77.9,chess,,,,
497,Susan Jones,2012,9,21,Female,10497,2.7,2.0,2.1,9.7,6B,Sports,6,,,,93.2,cricket,,,,
498,Anna Gonzalez,2006,4,25,Female,10498,1.8,0.2,2.2,6.3,12C,Talent,12,dance,,,,,,,,
499,Daniel Johnson,2012,7,9,Male,10499,3.2,5.1,9.0,7.2,6A,Scholar,6,,53-59-52,mathematics,,,,,,
500,Charles Williams,2010,7,27,Male,10500,7.7,0.1,7.7,8.3,8B,Sports,8,,,,76.5,chess,,,,
501,Charles Martinez,2006,12,2,Male,10501,4.4,2.0,0.2,10.0,12A,Sports,12,,,,92.8,cricket,,,,
502,Laura Williams,2007,8,12,Female,10502,2.6,7.9,3.5,9.6,11A,Sports,11,,,,75.1,chess,,,,
503,Donald Davis,2010,11,26,Male,10503,8.1,0.9,2.5,7.8,8C,Sports,8,,,,73.0,cricket,,,,
504,Anna Williams,2012,4,21,Female,10504,1.1,4.5,1.6,8.4,6C,Talent,6,singing,,,,,,,,
505,Kenneth Hernandez,2010,1,12,Male,10505,2.5,1.5,8.9,7.4,8A,Talent,8,singing,,,,,,,,
506,Donald Smith,2010,6,27,Male,10506,9.5,6.1,7.8,6.6,8B,Sports,8,,,,61.2,cricket,,,,
507,James Wilson,2007,1,12,Male,10507,0.2,2.4,4.0,7.9,11B,Scholar,11,,94-63-90,science,,,,,,
508,Jennifer Brown,2009,10,26,Female,10508,7.5,0.8,4.7,8.5,9B,Scholar,9,,55-88-69,science,,,,,,
509,Barbara Moore,2010,9,14,Female,10509,7.3,5.9,5.2,9.6,8B,Sports,8,,,,58.3,chess,,,,
510,Mark Martin,2009,6,4,Male,10510,1.5,6.4,5.2,8.5,9C,Talent,9,drama,,,,,,,,
511,Joseph Garcia,2009,6,7,Male,10511,8.4,1.0,6.8,8.9,9B,Talent,9,dance,,,,,,,,
512,Andrew Davis,2006,7,20,Male,10512,3.7,1.2,5.0,7.1,12A,Scholar,12,,57-81-93,science,,,,,,
513,Christine Jackson,2007,4,9,Female,10513,8.9,5.3,0.3,7.4,11A,Talent,11,dance,,,,,,,,
514,Lisa Lopez,2008,3,6,Female,10514,6.1,4.2,8.1,9.3,10B,Scholar,10,,60-52-60,science,,,,,,
515,Anna Anderson,2010,4,10,Female,10515,4.1,6.2,6.4,8.6,8A,Talent,8,dance,,,,,,,,
516,Paul Davis,2011,7,6,Male,10516,3.4,6.3,4.7,7.1,7C,Scholar,7,,62-80-90,mathematics,,,,,,
517,Michelle Smith,2007,7,15,Female,10517,7.8,7.6,5.5,6.5,11B,Talent,11,singing,,,,,,,,
518,Jessica Martinez,2009,10,8,Female,10518,1.9,4.6,2.4,8.1,9A,Sports,9,,,,71.0,cricket,,,,
519,Elizabeth Garcia,2006,7,2,Female,10519,2.8,2.1,7.6,9.3,12C,Talent,12,dance,,,,,,,,
520,Sandra Miller,2011,7,12,Female,10520,2.0,7.4,5.1,8.2,7C,Scholar,7,,62-53-93,science,,,,,,
521,Charles Williams,2006,4,16,Male,10521,4.3,2.4,6.7,7.2,12B,Talent,12,drama,,,,,,,,
522,Jennifer Taylor,2006,6,4,Female,10522,0.1,7.4,6.0,9.3,12A,Scholar,12,,98-94-67,mathematics,,,,,,
523,John Martinez,2010,4,15,Male,10523,6.1,1.7,0.8,9.3,8B,Talent,8,singing,,,,,,,,
524,Patricia Davis,2012,3,8,Female,10524,9.2,4.2,4.6,7.9,6C,Scholar,6,,51-79-64,mathematics,,,,,,
525,Barbara Smith,2008,9,12,Female,10525,9.1,0.5,5.5,9.2,10B,Talent,10,dance,,,,,,,,
526,Donald Hernandez,2009,9,2,Male,10526,6.4,1.8,9.1,8.8,9C,Scholar,9,,79-96-68,mathematics,,,,,,
527,Karen Jones,2006,11,2,Female,10527,5.3,7.2,2.9,9.0,12C,Scholar,12,,88-78-61,science,,,,,,
528,Susan Johnson,2009,4,2,Female,10528,8.1,4.0,3.4,9.0,9C,Sports,9,,,,67.3,cricket,,,,
529,George Garcia,2011,3,4,Male,10529,2.0,8.5,5.6,8.0,7C,Sports,7,,,,58.9,chess,,,,
530,Matthew Moore,2008,9,4,Male,10530,0.0,8.8,3.0,6.5,10A,Scholar,10,,85-61-57,science,,,,,,
531,Lisa Williams,2007,4,2,Female,10531,3.4,1.6,1.5,7.9,11A,Talent,11,dance,,,,,,,,
532,Jessica Martinez,2011,1,19,Female,10532,2.6,6.1,7.5,8.2,7A,Sports,7,,,,80.3,cricket,,,,
533,James Hernandez,2009,3,21,Male,10533,2.0,7.0,3.9,6.6,9A,Scholar,9,,57-84-99,mathematics,,,,,,
534,Kenneth Lopez,2008,9,9,Male,10534,7.3,3.0,4.4,8.9,10B,Sports,10,,,,67.3,cricket,,,,
535,Sandra Anderson,2008,11,16,Female,10535,3.4,7.0,8.2,9.6,10A,Talent,10,dance,,,,,,,,
536,Patricia Davis,2009,2,24,Female,10536,6.4,3.8,5.1,7.4,9B,Talent,9,drama,,,,,,,,
537,Richard Moore,2012,6,19,Male,10537,2.1,8.6,5.0,7.1,6C,Sports,6,,,,51.9,cricket,,,,
538,Barbara Taylor,2010,3,12,Female,10538,2.9,4.0,4.8,7.4,8C,Talent,8,drama,,,,,,,,
539,Paul Jones,2009,2,4,Male,10539,7.2,2.3,0.0,8.3,9A,Talent,9,drama,,,,,,,,
540,Samantha Garcia,2012,6,16,Female,10540,8.9,2.3,1.9,9.9,6C,Talent,6,singing,,,,,,,,
541,Robert Rodriguez,2008,1,7,Male,10541,3.0,2.6,3.9,8.7,10C,Scholar,10,,64-54-74,mathematics,,,,,,
542,Mary Brown,2007,12,28,Female,10542,7.7,2.9,3.4,8.9,11C,Talent,11,drama,,,,,,,,
543,Charles Williams,2011,4,4,Male,10543,7.0,5.5,9.4,7.1,7B,Talent,7,singing,,,,,,,,
544,Michael Jackson,2009,10,14,Male,10544,5.4,5.1,1.8,8.2,9A,Sports,9,,,,61.9,chess,,,,
545,James Williams,2008,3,19,Male,10545,0.7,6.5,0.5,9.0,10B,Sports,10,,,,94.4,cricket,,,,
546,Richard Gonzalez,2010,2,14,Male,10546,7.9,0.6,4.8,9.4,8C,Sports,8,,,,77.6,cricket,,,,
547,Emma Jones,2008,5,2,Female,10547,7.1,9.4,1.8,8.4,10B,Scholar,10,,70-67-91,mathematics,,,,,,
548,Lisa Smith,2006,11,16,Female,10548,6.3,9.5,3.2,6.9,12C,Talent,12,singing,,,,,,,,
549,Mary Lopez,2009,7,25,Female,10549,4.9,8.9,3.6,7.7,9C,Sports,9,,,,55.6,chess,,,,
550,James Williams,2011,3,27,Male,10550,8.8,8.0,8.7,6.9,7B,Sports,7,,,,57.2,chess,,,,
551,Kenneth Jones,2012,2,4,Male,10551,2.2,6.7,6.6,6.5,6C,Talent,6,drama,,,,,,,,
552,Joseph Thomas,2010,6,6,Male,10552,8.9,4.5,5.2,6.9,8B,Talent,8,singing,,,,,,,,
553,Susan Davis,2010,4,3,Female,10553,2.9,5.1,3.6,9.9,8A,Talent,8,drama,,,,,,,,
554,Thomas Thomas,2006,3,2,Male,10554,4.1,6.5,3.2,6.1,12C,Scholar,12,,53-83-92,science,,,,,,
555,Andrew Garcia,2006,6,26,Male,10555,1.5,9.0,8.5,9.3,12B,Sports,12,,,,68.1,chess,,,,
556,Donald Smith,2007,11,16,Male,10556,9.1,6.7,6.6,8.3,11A,Scholar,11,,93-93-100,mathematics,,,,,,
557,Thomas Smith,2009,3,23,Male,10557,3.7,3.6,9.4,6.7,9B,Scholar,9,,85-88-64,mathematics,,,,,,
558,Thomas Garcia,2007,4,11,Male,10558,9.3,3.3,0.1,9.2,11C,Talent,11,dance,,,,,,,,
559,Laura Williams,2012,1,24,Female,10559,0.2,4.1,3.2,6.4,6B,Sports,6,,,,66.6,cricket,,,,
560,Robert Martinez,2011,11,9,Male,10560,4.3,3.2,1.6,9.6,7C,Scholar,7,,86-52-63,mathematics,,,,,,
561,David Miller,2011,7,5,Male,10561,0.3,0.0,2.4,6.9,7A,Sports,7,,,,57.8,chess,,,,
562,Karen Gonzalez,2010,11,14,Female,10562,6.5,8.3,6.7,7.6,8A,Scholar,8,,81-72-94,science,,,,,,
563,Anthony Jones,2006,4,12,Male,10563,5.5,9.0,5.1,6.7,12B,Scholar,12,,83-54-83,science,,,,,,
564,Susan Moore,2010,10,11,Female,10564,6.9,2.4,3.6,8.6,8A,Talent,8,singing,,,,,,,,
565,Richard Rodriguez,2012,2,15,Male,10565,9.0,0.2,6.2,6.8,6A,Scholar,6,,93-61-65,science,,,,,,
566,Helen Anderson,2008,1,27,Female,10566,8.3,9.4,7.6,6.5,10A,Talent,10,drama,,,,,,,,
567,Kenneth Gonzalez,2012,1,12,Male,10567,7.4,0.0,5.8,6.0,6C,Sports,6,,,,80.1,cricket,,,,
568,Barbara Wilson,2011,9,7,Female,10568,1.1,6.9,6.5,8.0,7A,Scholar,7,,66-51-72,mathematics,,,,,,
569,Emma Davis,2007,5,21,Female,10569,4.5,7.7,7.2,6.5,11A,Scholar,11,,89-99-62,science,,,,,,
570,Paul Williams,2008,3,16,Male,10570,2.5,8.8,4.9,6.4,10C,Sports,10,,,,85.6,chess,,,,
571,Donald Miller,2008,4,21,Male,10571,5.0,1.7,9.5,10.0,10B,Scholar,10,,61-86-89,mathematics,,,,,,
572,Charles Taylor,2007,6,7,Male,10572,3.6,3.4,2.8,9.2,11C,Talent,11,singing,,,,,,,,
573,Lisa Wilson,2010,6,23,Female,10573,8.3,6.3,2.7,7.3,8A,Talent,8,singing,,,,,,,,
574,Anthony Martinez,2006,12,1,Male,10574,3.2,1.5,9.0,8.9,12B,Scholar,12,,59-66-97,science,,,,,,
575,Charles Hernandez,2010,7,19,Male,10575,5.9,5.2,1.9,8.5,8B,Scholar,8,,58-98-69,science,,,,,,
576,Anthony Brown,2007,12,2,Male,10576,8.2,8.7,4.3,8.5,11C,Sports,11,,,,86.7,cricket,,,,
577,Laura Moore,2007,10,26,Female,10577,7.3,1.8,0.6,9.1,11C,Scholar,11,,76-79-54,mathematics,,,,,,
578,George Davis,2007,5,26,Male,10578,1.9,9.0,0.6,8.6,11A,Sports,11,,,,70.5,cricket,,,,
579,Robert Gonzalez,2008,1,27,Male,10579,3.6,2.1,0.4,8.8,10B,Sports,10,,,,75.0,chess,,,,
580,Thomas Martinez,2010,9,11,Male,10580,0.4,1.3,3.0,6.4,8B,Sports,8,,,,73.7,chess,,,,
581,Maria Jackson,2010,12,9,Female,10581,8.7,8.1,7.2,9.6,8A,Scholar,8,,91-65-63,science,,,,,,
582,Robert Martinez,2006,10,17,Male,10582,2.2,1.3,5.7,7.4,12C,Sports,12,,,,74.9,cricket,,,,
583,William Rodriguez,2006,6,2,Male,10583,7.9,8.4,3.7,6.8,12C,Talent,12,dance,,,,,,,,
584,Laura Lopez,2012,1,15,Female,10584,1.2,3.3,6.7,9.4,6A,Sports,6,,,,97.6,cricket,,,,
585,Susan Smith,2012,8,7,Female,10585,6.7,1.6,7.5,7.4,6B,Talent,6,singing,,,,,,,,
586,John Jackson,2009,4,18,Male,10586,9.1,2.0,8.6,9.5,9B,Sports,9,,,,58.2,cricket,,,,
587,John Hernandez,2012,3,11,Male,10587,5.9,3.6,1.8,6.4,6B,Sports,6,,,,53.4,cricket,,,,
588,Jennifer Martin,2006,10,17,Female,10588,6.5,4.9,2.0,9.9,12B,Sports,12,,,,74.4,chess,,,,
589,David Jackson,2012,9,21,Male,10589,6.9,1.4,6.6,6.9,6C,Scholar,6,,56-66-65,mathematics,,,,,,
590,Richard Johnson,2007,11,10,Male,10590,6.1,2.2,9.1,6.8,11A,Scholar,11,,60-89-89,science,,,,,,
591,Elizabeth Gonzalez,2010,11,11,Female,10591,0.1,1.5,7.2,6.5,8C,Scholar,8,,51-75-74,mathematics,,,,,,
592,Anna Wilson,2008,4,25,Female,10592,8.4,4.5,5.1,7.0,10C,Sports,10,,,,81.2,chess,,,,
593,Jessica Rodriguez,2008,1,9,Female,10593,7.2,4.0,1.5,9.6,10A,Sports,10,,,,85.0,chess,,,,
594,David Martinez,2010,7,19,Male,10594,1.7,7.2,4.3,7.7,8B,Talent,8,singing,,,,,,,,
595,Linda Williams,2012,9,27,Female,10595,3.6,5.0,0.8,9.1,6B,Scholar,6,,82-54-65,science,,,,,,
596,Elizabeth Smith,2012,10,25,Female,10596,9.1,5.7,7.7,9.4,6A,Sports,6,,,,65.6,cricket,,,,
597,Michael Taylor,2011,6,24,Male,10597,3.1,0.5,3.5,7.9,7B,Sports,7,,,,86.3,cricket,,,,
598,Susan Lopez,2006,2,13,Female,10598,0.8,1.5,4.9,9.0,12C,Sports,12,,,,84.2,chess,,,,
599,David Taylor,2007,4,15,Male,10599,5.8,1.6,1.1,7.1,11C,Scholar,11,,65-65-53,mathematics,,,,,,
600,Elizabeth Wilson,2006,9,26,Female,10600,6.3,3.3,7.8,9.7,12A,Talent,12,drama,,,,,,,,
601,Barbara Johnson,2006,3,11,Female,10601,7.6,8.5,6.4,6.9,12B,Scholar,12,,71-68-77,science,,,,,,
602,Susan Brown,2011,12,21,Female,10602,7.2,1.5,2.7,8.2,7A,Talent,7,singing,,,,,,,,
603,Anthony Garcia,2009,5,28,Male,10603,3.7,4.7,4.2,10.0,9C,Sports,9,,,,91.9,chess,,,,
604,David Johnson,2008,5,27,Male,10604,9.3,0.7,5.6,7.9,10C,Talent,10,singing,,,,,,,,
605,Michelle Martin,2010,1,25,Female,10605,6.9,3.4,6.2,6.8,8A,Talent,8,dance,,,,,,,,
606,Anna Davis,2007,5,22,Female,10606,4.3,4.5,7.6,8.9,11A,Talent,11,singing,,,,,,,,
607,Robert Lopez,2011,4,2,Male,10607,2.8,9.1,2.8,7.0,7B,Sports,7,,,,83.2,chess,,,,
608,Laura Jones,2009,4,25,Female,10608,9.1,1.2,7.2,6.5,9A,Talent,9,dance,,,,,,,,
609,Mary Davis,2006,9,8,Female,10609,1.9,3.2,2.0,6.9,12A,Scholar,12,,88-79-86,science,,,,,,
610,Sarah Miller,2011,1,27,Female,10610,3.6,3.0,8.7,7.0,7B,Scholar,7,,56-53-50,mathematics,,,,,,
611,Thomas Thomas,2012,11,21,Male,10611,3.9,3.5,4.1,9.6,6A,Talent,6,singing,,,,,,,,
612,Emma Jones,2011,11,6,Female,10612,9.3,4.4,3.1,6.1,7B,Sports,7,,,,94.1,chess,,,,
613,George Garcia,2007,9,5,Male,10613,3.3,8.1,1.9,6.1,11A,Scholar,11,,95-58-88,mathematics,,,,,,
614,Donald Miller,2011,11,14,Male,10614,8.3,1.7,0.4,9.4,7C,Talent,7,dance,,,,,,,,
615,John Williams,2011,10,8,Male,10615,9.4,7.1,4.0,7.8,7A,Talent,7,drama,,,,,,,,
616,Michelle Williams,2011,7,17,Female,10616,1.3,0.7,8.1,7.4,7A,Sports,7,,,,87.9,chess,,,,
617,Charles Williams,2010,5,24,Male,10617,7.2,4.8,1.0,8.2,8C,Talent,8,drama,,,,,,,,
618,Maria Jackson,2012,6,24,Female,10618,3.0,2.3,0.2,8.8,6B,Talent,6,dance,,,,,,,,
619,Robert Lopez,2010,11,16,Male,10619,5.7,9.3,8.5,10.0,8B,Sports,8,,,,69.8,cricket,,,,
620,James Gonzalez,2010,10,8,Male,10620,9.2,2.9,8.4,9.8,8C,Scholar,8,,84-87-71,mathematics,,,,,,
621,Andrew Anderson,2009,11,13,Male,10621,1.9,4.0,1.6,9.6,9B,Talent,9,drama,,,,,,,,
622,Charles Jackson,2008,7,13,Male,10622,3.5,4.6,0.2,8.8,10A,Talent,10,drama,,,,,,,,
623,Kenneth Rodriguez,2009,11,20,Male,10623,7.8,4.4,3.7,8.3,9B,Talent,9,drama,,,,,,,,
624,Helen Jones,2009,12,26,Female,10624,7.2,9.3,2.7,7.1,9B,Sports,9,,,,54.2,cricket,,,,
625,Daniel Hernandez,2007,8,17,Male,10625,8.0,5.2,2.6,6.7,11C,Talent,11,dance,,,,,,,,
626,Linda Thomas,2009,12,28,Female,10626,2.7,8.5,8.0,7.7,9A,Sports,9,,,,74.2,chess,,,,
627,Kenneth Garcia,2007,1,14,Male,10627,2.5,3.9,8.5,9.6,11A,Scholar,11,,83-86-66,mathematics,,,,,,
628,Karen Jackson,2008,7,25,Female,10628,0.1,9.1,2.4,6.9,10A,Talent,10,dance,,,,,,,,
629,Helen Smith,2006,3,20,Female,10629,0.2,1.5,2.0,7.2,12C,Scholar,12,,56-51-71,mathematics,,,,,,
630,Karen Johnson,2011,5,25,Female,10630,7.1,3.4,2.1,8.8,7C,Sports,7,,,,55.0,chess,,,,
631,Barbara Taylor,2007,11,21,Female,10631,3.4,2.1,2.3,9.5,11A,Talent,11,dance,,,,,,,,
632,Samantha Johnson,2006,8,20,Female,10632,3.3,1.4,7.1,6.9,12A,Scholar,12,,80-97-60,mathematics,,,,,,
633,Richard Thomas,2010,3,8,Male,10633,7.1,2.6,5.1,6.0,8C,Sports,8,,,,87.8,chess,,,,
634,Susan Hernandez,2011,12,7,Female,10634,9.0,2.5,0.1,7.8,7B,Scholar,7,,54-56-55,science,,,,,,
635,John Miller,2006,6,21,Male,10635,3.2,8.0,3.0,7.0,12B,Talent,12,drama,,,,,,,,
636,Maria Davis,2009,11,16,Female,10636,6.0,0.1,8.8,9.7,9B,Talent,9,dance,,,,,,,,
637,Sandra Davis,2010,11,3,Female,10637,5.4,3.6,0.8,8.5,8B,Scholar,8,,94-50-84,mathematics,,,,,,
638,Charles Johnson,2011,7,12,Male,10638,2.6,9.4,8.2,8.1,7A,Talent,7,dance,,,,,,,,
639,Sandra Jackson,2008,5,6,Female,10639,8.1,4.9,0.3,9.3,10B,Talent,10,dance,,,,,,,,
640,Susan Lopez,2007,8,8,Female,10640,6.4,3.8,0.3,9.6,11C,Scholar,11,,64-88-88,mathematics,,,,,,
641,Jennifer Thomas,2008,5,1,Female,10641,6.8,2.1,2.6,8.5,10A,Talent,10,singing,,,,,,,,
642,David Smith,2008,4,7,Male,10642,4.9,0.9,4.2,7.7,10C,Scholar,10,,99-87-81,mathematics,,,,,,
643,Samantha Miller,2008,5,19,Female,10643,7.1,7.3,1.9,8.8,10A,Talent,10,dance,,,,,,,,
644,George Rodriguez,2010,11,25,Male,10644,2.9,1.4,6.4,9.6,8C,Scholar,8,,66-68-64,science,,,,,,
645,Susan Gonzalez,2011,7,19,Female,10645,6.1,3.0,5.5,8.8,7B,Sports,7,,,,76.7,cricket,,,,
646,Helen Martinez,2006,3,5,Female,10646,9.2,5.0,0.5,7.9,12A,Talent,12,dance,,,,,,,,
647,Thomas Gonzalez,2009,7,1,Male,10647,3.9,4.7,8.7,8.1,9A,Sports,9,,,,86.0,cricket,,,,
648,Kenneth Jones,2011,12,15,Male,10648,2.9,3.0,2.4,7.0,7A,Scholar,7,,63-93-99,science,,,,,,
649,Steven Davis,2008,7,21,Male,10649,9.3,8.2,6.2,8.8,10B,Sports,10,,,,72.2,chess,,,,
650,Karen Wilson,2012,11,10,Female,10650,5.8,0.5,5.7,6.8,6A,Sports,6,,,,77.6,cricket,,,,
651,John Miller,2010,11,15,Male,10651,8.2,4.5,3.8,7.5,8A,Sports,8,,,,64.4,cricket,,,,
652,Steven Lopez,2007,12,3,Male,10652,3.2,5.0,0.6,9.5,11C,Talent,11,singing,,,,,,,,
653,Andrew Thomas,2010,8,8,Male,10653,1.5,6.9,6.8,8.2,8A,Sports,8,,,,71.6,cricket,,,,
654,Daniel Lopez,2007,11,25,Male,10654,0.6,2.6,5.0,7.0,11B,Sports,11,,,,92.7,chess,,,,
655,Paul Hernandez,2011,5,1,Male,10655,6.1,5.6,0.1,6.4,7A,Talent,7,singing,,,,,,,,
656,Thomas Davis,2006,12,1,Male,10656,0.4,7.4,7.3,9.8,12C,Sports,12,,,,81.6,chess,,,,
657,Jennifer Brown,2007,5,16,Female,10657,5.8,5.4,0.5,8.3,11A,Scholar,11,,60-96-94,mathematics,,,,,,
658,Richard Thomas,2010,8,23,Male,10658,0.4,2.9,0.6,10.0,8B,Talent,8,singing,,,,,,,,
659,Emma Williams,2006,3,24,Female,10659,5.8,0.2,8.1,7.5,12A,Talent,12,drama,,,,,,,,
660,Thomas Taylor,2012,7,25,Male,10660,0.8,0.7,1.5,9.2,6A,Sports,6,,,,58.0,chess,,,,
661,Richard Johnson,2010,7,5,Male,10661,2.5,0.5,7.0,7.9,8A,Talent,8,singing,,,,,,,,
662,Richard Rodriguez,2012,2,9,Male,10662,3.4,0.5,0.1,6.7,6B,Talent,6,dance,,,,,,,,
663,Michelle Jones,2011,5,24,Female,10663,8.6,8.2,1.2,8.8,7B,Sports,7,,,,66.0,cricket,,,,
664,Michelle Miller,2009,5,1,Female,10664,2.2,4.5,2.9,9.8,9C,Scholar,9,,62-84-65,science,,,,,,
665,Mark Jones,2009,10,9,Male,10665,7.2,6.4,3.3,7.9,9C,Talent,9,dance,,,,,,,,
666,Samantha Johnson,2007,2,28,Female,10666,5.8,1.2,1.0,8.7,11A,Scholar,11,,100-68-77,mathematics,,,,,,
667,Karen Lopez,2011,1,2,Female,10667,1.9,0.1,0.9,7.1,7C,Sports,7,,,,82.9,cricket,,,,
668,Linda Brown,2006,12,8,Female,10668,2.4,5.2,1.3,7.2,12C,Talent,12,dance,,,,,,,,
669,Michelle Anderson,2009,3,23,Female,10669,4.3,9.0,2.7,8.2,9B,Talent,9,dance,,,,,,,,
670,Lisa Martin,2007,11,16,Female,10670,7.2,0.1,5.1,8.4,11A,Sports,11,,,,85.5,chess,,,,
671,Paul Martin,2006,11,12,Male,10671,8.8,2.6,7.1,9.6,12A,Scholar,12,,58-55-72,mathematics,,,,,,
672,Patricia Rodriguez,2009,11,24,Female,10672,7.0,3.3,9.4,8.9,9B,Talent,9,drama,,,,,,,,
673,Christine Gonzalez,2010,4,21,Female,10673,6.7,4.7,6.8,6.7,8C,Scholar,8,,85-58-96,mathematics,,,,,,
674,Jennifer Gonzalez,2009,9,6,Female,10674,7.3,3.5,4.7,9.8,9B,Scholar,9,,55-50-74,science,,,,,,
675,Daniel Moore,2012,8,10,Male,10675,5.6,2.4,6.3,8.0,6C,Talent,6,drama,,,,,,,,
676,George Martinez,2007,7,5,Male,10676,2.3,6.3,5.5,9.1,11B,Talent,11,drama,,,,,,,,
677,Matthew Davis,2010,3,28,Male,10677,5.3,6.3,2.3,7.1,8A,Scholar,8,,63-79-82,mathematics,,,,,,
678,Karen Martin,2011,1,25,Female,10678,2.9,6.1,1.2,9.8,7C,Talent,7,singing,,,,,,,,
679,Kenneth Martin,2008,7,6,Male,10679,8.2,1.8,6.6,6.2,10C,Scholar,10,,62-90-84,science,,,,,,
680,Sandra Gonzalez,2008,4,14,Female,10680,5.9,0.6,1.3,8.8,10A,Scholar,10,,50-73-79,science,,,,,,
681,Donald Jones,2006,3,22,Male,10681,0.8,8.5,2.6,8.9,12B,Scholar,12,,59-51-59,mathematics,,,,,,
682,Sandra Williams,2010,12,14,Female,10682,0.9,6.5,8.8,7.5,8C,Talent,8,dance,,,,,,,,
683,Patricia Rodriguez,2007,4,21,Female,10683,0.2,3.2,5.1,9.0,11A,Talent,11,singing,,,,,,,,
684,Sandra Brown,2011,7,17,Female,10684,1.3,1.1,2.0,7.4,7A,Talent,7,singing,,,,,,,,
685,Barbara Jackson,2011,7,5,Female,10685,2.8,0.2,3.5,6.6,7C,Scholar,7,,75-58-68,science,,,,,,
686,Barbara Martinez,2011,7,25,Female,10686,7.6,9.1,5.8,7.2,7A,Sports,7,,,,51.0,chess,,,,
687,Christine Jones,2008,3,13,Female,10687,2.9,6.5,5.3,7.8,10C,Sports,10,,,,66.0,cricket,,,,
688,John Jones,2006,2,14,Male,10688,7.3,1.1,6.0,7.7,12B,Talent,12,singing,,,,,,,,
689,William Williams,2009,12,8,Male,10689,8.9,7.4,3.3,6.6,9A,Talent,9,singing,,,,,,,,
690,Michelle Hernandez,2006,8,22,Female,10690,2.1,5.4,3.0,6.1,12B,Scholar,12,,78-75-94,mathematics,,,,,,
691,James Hernandez,2010,1,18,Male,10691,5.8,8.4,4.0,6.3,8C,Sports,8,,,,59.3,chess,,,,
692,Robert Davis,2008,6,1,Male,10692,9.0,1.0,3.1,8.9,10B,Sports,10,,,,71.3,cricket,,,,
693,Thomas Hernandez,2011,8,26,Male,10693,6.2,9.2,2.0,9.0,7C,Scholar,7,,67-79-89,science,,,,,,
694,Linda Hernandez,2010,5,5,Female,10694,3.2,6.4,6.9,9.0,8B,Talent,8,drama,,,,,,,,
695,Patricia Gonzalez,2006,12,8,Female,10695,3.6,1.6,7.5,6.7,12A,Talent,12,singing,,,,,,,,
696,David Thomas,2006,12,18,Male,10696,5.8,5.5,9.0,8.3,12A,Sports,12,,,,56.6,chess,,,,
697,Elizabeth Williams,2012,5,13,Female,10697,5.5,0.2,7.0,9.6,6A,Scholar,6,,72-50-57,science,,,,,,
698,Barbara Wilson,2006,4,3,Female,10698,4.4,4.8,4.9,6.9,12C,Talent,12,dance,,,,,,,,
699,Elizabeth Anderson,2007,9,16,Female,10699,5.9,0.5,4.4,6.3,11A,Sports,11,,,,81.8,cricket,,,,
700,Maria Wilson,2010,3,18,Female,10700,3.1,2.6,2.6,7.6,8B,Sports,8,,,,77.5,chess,,,,
701,Emma Martinez,2010,12,9,Female,10701,3.2,1.7,8.4,7.6,8A,Talent,8,singing,,,,,,,,
702,Mark Hernandez,2012,9,24,Male,10702,6.5,2.2,8.3,7.9,6B,Talent,6,drama,,,,,,,,
703,Thomas Jackson,2010,10,10,Male,10703,5.3,9.4,8.8,6.6,8A,Talent,8,drama,,,,,,,,
704,Anna Thomas,2011,6,17,Female,10704,8.7,8.4,7.8,8.4,7B,Scholar,7,,70-72-59,mathematics,,,,,,
705,Richard Jackson,2006,1,20,Male,10705,0.6,8.6,6.3,8.3,12C,Talent,12,drama,,,,,,,,
706,Sarah Martin,2012,7,3,Female,10706,8.3,5.8,4.4,6.6,6A,Sports,6,,,,80.0,cricket,,,,
707,Susan Rodriguez,2006,11,4,Female,10707,8.8,3.4,8.8,6.6,12B,Scholar,12,,93-91-78,science,,,,,,
708,Helen Rodriguez,2012,5,24,Female,10708,7.3,8.3,4.9,6.2,6B,Sports,6,,,,81.3,chess,,,,
709,Christine Garcia,2006,10,18,Female,10709,1.4,6.8,4.4,6.1,12B,Sports,12,,,,66.1,chess,,,,
710,Helen Smith,2007,6,26,Female,10710,6.6,0.2,0.5,7.2,11C,Scholar,11,,82-85-98,science,,,,,,
711,Michael Jackson,2006,12,18,Male,10711,5.8,3.8,5.3,6.5,12A,Talent,12,singing,,,,,,,,
712,Daniel Hernandez,2010,2,25,Male,10712,5.2,1.4,2.8,7.1,8B,Talent,8,drama,,,,,,,,
713,Joseph Miller,2011,2,9,Male,10713,0.3,0.6,3.4,6.8,7C,Scholar,7,,58-52-76,mathematics,,,,,,
714,Elizabeth Martinez,2007,11,19,Female,10714,9.4,3.7,0.2,6.0,11A,Talent,11,singing,,,,,,,,
715,Paul Moore,2006,6,27,Male,10715,8.3,2.5,8.9,10.0,12C,Scholar,12,,99-97-57,mathematics,,,,,,
716,David Rodriguez,2007,12,28,Male,10716,9.4,7.6,5.6,10.0,11B,Scholar,11,,80-61-69,mathematics,,,,,,
717,Mary Hernandez,2009,11,7,Female,10717,3.1,1.5,8.4,9.5,9B,Scholar,9,,89-76-67,mathematics,,,,,,
718,Thomas Miller,2010,1,15,Male,10718,8.7,5.9,9.4,8.5,8C,Talent,8,drama,,,,,,,,
719,Michael Williams,2007,8,8,Male,10719,3.9,1.2,4.7,7.2,11C,Sports,11,,,,89.4,cricket,,,,
720,Elizabeth Anderson,2007,5,20,Female,10720,5.3,7.0,1.6,7.0,11C,Sports,11,,,,68.1,cricket,,,,
721,Linda Moore,2011,6,25,Female,10721,7.8,2.1,6.4,6.3,7A,Scholar,7,,82-64-86,science,,,,,,
722,Donald Moore,2011,5,6,Male,10722,2.1,4.6,1.7,7.6,7C,Talent,7,dance,,,,,,,,
723,Emma Gonzalez,2012,9,18,Female,10723,9.1,5.5,7.2,7.1,6A,Sports,6,,,,60.1,cricket,,,,
724,Jennifer Miller,2007,7,4,Female,10724,5.8,0.7,7.5,8.5,11A,Talent,11,drama,,,,,,,,
725,Susan Hernandez,2007,4,20,Female,10725,0.7,4.5,2.4,9.2,11C,Scholar,11,,85-93-55,mathematics,,,,,,
726,Lisa Miller,2008,11,5,Female,10726,3.9,1.3,0.1,8.2,10A,Talent,10,dance,,,,,,,,
727,Maria Thomas,2011,8,1,Female,10727,0.2,3.3,3.2,9.4,7A,Scholar,7,,98-92-75,mathematics,,,,,,
728,John Martinez,2009,3,8,Male,10728,7.7,3.6,8.8,7.7,9B,Scholar,9,,59-51-94,science,,,,,,
729,Paul Miller,2008,7,7,Male,10729,8.4,5.5,2.8,6.1,10A,Scholar,10,,50-55-97,science,,,,,,
730,Paul Hernandez,2009,4,6,Male,10730,1.2,4.6,1.0,8.8,9A,Talent,9,dance,,,,,,,,
731,Thomas Davis,2011,7,17,Male,10731,3.1,6.5,2.9,6.9,7C,Talent,7,singing,,,,,,,,
732,Michelle Davis,2012,6,4,Female,10732,6.6,2.9,3.2,7.4,6C,Scholar,6,,86-100-91,science,,,,,,
733,Sarah Jackson,2011,5,3,Female,10733,7.5,1.0,6.3,6.6,7B,Talent,7,dance,,,,,,,,
734,Helen Jones,2012,4,2,Female,10734,5.3,4.0,0.7,7.4,6C,Sports,6,,,,59.0,cricket,,,,
735,James Rodriguez,2006,9,8,Male,10735,8.1,4.2,4.9,6.1,12B,Scholar,12,,91-53-96,mathematics,,,,,,
736,Mark Rodriguez,2006,4,17,Male,10736,0.7,8.8,1.6,7.6,12B,Talent,12,drama,,,,,,,,
737,Steven Miller,2006,2,13,Male,10737,3.1,7.3,2.1,8.9,12B,Sports,12,,,,86.6,cricket,,,,
738,Linda Smith,2009,6,20,Female,10738,4.9,5.4,6.5,9.9,9B,Sports,9,,,,87.8,chess,,,,
739,James Gonzalez,2006,5,3,Male,10739,2.8,6.1,4.4,7.8,12C,Talent,12,drama,,,,,,,,
740,Karen Rodriguez,2006,6,14,Female,10740,4.9,1.7,2.5,9.6,12B,Talent,12,drama,,,,,,,,
741,Joseph Wilson,2008,7,15,Male,10741,8.6,1.8,2.1,7.9,10A,Talent,10,singing,,,,,,,,
742,Richard Lopez,2006,8,4,Male,10742,3.0,6.9,7.8,7.9,12B,Talent,12,drama,,,,,,,,
743,Michael Rodriguez,2006,5,12,Male,10743,7.4,1.3,7.2,8.7,12A,Talent,12,dance,,,,,,,,
744,Elizabeth Smith,2011,10,12,Female,10744,9.0,5.9,7.6,6.3,7A,Talent,7,drama,,,,,,,,
745,Patricia Williams,2006,9,23,Female,10745,4.5,3.6,4.7,8.3,12B,Talent,12,drama,,,,,,,,
746,Steven Anderson,2006,5,7,Male,10746,3.2,6.9,1.3,8.4,12C,Scholar,12,,88-65-86,science,,,,,,
747,Christine Hernandez,2010,3,4,Female,10747,3.3,6.0,9.2,7.5,8C,Scholar,8,,58-94-92,science,,,,,,
748,Robert Moore,2012,2,6,Male,10748,2.4,4.7,0.9,8.6,6B,Sports,6,,,,86.3,chess,,,,
749,Joseph Rodriguez,2006,1,27,Male,10749,6.7,3.3,4.4,6.1,12B,Sports,12,,,,58.6,cricket,,,,
750,George Miller,2009,6,27,Male,10750,6.1,8.0,5.6,8.7,9B,Talent,9,drama,,,,,,,,
751,Karen Martin,2006,6,15,Female,10751,0.7,3.5,6.6,8.4,12C,Sports,12,,,,93.7,cricket,,,,
752,Donald Hernandez,2012,3,6,Male,10752,8.7,3.4,9.0,9.8,6C,Sports,6,,,,87.6,chess,,,,
753,Steven Martinez,2011,3,6,Male,10753,8.8,8.9,2.6,9.0,7A,Talent,7,singing,,,,,,,,
754,Richard Brown,2008,1,23,Male,10754,9.4,4.7,5.0,7.7,10B,Talent,10,singing,,,,,,,,
755,Maria Gonzalez,2011,8,16,Female,10755,7.7,6.2,0.5,7.8,7C,Talent,7,singing,,,,,,,,
756,Anna Davis,2012,4,19,Female,10756,4.9,2.6,1.8,6.2,6C,Sports,6,,,,72.5,chess,,,,
757,Steven Martin,2012,10,13,Male,10757,7.7,0.7,7.9,9.3,6C,Sports,6,,,,65.7,chess,,,,
758,Thomas Hernandez,2008,1,26,Male,10758,9.4,3.5,6.3,6.9,10A,Sports,10,,,,72.7,cricket,,,,
759,Sarah Miller,2009,9,28,Female,10759,0.5,5.6,9.4,9.4,9C,Scholar,9,,89-94-82,science,,,,,,
760,Andrew Smith,2012,5,14,Male,10760,5.3,0.8,1.9,6.5,6C,Talent,6,drama,,,,,,,,
761,Sandra Martin,2012,11,8,Female,10761,7.9,2.7,6.2,8.3,6B,Talent,6,dance,,,,,,,,
762,Steven Jones,2010,7,3,Male,10762,9.3,4.8,7.0,6.1,8A,Scholar,8,,50-92-70,science,,,,,,
763,Barbara Martin,2008,5,19,Female,10763,7.5,4.2,7.4,7.1,10B,Talent,10,drama,,,,,,,,
764,Mark Jones,2010,1,4,Male,10764,6.0,2.2,7.9,9.6,8A,Sports,8,,,,57.3,chess,,,,
765,Maria Jackson,2010,2,18,Female,10765,8.4,7.6,5.8,6.2,8C,Sports,8,,,,94.0,chess,,,,
766,Anthony Wilson,2008,12,3,Male,10766,7.3,6.3,4.3,7.9,10A,Talent,10,singing,,,,,,,,
767,Sarah Thomas,2008,8,3,Female,10767,0.4,1.8,2.2,7.7,10B,Scholar,10,,88-88-94,science,,,,,,
768,David Taylor,2012,10,2,Male,10768,0.3,5.6,4.1,8.8,6C,Scholar,6,,93-67-97,science,,,,,,
769,David Johnson,2010,5,2,Male,10769,5.2,2.2,5.2,8.2,8B,Sports,8,,,,63.4,chess,,,,
770,Helen Martin,2006,10,1,Female,10770,2.4,9.0,8.4,9.8,12C,Talent,12,dance,,,,,,,,
771,William Thomas,2010,4,25,Male,10771,4.6,8.5,8.3,7.4,8A,Scholar,8,,55-87-97,science,,,,,,
772,Maria Wilson,2009,9,7,Female,10772,5.3,4.4,3.2,8.5,9C,Talent,9,drama,,,,,,,,
773,Steven Johnson,2012,4,6,Male,10773,1.3,5.9,1.5,9.4,6B,Talent,6,dance,,,,,,,,
774,Daniel Gonzalez,2008,10,10,Male,10774,9.1,5.1,7.1,6.8,10B,Scholar,10,,79-82-82,mathematics,,,,,,
775,Sarah Taylor,2010,12,2,Female,10775,1.1,4.5,2.9,7.2,8C,Scholar,8,,98-68-52,mathematics,,,,,,
776,Matthew Garcia,2012,8,9,Male,10776,7.9,4.4,1.1,7.1,6C,Talent,6,dance,,,,,,,,
777,Mark Brown,2008,2,23,Male,10777,8.5,7.0,3.3,8.2,10B,Talent,10,dance,,,,,,,,
778,Kenneth Johnson,2009,3,12,Male,10778,8.9,2.3,6.9,7.1,9B,Sports,9,,,,78.0,chess,,,,
779,Helen Miller,2008,11,1,Female,10779,2.3,5.9,3.2,8.9,10C,Talent,10,dance,,,,,,,,
780,Barbara Jones,2010,11,3,Female,10780,8.9,5.7,4.7,6.1,8B,Scholar,8,,85-86-90,science,,,,,,
781,Daniel Jackson,2008,11,15,Male,10781,4.5,5.6,2.3,7.2,10C,Sports,10,,,,52.8,chess,,,,
782,Sarah Rodriguez,2007,10,3,Female,10782,0.2,2.6,5.2,9.8,11C,Sports,11,,,,87.3,cricket,,,,
783,James Taylor,2010,1,4,Male,10783,0.7,7.1,2.3,7.8,8C,Talent,8,singing,,,,,,,,
784,David Martin,2011,12,28,Male,10784,5.3,7.0,0.4,9.8,7C,Talent,7,drama,,,,,,,,
785,Andrew Davis,2010,6,23,Male,10785,7.4,1.5,4.0,8.6,8C,Talent,8,singing,,,,,,,,
786,Helen Wilson,2008,1,20,Female,10786,5.9,5.0,3.9,6.7,10C,Talent,10,singing,,,,,,,,
787,Helen Davis,2008,7,3,Female,10787,0.6,3.5,7.1,8.1,10C,Sports,10,,,,88.1,cricket,,,,
788,Michael Jones,2012,7,7,Male,10788,6.0,9.0,6.8,8.4,6A,Scholar,6,,92-56-63,mathematics,,,,,,
789,Anthony Jackson,2012,5,15,Male,10789,2.2,7.8,5.9,6.3,6A,Talent,6,singing,,,,,,,,
790,Sarah Davis,2012,5,22,Female,10790,1.9,7.0,7.4,6.6,6C,Scholar,6,,66-52-84,mathematics,,,,,,
791,Sandra Brown,2010,3,21,Female,10791,1.5,9.3,6.2,8.9,8B,Talent,8,singing,,,,,,,,
792,Robert Thomas,2008,1,26,Male,10792,0.2,0.8,8.9,8.2,10B,Sports,10,,,,89.9,chess,,,,
793,Barbara Gonzalez,2012,1,20,Female,10793,1.6,3.4,1.1,6.2,6B,Scholar,6,,73-63-76,science,,,,,,
794,Laura Moore,2010,9,28,Female,10794,7.0,8.3,8.3,6.7,8A,Scholar,8,,99-68-99,science,,,,,,
795,Anna Jackson,2012,11,12,Female,10795,3.8,4.4,7.3,8.6,6B,Scholar,6,,99-51-94,mathematics,,,,,,
796,Kenneth Moore,2011,1,22,Male,10796,4.8,5.2,8.1,8.5,7B,Talent,7,drama,,,,,,,,
797,Mark Gonzalez,2009,1,5,Male,10797,7.0,4.2,1.4,6.4,9A,Scholar,9,,94-79-92,science,,,,,,
798,Sarah Jackson,2009,1,14,Female,10798,7.7,0.6,2.0,7.8,9A,Talent,9,dance,,,,,,,,
799,James Martinez,2006,5,11,Male,10799,1.6,3.7,9.0,7.7,12A,Sports,12,,,,59.7,chess,,,,
800,Donald Lopez,2008,3,11,Male,10800,5.3,4.3,6.5,9.1,10C,Scholar,10,,82-50-68,science,,,,,,
801,Anna Davis,2006,6,12,Female,10801,2.8,2.4,0.5,7.9,12B,Talent,12,singing,,,,,,,,
802,Helen Garcia,2007,8,7,Female,10802,2.8,4.7,7.2,7.1,11B,Talent,11,singing,,,,,,,,
803,Helen Miller,2008,9,26,Female,10803,4.5,0.3,1.3,7.8,10B,Talent,10,drama,,,,,,,,
804,William Gonzalez,2008,4,26,Male,10804,6.5,8.7,0.4,10.0,10A,Talent,10,drama,,,,,,,,
805,Anna Martinez,2008,1,15,Female,10805,1.5,4.9,8.4,8.1,10A,Scholar,10,,89-66-53,science,,,,,,
806,Barbara Moore,2010,8,5,Female,10806,6.2,7.4,7.0,8.1,8C,Talent,8,singing,,,,,,,,
807,Susan Martin,2010,3,16,Female,10807,8.0,6.7,2.3,8.1,8B,Scholar,8,,84-54-74,mathematics,,,,,,
808,Mary Wilson,2010,11,17,Female,10808,5.8,4.0,2.9,6.9,8B,Talent,8,singing,,,,,,,,
809,Andrew Thomas,2012,12,11,Male,10809,6.2,7.7,7.7,7.8,6C,Sports,6,,,,78.4,cricket,,,,
810,Steven Brown,2010,3,5,Male,10810,5.6,5.2,6.6,6.3,8B,Scholar,8,,60-66-90,mathematics,,,,,,
811,Patricia Williams,2008,6,27,Female,10811,2.8,3.4,4.5,8.1,10C,Scholar,10,,82-60-92,mathematics,,,,,,
812,Jessica Moore,2012,3,9,Female,10812,5.8,5.9,3.3,8.8,6C,Sports,6,,,,70.9,cricket,,,,
813,Elizabeth Jones,2012,2,19,Female,10813,1.8,0.0,3.4,9.8,6B,Scholar,6,,52-93-66,mathematics,,,,,,
814,Mark Brown,2009,7,5,Male,10814,8.6,3.0,2.4,9.8,9B,Sports,9,,,,60.2,chess,,,,
815,Thomas Gonzalez,2008,12,28,Male,10815,5.0,2.8,0.3,8.0,10C,Talent,10,singing,,,,,,,,
816,William Moore,2007,12,23,Male,10816,7.4,4.0,4.6,7.3,11B,Sports,11,,,,85.3,chess,,,,
817,Mark Wilson,2009,7,10,Male,10817,0.0,7.1,3.3,6.5,9C,Talent,9,dance,,,,,,,,
818,Patricia Gonzalez,2007,4,26,Female,10818,6.3,3.9,0.1,9.0,11B,Sports,11,,,,76.3,chess,,,,
819,Michael Rodriguez,2012,10,18,Male,10819,5.6,7.1,2.3,6.4,6B,Scholar,6,,77-66-82,science,,,,,,
820,Susan Anderson,2011,6,20,Female,10820,1.6,6.5,3.4,8.6,7B,Talent,7,dance,,,,,,,,
821,George Davis,2007,5,1,Male,10821,5.6,0.6,9.2,9.5,11C,Scholar,11,,55-53-65,mathematics,,,,,,
822,Sarah Anderson,2007,10,5,Female,10822,3.0,2.3,4.4,6.7,11A,Scholar,11,,73-70-95,science,,,,,,
823,Sarah Martin,2008,2,7,Female,10823,0.9,7.3,8.8,6.9,10C,Scholar,10,,80-81-56,science,,,,,,
824,Barbara Hernandez,2006,6,20,Female,10824,3.9,9.2,9.2,6.5,12C,Scholar,12,,65-98-78,mathematics,,,,,,
825,John Jones,2010,10,16,Male,10825,0.8,5.9,8.3,8.9,8C,Sports,8,,,,55.4,chess,,,,
826,George Lopez,2009,7,26,Male,10826,4.2,0.3,8.5,8.8,9A,Scholar,9,,55-55-51,mathematics,,,,,,
827,Daniel Miller,2006,4,15,Male,10827,7.1,4.3,4.6,7.4,12B,Sports,12,,,,60.2,cricket,,,,
828,Robert Rodriguez,2009,9,16,Male,10828,8.1,9.1,6.7,9.7,9C,Talent,9,singing,,,,,,,,
829,Emma Smith,2006,10,19,Female,10829,3.8,0.2,3.9,7.9,12C,Talent,12,singing,,,,,,,,
830,Donald Gonzalez,2011,2,2,Male,10830,0.4,5.7,4.1,7.2,7A,Scholar,7,,71-67-70,science,,,,,,
831,William Johnson,2006,3,8,Male,10831,7.5,7.9,1.7,7.1,12B,Sports,12,,,,70.9,cricket,,,,
832,Jessica Gonzalez,2007,11,12,Female,10832,9.1,7.2,7.5,9.0,11A,Talent,11,dance,,,,,,,,
833,Charles Thomas,2010,9,17,Male,10833,5.3,7.3,0.8,9.8,8C,Scholar,8,,79-84-98,mathematics,,,,,,
834,Sandra Gonzalez,2006,7,7,Female,10834,1.6,1.5,9.0,9.6,12C,Sports,12,,,,53.5,chess,,,,
835,Helen Thomas,2010,7,16,Female,10835,5.5,7.8,5.9,6.0,8C,Sports,8,,,,81.7,chess,,,,
836,David Garcia,2006,4,21,Male,10836,0.7,9.3,0.7,9.3,12B,Talent,12,singing,,,,,,,,
837,Linda Brown,2008,8,16,Female,10837,2.7,5.9,3.3,6.7,10B,Sports,10,,,,93.7,chess,,,,
838,Joseph Hernandez,2011,6,4,Male,10838,3.7,8.4,4.0,6.6,7C,Sports,7,,,,62.0,cricket,,,,
839,Richard Miller,2009,2,26,Male,10839,5.1,9.1,5.8,7.3,9A,Scholar,9,,85-74-57,mathematics,,,,,,
840,Michelle Anderson,2007,6,7,Female,10840,0.9,1.6,5.2,6.5,11A,Scholar,11,,98-60-81,science,,,,,,
841,Maria Johnson,2007,6,13,Female,10841,9.4,8.7,6.8,9.7,11A,Sports,11,,,,91.1,chess,,,,
842,Jennifer Smith,2007,7,11,Female,10842,0.3,0.7,4.0,7.0,11C,Scholar,11,,87-73-66,mathematics,,,,,,
843,Charles Lopez,2007,3,5,Male,10843,5.0,3.1,0.3,8.1,11B,Scholar,11,,54-61-56,science,,,,,,
844,Jennifer Martinez,2012,10,5,Female,10844,8.2,6.2,7.9,9.2,6B,Sports,6,,,,77.6,chess,,,,
845,Anna Jackson,2010,11,4,Female,10845,9.0,6.1,4.2,6.1,8A,Talent,8,drama,,,,,,,,
846,Mary Gonzalez,2009,9,24,Female,10846,6.4,9.4,5.2,9.1,9B,Sports,9,,,,86.4,cricket,,,,
847,Sarah Martinez,2011,12,17,Female,10847,6.9,8.2,4.6,7.1,7C,Sports,7,,,,77.7,chess,,,,
848,Steven Miller,2009,10,22,Male,10848,0.8,6.3,6.0,8.5,9C,Talent,9,drama,,,,,,,,
849,Jennifer Anderson,2011,4,3,Female,10849,7.6,7.1,0.4,6.5,7A,Scholar,7,,85-61-62,science,,,,,,
850,Karen Thomas,2006,9,28,Female,10850,1.1,4.0,7.2,7.9,12A,Scholar,12,,55-85-58,mathematics,,,,,,
851,David Miller,2012,9,20,Male,10851,2.1,5.3,3.4,8.9,6B,Sports,6,,,,57.3,cricket,,,,
852,Laura Smith,2009,7,11,Female,10852,5.2,8.6,9.3,9.2,9C,Sports,9,,,,63.3,chess,,,,
853,Mark Miller,2008,3,26,Male,10853,9.3,7.5,8.4,7.6,10A,Talent,10,singing,,,,,,,,
854,Jennifer Rodriguez,2006,1,15,Female,10854,5.5,4.2,3.5,7.9,12A,Scholar,12,,98-83-92,mathematics,,,,,,
855,Anna Miller,2009,1,10,Female,10855,7.8,3.2,7.0,9.2,9A,Scholar,9,,73-91-70,mathematics,,,,,,
856,Mary Miller,2012,12,7,Female,10856,1.4,7.5,1.2,8.7,6A,Scholar,6,,78-82-54,science,,,,,,
857,Jessica Smith,2009,3,8,Female,10857,7.6,1.1,6.7,8.1,9A,Scholar,9,,92-84-54,mathematics,,,,,,
858,Paul Martin,2012,4,20,Male,10858,0.1,5.1,6.0,7.8,6B,Scholar,6,,55-98-77,science,,,,,,
859,Kenneth Jones,2010,8,16,Male,10859,0.3,0.7,0.8,10.0,8C,Talent,8,singing,,,,,,,,
860,Emma Martin,2011,3,19,Female,10860,2.4,1.6,6.1,8.7,7C,Scholar,7,,78-55-79,science,,,,,,
861,Steven Martinez,2011,3,19,Male,10861,4.5,0.5,5.8,9.6,7A,Talent,7,drama,,,,,,,,
862,Daniel Taylor,2007,3,10,Male,10862,2.3,4.8,1.6,6.2,11C,Scholar,11,,68-62-66,science,,,,,,
863,Anthony Garcia,2009,3,19,Male,10863,4.9,5.0,6.6,7.4,9C,Sports,9,,,,50.2,cricket,,,,
864,Barbara Smith,2009,3,20,Female,10864,0.2,4.5,9.3,8.0,9B,Sports,9,,,,69.0,cricket,,,,
865,Steven Jones,2006,12,24,Male,10865,3.7,2.8,3.0,9.7,12C,Talent,12,drama,,,,,,,,
866,Sarah Martin,2012,4,23,Female,10866,7.9,2.6,4.4,9.6,6A,Talent,6,drama,,,,,,,,
867,Mark Martin,2008,6,8,Male,10867,4.2,2.7,1.9,9.3,10B,Scholar,10,,58-95-58,mathematics,,,,,,
868,Barbara Lopez,2012,11,10,Female,10868,7.2,3.1,8.5,9.0,6B,Talent,6,drama,,,,,,,,
869,John Moore,2007,3,11,Male,10869,4.3,7.0,6.3,9.9,11B,Talent,11,dance,,,,,,,,
870,David Garcia,2006,11,1,Male,10870,1.2,7.7,3.4,9.4,12A,Scholar,12,,94-68-65,science,,,,,,
871,Matthew Hernandez,2012,2,10,Male,10871,9.3,6.7,3.6,9.3,6A,Sports,6,,,,50.2,cricket,,,,
872,Michael Brown,2009,4,23,Male,10872,2.0,4.7,2.3,9.8,9A,Talent,9,singing,,,,,,,,
873,Karen Williams,2009,1,8,Female,10873,8.5,4.7,6.9,6.1,9C,Scholar,9,,57-89-51,science,,,,,,
874,Christine Hernandez,2009,7,18,Female,10874,0.9,2.3,2.8,8.3,9B,Sports,9,,,,93.4,chess,,,,
875,John Johnson,2011,2,4,Male,10875,7.7,0.5,7.5,7.8,7B,Scholar,7,,70-67-91,science,,,,,,
876,Jennifer Lopez,2008,5,22,Female,10876,0.6,0.8,2.1,8.5,10C,Scholar,10,,59-96-78,science,,,,,,
877,Anthony Miller,2008,6,1,Male,10877,5.4,0.1,3.1,8.8,10C,Scholar,10,,96-61-76,science,,,,,,
878,Mark Thomas,2007,6,18,Male,10878,1.4,1.1,7.4,9.3,11C,Talent,11,dance,,,,,,,,
879,Elizabeth Jackson,2011,9,3,Female,10879,5.1,7.6,1.8,6.8,7B,Talent,7,dance,,,,,,,,
880,Susan Wilson,2008,7,13,Female,10880,4.7,6.0,1.3,6.2,10C,Scholar,10,,78-68-56,mathematics,,,,,,
881,Jessica Jones,2009,11,6,Female,10881,1.9,8.6,7.5,6.4,9C,Talent,9,dance,,,,,,,,
882,Susan Jones,2012,1,4,Female,10882,1.2,7.3,3.7,6.1,6C,Sports,6,,,,85.7,chess,,,,
883,Barbara Williams,2008,1,6,Female,10883,3.9,9.2,4.8,6.0,10B,Scholar,10,,100-87-92,mathematics,,,,,,
884,Thomas Rodriguez,2007,3,11,Male,10884,4.5,0.3,8.0,6.5,11C,Sports,11,,,,82.3,chess,,,,
885,Mark Anderson,2010,5,27,Male,10885,8.6,4.7,4.1,8.6,8A,Talent,8,dance,,,,,,,,
886,Karen Jones,2012,1,9,Female,10886,8.9,7.6,2.0,7.5,6B,Sports,6,,,,86.8,chess,,,,
887,Samantha Rodriguez,2008,8,5,Female,10887,6.6,4.0,6.3,7.3,10B,Sports,10,,,,94.1,chess,,,,
888,Sarah Brown,2011,5,7,Female,10888,9.0,3.1,4.5,6.6,7C,Scholar,7,,63-75-61,mathematics,,,,,,
889,Paul Rodriguez,2008,4,11,Male,10889,7.0,7.9,8.2,6.5,10B,Talent,10,drama,,,,,,,,
890,Donald Wilson,2010,9,22,Male,10890,4.5,2.1,1.2,7.0,8A,Sports,8,,,,51.9,chess,,,,
891,Richard Brown,2006,5,14,Male,10891,3.7,8.1,0.5,8.8,12B,Talent,12,singing,,,,,,,,
892,Joseph Jones,2010,12,8,Male,10892,7.8,8.8,0.5,9.9,8B,Scholar,8,,63-80-88,mathematics,,,,,,
893,Anna Martin,2009,6,19,Female,10893,2.5,3.1,0.9,10.0,9B,Sports,9,,,,59.2,chess,,,,
894,Andrew Moore,2006,7,27,Male,10894,7.5,8.7,8.9,8.0,12A,Sports,12,,,,79.4,chess,,,,
895,Jessica Garcia,2008,2,16,Female,10895,6.9,5.7,3.9,8.1,10B,Scholar,10,,70-69-66,science,,,,,,
896,Lisa Brown,2006,11,17,Female,10896,4.5,1.1,9.3,6.0,12C,Scholar,12,,53-85-95,science,,,,,,
897,Matthew Martinez,2006,8,2,Male,10897,3.2,1.5,9.2,7.2,12B,Sports,12,,,,83.9,cricket,,,,
898,Jennifer Thomas,2010,4,6,Female,10898,0.1,9.4,7.5,9.5,8A,Sports,8,,,,56.3,cricket,,,,
899,Karen Garcia,2011,7,5,Female,10899,8.9,9.1,6.5,7.1,7B,Talent,7,dance,,,,,,,,
900,Joseph Johnson,2011,12,19,Male,10900,3.4,6.6,0.2,7.1,7C,Scholar,7,,95-67-62,mathematics,,,,,,
901,Jennifer Garcia,2008,11,26,Female,10901,8.0,5.4,6.6,7.9,10B,Scholar,10,,66-52-66,mathematics,,,,,,
902,Mary Smith,2012,9,4,Female,10902,6.3,6.1,7.3,9.6,6C,Talent,6,singing,,,,,,,,
903,Maria Gonzalez,2010,3,9,Female,10903,7.4,2.5,2.9,6.4,8A,Scholar,8,,50-79-68,science,,,,,,
904,William Taylor,2008,12,24,Male,10904,1.2,5.4,1.4,6.8,10C,Scholar,10,,95-68-56,mathematics,,,,,,
905,Lisa Moore,2008,7,17,Female,10905,1.0,2.6,5.9,7.6,10B,Scholar,10,,96-70-100,science,,,,,,
906,William Thomas,2007,2,25,Male,10906,8.2,1.9,4.5,7.8,11B,Talent,11,dance,,,,,,,,
907,Anthony Jones,2012,1,20,Male,10907,9.1,1.4,5.6,9.8,6C,Scholar,6,,93-89-95,science,,,,,,
908,David Davis,2010,10,16,Male,10908,2.0,3.6,0.1,9.2,8A,Scholar,8,,78-60-84,mathematics,,,,,,
909,Anthony Anderson,2006,11,22,Male,10909,3.0,0.7,1.7,7.5,12A,Sports,12,,,,74.9,cricket,,,,
910,Kenneth Gonzalez,2011,11,14,Male,10910,5.2,0.6,2.3,8.1,7C,Scholar,7,,65-55-53,mathematics,,,,,,
911,Anthony Gonzalez,2006,2,15,Male,10911,4.6,5.3,9.2,6.9,12C,Talent,12,dance,,,,,,,,
912,Steven Rodriguez,2006,5,16,Male,10912,0.9,5.2,6.4,8.8,12B,Scholar,12,,95-64-98,mathematics,,,,,,
913,Richard Jackson,2011,12,15,Male,10913,1.8,0.0,4.7,7.9,7A,Scholar,7,,63-75-78,mathematics,,,,,,
914,Charles Smith,2008,4,22,Male,10914,4.8,8.7,6.7,8.6,10A,Sports,10,,,,86.1,cricket,,,,
915,Susan Martinez,2006,5,1,Female,10915,3.0,8.0,9.0,8.4,12C,Scholar,12,,91-77-53,science,,,,,,
916,Anna Hernandez,2011,2,18,Female,10916,4.1,3.4,7.9,7.1,7C,Sports,7,,,,77.8,chess,,,,
917,Michelle Rodriguez,2008,12,13,Female,10917,6.1,1.5,3.4,7.7,10A,Scholar,10,,62-81-53,science,,,,,,
918,David Martinez,2009,7,28,Male,10918,6.8,4.7,8.3,7.6,9C,Talent,9,drama,,,,,,,,
919,William Taylor,2006,4,6,Male,10919,0.6,9.0,1.1,8.7,12A,Scholar,12,,63-71-66,mathematics,,,,,,
920,Michelle Smith,2006,5,2,Female,10920,3.4,8.2,3.6,9.7,12C,Scholar,12,,95-50-74,science,,,,,,
921,Daniel Jones,2007,1,8,Male,10921,1.7,5.0,5.5,9.7,11A,Talent,11,dance,,,,,,,,
922,John Martin,2007,12,16,Male,10922,1.0,6.3,4.1,6.1,11B,Talent,11,dance,,,,,,,,
923,Matthew Jones,2011,10,20,Male,10923,7.3,7.2,8.4,7.7,7B,Sports,7,,,,68.7,chess,,,,
924,William Thomas,2008,9,17,Male,10924,1.5,5.9,2.1,9.5,10A,Scholar,10,,87-50-64,science,,,,,,
925,Emma Gonzalez,2012,12,2,Female,10925,0.7,2.6,5.5,8.2,6C,Scholar,6,,50-96-87,science,,,,,,
926,Daniel Thomas,2011,7,10,Male,10926,5.7,1.3,7.4,8.5,7B,Talent,7,dance,,,,,,,,
927,Sarah Garcia,2007,7,18,Female,10927,1.2,8.3,3.5,7.6,11A,Talent,11,drama,,,,,,,,
928,Lisa Jackson,2012,1,24,Female,10928,7.7,2.9,7.6,9.2,6B,Talent,6,dance,,,,,,,,
929,Barbara Martinez,2009,12,25,Female,10929,4.7,8.6,1.3,9.5,9C,Sports,9,,,,60.2,cricket,,,,
930,Robert Thomas,2010,5,4,Male,10930,9.0,4.7,0.6,8.6,8B,Sports,8,,,,95.3,chess,,,,
931,Barbara Garcia,2008,9,23,Female,10931,5.9,5.0,0.8,6.6,10B,Talent,10,drama,,,,,,,,
932,Sandra Rodriguez,2007,12,12,Female,10932,7.6,4.0,2.7,7.7,11B,Talent,11,singing,,,,,,,,
933,Susan Jackson,2009,6,4,Female,10933,1.9,7.8,8.5,7.7,9C,Sports,9,,,,62.2,cricket,,,,
934,Thomas Smith,2011,4,19,Male,10934,6.1,1.7,1.5,9.3,7A,Talent,7,singing,,,,,,,,
935,Daniel Jackson,2012,1,12,Male,10935,2.2,9.2,0.6,6.6,6C,Sports,6,,,,60.4,chess,,,,
936,Sandra Johnson,2008,6,2,Female,10936,5.5,0.5,3.6,9.2,10C,Sports,10,,,,52.3,chess,,,,
937,Samantha Thomas,2008,5,4,Female,10937,6.3,8.2,5.2,7.0,10A,Talent,10,dance,,,,,,,,
938,Richard Davis,2006,9,24,Male,10938,5.7,5.7,6.8,9.2,12B,Sports,12,,,,59.0,chess,,,,
939,Mark Hernandez,2011,11,25,Male,10939,1.5,5.4,0.8,6.4,7A,Talent,7,singing,,,,,,,,
940,William Gonzalez,2009,11,16,Male,10940,8.5,9.3,0.5,7.0,9B,Scholar,9,,97-77-74,mathematics,,,,,,
941,James Gonzalez,2012,10,1,Male,10941,4.8,5.4,6.5,6.4,6C,Scholar,6,,92-67-90,science,,,,,,
942,Susan Anderson,2006,9,24,Female,10942,6.1,5.5,0.2,6.9,12C,Scholar,12,,74-84-77,science,,,,,,
943,William Thomas,2006,9,21,Male,10943,6.8,6.1,6.2,8.6,12B,Scholar,12,,73-96-56,mathematics,,,,,,
944,George Thomas,2010,12,6,Male,10944,3.7,9.1,2.6,6.2,8A,Talent,8,drama,,,,,,,,
945,Steven Smith,2012,4,12,Male,10945,7.1,0.3,4.8,8.5,6A,Scholar,6,,62-53-87,mathematics,,,,,,
946,Richard Smith,2007,11,22,Male,10946,7.7,0.1,8.2,7.4,11C,Scholar,11,,77-96-88,science,,,,,,
947,Sarah Lopez,2008,4,14,Female,10947,4.0,9.1,3.5,6.1,10B,Sports,10,,,,52.4,cricket,,,,
948,Lisa Smith,2011,2,26,Female,10948,0.7,1.6,9.3,7.8,7A,Sports,7,,,,83.9,cricket,,,,
949,Kenneth Rodriguez,2007,7,3,Male,10949,4.3,2.1,4.9,8.9,11B,Sports,11,,,,90.3,chess,,,,
950,James Davis,2011,8,20,Male,10950,6.4,0.5,7.2,9.3,7B,Scholar,7,,63-53-67,science,,,,,,
951,Donald Smith,2011,7,14,Male,10951,5.9,8.7,1.8,8.6,7C,Scholar,7,,57-61-63,mathematics,,,,,,
952,Jennifer Williams,2006,3,10,Female,10952,0.4,1.3,0.7,8.5,12B,Talent,12,singing,,,,,,,,
953,Linda Hernandez,2012,10,28,Female,10953,4.9,8.7,0.0,6.3,6C,Sports,6,,,,80.2,chess,,,,
954,Kenneth Thomas,2012,1,23,Male,10954,7.6,7.5,6.9,7.5,6B,Scholar,6,,52-71-92,science,,,,,,
955,Patricia Martin,2010,9,20,Female,10955,7.1,4.2,9.0,8.0,8A,Sports,8,,,,64.6,cricket,,,,
956,Laura Thomas,2011,3,4,Female,10956,2.8,6.9,8.3,7.9,7A,Sports,7,,,,55.2,chess,,,,
957,Charles Hernandez,2011,8,20,Male,10957,2.6,7.9,0.4,9.9,7A,Scholar,7,,82-93-79,mathematics,,,,,,
958,Mary Thomas,2010,12,23,Female,10958,7.6,1.5,9.3,8.5,8B,Talent,8,singing,,,,,,,,
959,Matthew Lopez,2007,3,12,Male,10959,3.7,7.6,5.9,8.8,11B,Scholar,11,,72-83-51,science,,,,,,
960,Paul Rodriguez,2008,6,7,Male,10960,1.0,4.5,8.0,6.6,10B,Scholar,10,,50-80-81,mathematics,,,,,,
961,Helen Garcia,2012,9,2,Female,10961,1.2,3.0,0.5,6.4,6A,Scholar,6,,93-95-78,mathematics,,,,,,
962,William Jackson,2006,11,18,Male,10962,1.5,4.8,3.4,6.8,12B,Sports,12,,,,89.1,chess,,,,
963,Emma Johnson,2008,9,24,Female,10963,7.7,7.9,4.6,6.1,10C,Talent,10,drama,,,,,,,,
964,Barbara Davis,2009,9,14,Female,10964,3.1,5.8,2.8,8.3,9B,Scholar,9,,75-59-60,mathematics,,,,,,
965,George Garcia,2011,1,2,Male,10965,0.0,4.4,0.2,6.8,7B,Sports,7,,,,72.8,cricket,,,,
966,Patricia Brown,2010,9,23,Female,10966,7.7,1.0,6.9,7.4,8A,Scholar,8,,83-89-74,science,,,,,,
967,Samantha Gonzalez,2010,10,7,Female,10967,2.8,0.7,6.3,7.9,8B,Talent,8,singing,,,,,,,,
968,Susan Davis,2012,10,19,Female,10968,2.5,9.0,2.6,6.7,6A,Talent,6,singing,,,,,,,,
969,Lisa Martinez,2011,12,5,Female,10969,5.3,9.3,3.8,9.5,7C,Scholar,7,,86-100-91,science,,,,,,
970,Samantha Lopez,2007,5,23,Female,10970,7.8,2.9,8.0,7.3,11C,Sports,11,,,,84.8,cricket,,,,
971,Linda Jones,2008,6,27,Female,10971,2.0,3.8,5.8,9.7,10B,Talent,10,dance,,,,,,,,
972,Charles Thomas,2007,5,15,Male,10972,6.4,6.1,1.5,7.8,11C,Sports,11,,,,72.8,cricket,,,,
973,Sarah Gonzalez,2011,10,1,Female,10973,8.0,4.3,2.9,7.4,7B,Sports,7,,,,80.4,chess,,,,
974,Emma Smith,2011,12,21,Female,10974,4.4,2.9,0.6,8.4,7B,Scholar,7,,95-50-60,science,,,,,,
975,Barbara Brown,2006,5,9,Female,10975,6.0,3.8,7.8,7.4,12B,Scholar,12,,81-69-97,science,,,,,,
976,Thomas Garcia,2012,11,17,Male,10976,0.6,5.2,8.8,9.4,6C,Talent,6,singing,,,,,,,,
977,Laura Martinez,2012,10,15,Female,10977,1.2,8.3,0.4,7.2,6A,Sports,6,,,,84.6,cricket,,,,
978,Daniel Thomas,2009,5,20,Male,10978,0.9,8.2,9.2,7.3,9A,Scholar,9,,86-83-72,science,,,,,,
979,Anthony Lopez,2008,3,14,Male,10979,7.5,6.2,8.1,8.9,10C,Scholar,10,,80-59-90,science,,,,,,
980,John Thomas,2010,2,12,Male,10980,2.9,5.7,7.4,7.5,8A,Sports,8,,,,91.5,cricket,,,,
981,Andrew Miller,2009,1,15,Male,10981,3.5,5.6,8.5,7.4,9C,Talent,9,drama,,,,,,,,
982,Michelle Martin,2012,6,5,Female,10982,0.2,6.2,4.1,8.6,6A,Sports,6,,,,66.8,chess,,,,
983,Donald Jones,2011,3,7,Male,10983,4.6,2.9,8.6,9.9,7A,Scholar,7,,100-51-64,mathematics,,,,,,
984,Daniel Johnson,2006,11,9,Male,10984,0.1,1.2,6.5,6.7,12A,Scholar,12,,86-61-100,mathematics,,,,,,
985,James Smith,2006,10,3,Male,10985,9.0,5.7,1.0,7.6,12B,Scholar,12,,91-64-76,mathematics,,,,,,
986,Christine Smith,2012,8,13,Female,10986,1.7,4.6,6.3,7.8,6A,Sports,6,,,,89.5,chess,,,,
987,Patricia Miller,2011,9,11,Female,10987,6.4,1.4,7.4,9.5,7A,Talent,7,singing,,,,,,,,
988,Donald Jones,2010,9,26,Male,10988,6.5,8.1,1.0,6.3,8C,Scholar,8,,97-63-77,mathematics,,,,,,
989,David Anderson,2006,3,22,Male,10989,7.1,6.6,1.9,9.1,12C,Sports,12,,,,51.3,cricket,,,,
990,Jennifer Rodriguez,2011,12,18,Female,10990,2.1,2.1,3.3,7.4,7A,Scholar,7,,95-72-63,science,,,,,,
991,Jennifer Garcia,2009,1,19,Female,10991,2.4,8.5,4.2,8.8,9C,Scholar,9,,75-89-82,science,,,,,,
992,Anna Smith,2012,1,3,Female,10992,8.4,4.7,6.5,6.5,6C,Sports,6,,,,65.8,chess,,,,
993,Mark Johnson,2010,11,21,Male,10993,7.9,3.6,7.4,6.7,8A,Talent,8,singing,,,,,,,,
994,Elizabeth Johnson,2007,12,10,Female,10994,8.5,1.5,4.7,7.8,11C,Scholar,11,,98-52-71,science,,,,,,
995,Robert Brown,2007,9,22,Male,10995,3.9,1.5,5.1,7.6,11C,Scholar,11,,98-92-71,mathematics,,,,,,
996,Mary Johnson,2010,7,14,Female,10996,0.3,0.9,0.3,7.3,8C,Scholar,8,,74-59-53,science,,,,,,
997,Charles Jackson,2007,2,19,Male,10997,3.4,6.1,0.2,7.5,11C,Scholar,11,,57-82-68,science,,,,,,
998,Richard Taylor,2011,2,9,Male,10998,5.7,8.6,0.2,8.8,7B,Scholar,7,,82-77-60,science,,,,,,
999,Karen Thomas,2006,10,15,Female,10999,0.7,3.4,8.0,7.4,12C,Scholar,12,,61-78-66,mathematics,,,,,,
1000,George Jackson,2007,8,15,Male,11000,7.5,1.4,1.6,6.5,11B,Scholar,11,,50-73-69,science,,,,,,
1001,John Jackson,2007,4,19,Male,11001,6.1,3.5,6.1,6.6,11B,Scholar,11,,51-88-51,science,,,,,,
1002,Anthony Thomas,2012,2,11,Male,11002,7.1,6.9,6.8,7.3,6B,Sports,6,,,,70.4,chess,,,,
1003,Anna Gonzalez,2006,11,16,Female,11003,3.2,5.1,3.3,9.6,12A,Sports,12,,,,63.5,cricket,,,,
1004,Emma Thomas,2009,2,7,Female,11004,7.0,3.5,5.4,6.6,9A,Talent,9,dance,,,,,,,,
1005,Michael Hernandez,2011,9,22,Male,11005,3.3,5.2,6.0,8.1,7B,Talent,7,dance,,,,,,,,
1006,Maria Williams,2012,1,25,Female,11006,0.9,3.2,0.8,6.2,6B,Talent,6,drama,,,,,,,,
1007,Anthony Martin,2010,9,12,Male,11007,7.8,2.8,4.7,9.9,8B,Scholar,8,,92-62-65,science,,,,,,
1008,David Smith,2006,2,5,Male,11008,7.4,7.1,6.7,9.9,12A,Sports,12,,,,78.7,chess,,,,
1009,Kenneth Wilson,2010,2,16,Male,11009,1.5,6.0,4.4,9.3,8A,Talent,8,drama,,,,,,,,
1010,Christine Jackson,2007,7,14,Female,11010,8.6,3.2,3.4,6.6,11B,Scholar,11,,50-56-77,mathematics,,,,,,
1011,Emma Wilson,2010,4,23,Female,11011,4.7,3.3,5.1,6.8,8A,Sports,8,,,,80.1,chess,,,,
1012,Linda Martinez,2008,7,24,Female,11012,1.5,5.9,3.4,8.8,10A,Scholar,10,,50-62-87,mathematics,,,,,,
1013,Michael Johnson,2008,7,6,Male,11013,5.3,5.0,8.7,6.3,10A,Sports,10,,,,57.5,chess,,,,
1014,Robert Smith,2008,5,11,Male,11014,3.5,1.4,7.1,7.5,10C,Sports,10,,,,85.8,cricket,,,,
1015,Lisa Wilson,2010,11,16,Female,11015,8.0,1.2,8.0,9.6,8A,Talent,8,singing,,,,,,,,
1016,Jessica Martinez,2010,1,27,Female,11016,3.1,1.8,5.5,7.4,8C,Scholar,8,,64-84-58,science,,,,,,
1017,Joseph Hernandez,2009,8,1,Male,11017,1.4,2.9,3.6,8.6,9A,Talent,9,dance,,,,,,,,
1018,Laura Wilson,2008,3,6,Female,11018,2.1,8.8,1.6,7.8,10B,Sports,10,,,,58.7,cricket,,,,
1019,Barbara Miller,2012,5,9,Female,11019,4.3,9.5,5.1,7.7,6C,Talent,6,singing,,,,,,,,
1020,Paul Anderson,2007,7,17,Male,11020,7.0,0.4,0.6,9.5,11C,Talent,11,drama,,,,,,,,
1021,Michael Wilson,2011,11,4,Male,11021,2.1,1.9,7.3,8.7,7B,Scholar,7,,89-82-75,science,,,,,,
1022,Linda Williams,2007,10,3,Female,11022,8.3,7.3,0.0,9.5,11A,Sports,11,,,,85.4,chess,,,,
1023,Joseph Moore,2010,10,19,Male,11023,7.8,8.4,0.1,8.6,8B,Talent,8,dance,,,,,,,,
1024,Emma Hernandez,2008,12,6,Female,11024,2.3,0.8,8.3,6.0,10B,Talent,10,dance,,,,,,,,
1025,Michael Martin,2007,3,8,Male,11025,9.0,7.7,3.9,8.6,11C,Scholar,11,,82-84-58,science,,,,,,
1026,Donald Jones,2006,11,26,Male,11026,3.6,0.7,7.7,7.8,12C,Scholar,12,,61-100-70,mathematics,,,,,,
1027,Patricia Garcia,2008,2,21,Female,11027,3.4,7.3,3.2,7.7,10B,Talent,10,singing,,,,,,,,
1028,George Moore,2008,11,22,Male,11028,8.3,4.9,6.4,7.0,10A,Talent,10,singing,,,,,,,,
1029,Karen Gonzalez,2012,10,4,Female,11029,4.8,2.0,4.8,8.7,6B,Scholar,6,,58-87-99,mathematics,,,,,,
1030,Paul Rodriguez,2012,7,5,Male,11030,4.0,7.9,5.2,7.9,6B,Scholar,6,,95-51-76,mathematics,,,,,,
1031,Mark Martin,2012,10,9,Male,11031,7.0,7.5,5.9,9.0,6A,Talent,6,singing,,,,,,,,
1032,George Smith,2010,2,1,Male,11032,2.7,8.0,5.9,7.6,8B,Sports,8,,,,63.2,chess,,,,
1033,Thomas Brown,2012,10,2,Male,11033,6.8,1.4,9.3,6.4,6B,Sports,6,,,,96.8,cricket,,,,
1034,James Jackson,2006,1,28,Male,11034,3.5,9.0,7.0,6.4,12B,Scholar,12,,64-82-52,mathematics,,,,,,
1035,John Thomas,2008,4,19,Male,11035,3.0,9.3,5.1,8.4,10A,Talent,10,drama,,,,,,,,
1036,Mary Smith,2010,1,18,Female,11036,7.1,5.3,2.3,7.4,8B,Sports,8,,,,53.6,chess,,,,
1037,Laura Martinez,2007,6,18,Female,11037,0.9,2.4,6.5,7.4,11A,Sports,11,,,,58.6,cricket,,,,
1038,George Wilson,2011,1,18,Male,11038,9.0,6.4,7.7,6.7,7A,Scholar,7,,89-69-97,mathematics,,,,,,
1039,Elizabeth Smith,2007,7,21,Female,11039,3.7,2.6,9.1,7.1,11A,Talent,11,dance,,,,,,,,
1040,James Garcia,2012,7,1,Male,11040,4.5,6.1,4.7,6.7,6A,Sports,6,,,,77.1,chess,,,,
1041,Kenneth Johnson,2010,10,21,Male,11041,0.5,9.4,0.8,6.3,8A,Scholar,8,,85-86-74,mathematics,,,,,,
1042,Jennifer Williams,2012,7,1,Female,11042,1.1,1.6,3.7,9.1,6A,Sports,6,,,,76.4,chess,,,,
1043,Donald Jones,2006,1,7,Male,11043,0.0,6.9,2.7,6.7,12B,Scholar,12,,86-90-67,mathematics,,,,,,
1044,Maria Gonzalez,2006,3,14,Female,11044,0.8,6.3,4.6,9.5,12C,Sports,12,,,,54.1,cricket,,,,
1045,Anna Taylor,2012,5,14,Female,11045,5.8,4.4,3.6,6.5,6C,Scholar,6,,96-71-69,mathematics,,,,,,
1046,Mark Smith,2007,2,25,Male,11046,1.7,4.1,7.2,7.0,11B,Talent,11,singing,,,,,,,,
1047,Joseph Lopez,2008,1,16,Male,11047,5.7,0.9,0.0,9.4,10C,Sports,10,,,,84.8,chess,,,,
1048,Paul Anderson,2011,9,19,Male,11048,1.7,0.1,4.6,8.9,7A,Talent,7,drama,,,,,,,,
1049,Charles Johnson,2012,10,25,Male,11049,0.6,3.0,9.3,7.4,6C,Sports,6,,,,58.4,cricket,,,,
1050,George Anderson,2006,10,20,Male,11050,4.0,0.2,5.4,8.8,12C,Scholar,12,,97-51-54,mathematics,,,,,,
1051,Paul Rodriguez,2011,2,23,Male,11051,8.0,9.2,9.0,9.7,7B,Sports,7,,,,89.4,cricket,,,,
1052,Barbara Miller,2010,3,4,Female,11052,9.0,5.2,4.3,8.8,8B,Scholar,8,,68-81-52,science,,,,,,
1053,Anna Brown,2008,7,1,Female,11053,8.5,1.9,8.2,8.0,10C,Scholar,10,,60-75-64,mathematics,,,,,,
1054,Mark Gonzalez,2009,10,2,Male,11054,7.3,2.3,8.9,9.4,9B,Sports,9,,,,76.9,chess,,,,
1055,Steven Martinez,2006,6,12,Male,11055,6.9,4.7,1.9,6.1,12A,Sports,12,,,,84.6,chess,,,,
1056,Paul Rodriguez,2011,3,22,Male,11056,2.3,5.7,5.0,8.0,7B,Sports,7,,,,72.3,cricket,,,,
1057,Daniel Gonzalez,2009,5,14,Male,11057,1.1,5.4,3.7,6.4,9A,Talent,9,dance,,,,,,,,
1058,Karen Johnson,2009,2,4,Female,11058,4.5,2.3,7.6,8.6,9B,Sports,9,,,,64.4,chess,,,,
1059,Mary Smith,2012,2,23,Female,11059,8.8,2.8,3.4,6.7,6B,Sports,6,,,,82.2,chess,,,,
1060,Kenneth Anderson,2007,7,2,Male,11060,0.1,5.2,7.0,9.1,11C,Scholar,11,,65-76-98,science,,,,,,
1061,Joseph Wilson,2012,3,19,Male,11061,5.6,2.6,1.0,7.4,6C,Scholar,6,,83-63-78,mathematics,,,,,,
1062,Sarah Moore,2011,2,21,Female,11062,2.1,8.0,2.9,9.6,7C,Talent,7,drama,,,,,,,,
1063,Sarah Miller,2007,6,15,Female,11063,7.0,6.0,4.4,6.6,11B,Scholar,11,,72-67-56,science,,,,,,
1064,Karen Moore,2009,11,3,Female,11064,7.4,5.9,0.0,8.5,9B,Scholar,9,,77-84-84,science,,,,,,
1065,James Garcia,2007,8,21,Male,11065,9.3,0.9,2.4,9.8,11C,Sports,11,,,,66.0,chess,,,,
1066,Daniel Anderson,2009,8,19,Male,11066,2.3,0.9,6.2,9.7,9B,Talent,9,dance,,,,,,,,
1067,Andrew Williams,2012,7,1,Male,11067,0.0,0.4,9.0,8.4,6A,Sports,6,,,,57.0,cricket,,,,
1068,Robert Jones,2007,10,8,Male,11068,4.2,6.9,7.0,6.1,11A,Sports,11,,,,62.4,chess,,,,
1069,Mary Davis,2009,8,18,Female,11069,2.2,6.5,5.8,9.7,9B,Scholar,9,,60-98-81,mathematics,,,,,,
1070,Laura Wilson,2011,6,22,Female,11070,4.1,2.6,4.1,9.2,7B,Talent,7,singing,,,,,,,,
1071,Patricia Davis,2007,3,1,Female,11071,0.5,9.0,6.6,8.3,11B,Scholar,11,,50-73-86,science,,,,,,
1072,Michael Taylor,2012,5,21,Male,11072,3.3,0.8,4.0,9.6,6C,Sports,6,,,,79.7,chess,,,,
1073,Barbara Rodriguez,2010,7,18,Female,11073,6.4,3.7,5.2,7.0,8C,Talent,8,dance,,,,,,,,
1074,Elizabeth Moore,2012,1,16,Female,11074,4.9,0.4,4.3,9.6,6C,Talent,6,dance,,,,,,,,
1075,Richard Martin,2009,2,17,Male,11075,5.7,2.2,1.0,7.6,9B,Sports,9,,,,61.0,chess,,,,
1076,Kenneth Miller,2011,8,24,Male,11076,2.3,5.5,7.2,7.1,7A,Sports,7,,,,51.2,chess,,,,
1077,Richard Lopez,2012,8,20,Male,11077,3.5,4.5,1.7,7.5,6B,Sports,6,,,,70.0,chess,,,,
1078,William Johnson,2010,2,1,Male,11078,8.9,2.5,0.5,6.8,8A,Sports,8,,,,67.0,chess,,,,
1079,Paul Martin,2011,9,27,Male,11079,3.8,4.7,1.4,7.5,7B,Talent,7,drama,,,,,,,,
1080,Steven Taylor,2009,2,24,Male,11080,5.2,5.9,2.8,7.5,9C,Sports,9,,,,80.5,chess,,,,
1081,Laura Rodriguez,2006,4,3,Female,11081,6.5,2.9,5.2,9.7,12A,Talent,12,singing,,,,,,,,
1082,Susan Garcia,2010,12,3,Female,11082,3.6,6.8,7.9,7.6,8C,Talent,8,singing,,,,,,,,
1083,Elizabeth Wilson,2008,8,2,Female,11083,5.0,1.0,4.4,8.9,10C,Sports,10,,,,85.0,cricket,,,,
1084,Laura Davis,2006,10,19,Female,11084,4.9,8.0,7.0,8.8,12C,Scholar,12,,81-69-73,mathematics,,,,,,
1085,Michael Rodriguez,2006,2,3,Male,11085,9.5,1.7,3.3,8.7,12C,Sports,12,,,,93.2,chess,,,,
1086,Mary Jones,2012,7,11,Female,11086,6.6,1.5,4.7,7.1,6B,Sports,6,,,,76.7,cricket,,,,
1087,Sandra Williams,2008,10,3,Female,11087,8.0,1.4,6.8,7.3,10A,Talent,10,drama,,,,,,,,
1088,Elizabeth Thomas,2011,7,23,Female,11088,6.2,1.5,3.0,7.7,7A,Sports,7,,,,65.2,cricket,,,,
1089,Anthony Moore,2007,2,12,Male,11089,8.2,1.3,6.5,7.6,11C,Sports,11,,,,92.5,cricket,,,,
1090,Linda Hernandez,2008,12,22,Female,11090,1.7,2.3,5.4,9.9,10A,Sports,10,,,,66.6,chess,,,,
1091,Donald Jackson,2006,5,9,Male,11091,1.3,6.7,9.3,8.0,12A,Sports,12,,,,77.5,cricket,,,,
1092,James Martinez,2006,6,17,Male,11092,8.1,7.9,6.9,9.3,12C,Talent,12,singing,,,,,,,,
1093,Jessica Jackson,2012,7,22,Female,11093,8.8,4.1,7.2,6.2,6A,Sports,6,,,,96.0,chess,,,,
1094,Charles Martin,2010,10,9,Male,11094,7.6,5.9,0.1,6.5,8C,Sports,8,,,,76.9,cricket,,,,
1095,William Rodriguez,2011,11,16,Male,11095,0.1,7.1,3.8,9.6,7A,Sports,7,,,,83.2,cricket,,,,
1096,Helen Davis,2008,5,20,Female,11096,2.5,2.3,5.5,8.0,10B,Sports,10,,,,83.8,chess,,,,
1097,Andrew Moore,2011,7,8,Male,11097,3.1,3.9,3.2,10.0,7C,Sports,7,,,,97.6,cricket,,,,
1098,James Lopez,2008,4,10,Male,11098,8.7,2.6,7.9,6.5,10C,Sports,10,,,,80.2,cricket,,,,
1099,Christine Gonzalez,2006,6,21,Female,11099,4.9,6.8,7.9,6.4,12A,Sports,12,,,,71.7,chess,,,,
1100,Matthew Brown,2012,3,22,Male,11100,1.0,2.1,4.0,7.2,6A,Talent,6,dance,,,,,,,,
1101,David Johnson,2008,10,21,Male,11101,2.5,8.1,3.9,7.9,10C,Scholar,10,,65-90-86,mathematics,,,,,,
1102,Anna Taylor,2010,9,14,Female,11102,0.3,1.7,7.7,6.1,8C,Sports,8,,,,71.8,chess,,,,
1103,William Jackson,2012,2,14,Male,11103,4.2,4.1,7.6,9.4,6B,Talent,6,singing,,,,,,,,
1104,Helen Rodriguez,2007,5,13,Female,11104,2.1,0.7,3.3,6.4,11A,Talent,11,singing,,,,,,,,
1105,Steven Brown,2006,6,16,Male,11105,0.8,1.1,5.9,8.7,12B,Sports,12,,,,75.6,chess,,,,
1106,David Anderson,2011,6,23,Male,11106,1.6,4.8,1.6,6.8,7A,Talent,7,singing,,,,,,,,
1107,Robert Gonzalez,2010,8,20,Male,11107,8.7,2.8,8.6,9.5,8B,Scholar,8,,69-91-94,science,,,,,,
1108,Charles Smith,2011,2,21,Male,11108,5.4,4.2,3.9,9.0,7B,Sports,7,,,,65.2,chess,,,,
1109,Linda Thomas,2006,11,27,Female,11109,5.8,6.0,7.2,8.7,12A,Talent,12,drama,,,,,,,,
1110,Steven Miller,2012,9,3,Male,11110,4.2,8.0,0.8,8.4,6A,Scholar,6,,90-89-67,science,,,,,,
1111,Susan Smith,2010,4,12,Female,11111,4.6,4.6,8.5,7.1,8C,Sports,8,,,,78.3,cricket,,,,
1112,Steven Rodriguez,2011,3,22,Male,11112,6.1,7.8,8.6,6.3,7B,Scholar,7,,84-94-67,science,,,,,,
1113,Matthew Williams,2007,5,12,Male,11113,6.5,6.7,8.1,9.5,11B,Talent,11,singing,,,,,,,,
1114,James Jackson,2010,8,17,Male,11114,0.2,2.6,6.6,7.3,8B,Scholar,8,,79-81-80,science,,,,,,
1115,Anna Martinez,2007,12,16,Female,11115,1.5,0.6,0.7,8.2,11A,Talent,11,singing,,,,,,,,
1116,David Rodriguez,2008,6,28,Male,11116,1.2,3.3,3.9,8.4,10C,Scholar,10,,62-84-96,mathematics,,,,,,
1117,John Hernandez,2012,2,16,Male,11117,8.3,5.5,2.4,7.0,6B,Scholar,6,,56-58-89,mathematics,,,,,,
1118,Kenneth Brown,2011,7,17,Male,11118,4.5,5.8,9.1,6.9,7C,Talent,7,drama,,,,,,,,
1119,Paul Wilson,2006,7,16,Male,11119,7.9,7.3,7.1,9.5,12C,Sports,12,,,,73.3,chess,,,,
1120,Matthew Johnson,2011,9,21,Male,11120,0.7,2.7,0.2,7.9,7A,Sports,7,,,,97.6,chess,,,,
1121,Matthew Davis,2012,7,22,Male,11121,3.9,6.8,5.8,9.2,6B,Sports,6,,,,79.9,cricket,,,,
1122,Matthew Martin,2011,5,13,Male,11122,2.5,6.5,2.0,9.6,7B,Talent,7,dance,,,,,,,,
1123,Sandra Miller,2009,6,28,Female,11123,1.2,8.4,3.8,8.0,9B,Scholar,9,,100-82-90,science,,,,,,
1124,Richard Thomas,2006,10,16,Male,11124,0.7,3.3,3.2,8.3,12C,Sports,12,,,,60.1,cricket,,,,
1125,Matthew Martin,2010,11,16,Male,11125,0.5,7.6,5.7,9.5,8A,Sports,8,,,,82.9,cricket,,,,
1126,Barbara Miller,2010,3,5,Female,11126,1.1,1.7,1.8,6.3,8C,Sports,8,,,,60.5,chess,,,,
1127,Sandra Rodriguez,2011,1,25,Female,11127,9.0,0.1,7.9,9.8,7C,Sports,7,,,,81.9,cricket,,,,
1128,Paul Hernandez,2006,11,1,Male,11128,3.9,1.9,5.7,9.2,12A,Sports,12,,,,71.1,chess,,,,
1129,Thomas Thomas,2011,6,9,Male,11129,5.6,6.1,3.0,8.1,7C,Scholar,7,,70-79-75,science,,,,,,
1130,Barbara Johnson,2007,12,10,Female,11130,3.4,9.1,0.1,7.9,11B,Scholar,11,,55-88-71,mathematics,,,,,,
1131,David Thomas,2006,4,3,Male,11131,5.1,5.0,8.1,7.3,12A,Sports,12,,,,71.2,cricket,,,,
1132,Mark Martin,2006,1,24,Male,11132,6.4,3.6,6.1,8.3,12C,Sports,12,,,,55.7,chess,,,,
1133,Mary Garcia,2009,1,1,Female,11133,8.6,3.1,6.8,6.4,9A,Talent,9,drama,,,,,,,,
1134,Jennifer Gonzalez,2010,8,8,Female,11134,3.8,9.3,5.2,7.8,8C,Scholar,8,,50-98-70,mathematics,,,,,,
1135,Lisa Moore,2010,3,24,Female,11135,2.8,1.0,1.1,9.6,8C,Scholar,8,,81-51-82,mathematics,,,,,,
1136,Joseph Jones,2007,11,8,Male,11136,0.3,6.3,2.8,6.2,11B,Scholar,11,,73-89-71,science,,,,,,
1137,Sandra Martin,2007,5,15,Female,11137,4.4,1.6,6.0,10.0,11A,Talent,11,dance,,,,,,,,
1138,William Martin,2012,2,3,Male,11138,7.6,7.8,3.6,10.0,6C,Scholar,6,,65-92-53,science,,,,,,
1139,Sandra Thomas,2007,8,18,Female,11139,8.0,9.3,6.8,8.6,11C,Talent,11,dance,,,,,,,,
1140,Joseph Taylor,2007,4,17,Male,11140,9.2,2.3,4.6,9.9,11C,Talent,11,dance,,,,,,,,
1141,Paul Gonzalez,2009,8,1,Male,11141,3.5,3.3,6.5,7.9,9A,Scholar,9,,83-94-54,science,,,,,,
1142,Laura Gonzalez,2007,10,1,Female,11142,3.3,3.3,0.6,8.0,11C,Scholar,11,,79-72-96,science,,,,,,
1143,Maria Rodriguez,2010,6,7,Female,11143,2.4,8.8,0.9,8.7,8A,Talent,8,drama,,,,,,,,
1144,Daniel Martin,2006,10,22,Male,11144,5.3,0.9,8.5,9.0,12C,Talent,12,dance,,,,,,,,
1145,Sarah Lopez,2008,12,18,Female,11145,1.1,2.3,7.6,7.6,10B,Sports,10,,,,92.1,chess,,,,
1146,Anna Smith,2008,8,28,Female,11146,2.8,5.6,1.0,6.7,10C,Scholar,10,,50-86-95,science,,,,,,
1147,Patricia Davis,2007,11,2,Female,11147,5.8,6.6,3.4,8.8,11C,Talent,11,dance,,,,,,,,
1148,Michael Gonzalez,2010,8,27,Male,11148,1.4,9.4,2.3,6.9,8B,Talent,8,singing,,,,,,,,
1149,Mark Williams,2012,12,27,Male,11149,6.9,4.7,0.1,9.1,6B,Talent,6,singing,,,,,,,,
1150,Mark Johnson,2010,6,13,Male,11150,4.6,8.8,2.4,9.4,8A,Talent,8,drama,,,,,,,,
1151,Jennifer Garcia,2011,12,28,Female,11151,5.5,7.1,5.4,9.0,7A,Sports,7,,,,91.1,cricket,,,,
1152,Anthony Williams,2012,3,1,Male,11152,8.8,0.8,7.2,9.6,6B,Scholar,6,,75-96-54,mathematics,,,,,,
1153,Susan Anderson,2010,8,28,Female,11153,4.8,5.6,6.9,6.2,8A,Scholar,8,,67-84-62,science,,,,,,
1154,Joseph Smith,2009,2,27,Male,11154,7.0,4.6,5.5,6.2,9C,Scholar,9,,92-71-95,mathematics,,,,,,
1155,Daniel Gonzalez,2006,6,27,Male,11155,5.0,1.9,1.3,8.2,12A,Sports,12,,,,57.6,chess,,,,
1156,Linda Miller,2008,3,2,Female,11156,4.3,1.0,1.0,9.7,10A,Sports,10,,,,67.0,cricket,,,,
1157,John Thomas,2009,3,12,Male,11157,6.9,3.8,1.9,9.9,9A,Talent,9,dance,,,,,,,,
1158,Maria Jackson,2008,6,11,Female,11158,7.4,1.6,5.0,8.6,10B,Talent,10,dance,,,,,,,,
1159,Andrew Garcia,2007,10,21,Male,11159,1.3,0.8,1.6,6.3,11A,Sports,11,,,,57.7,chess,,,,
1160,John Martinez,2006,4,7,Male,11160,3.0,2.0,1.9,8.9,12B,Scholar,12,,53-63-65,science,,,,,,
1161,John Jones,2007,10,6,Male,11161,2.3,9.3,0.1,6.7,11B,Sports,11,,,,91.2,cricket,,,,
1162,Mary Johnson,2012,1,21,Female,11162,1.7,7.2,2.7,9.3,6A,Scholar,6,,87-81-52,science,,,,,,
1163,George Brown,2009,6,18,Male,11163,2.0,0.9,2.0,6.8,9B,Sports,9,,,,50.3,chess,,,,
1164,Andrew Moore,2008,3,11,Male,11164,2.5,3.7,0.6,6.2,10B,Talent,10,dance,,,,,,,,
1165,Susan Hernandez,2012,2,9,Female,11165,2.8,8.3,5.9,7.4,6C,Talent,6,drama,,,,,,,,
1166,Susan Martin,2010,9,16,Female,11166,6.4,9.0,7.3,9.8,8C,Talent,8,singing,,,,,,,,
1167,Anthony Gonzalez,2011,2,25,Male,11167,3.6,8.2,9.0,8.3,7C,Scholar,7,,61-72-67,science,,,,,,
1168,Susan Johnson,2012,12,11,Female,11168,2.2,5.7,5.9,7.0,6B,Talent,6,singing,,,,,,,,
1169,Susan Wilson,2007,9,15,Female,11169,3.8,0.4,8.4,8.8,11A,Talent,11,singing,,,,,,,,
1170,Patricia Rodriguez,2006,1,7,Female,11170,7.1,7.2,7.5,8.4,12C,Scholar,12,,65-68-93,mathematics,,,,,,
1171,Richard Taylor,2009,3,14,Male,11171,1.6,0.2,7.3,8.5,9B,Talent,9,dance,,,,,,,,
1172,Maria Jones,2011,5,9,Female,11172,4.4,2.8,1.0,8.9,7C,Talent,7,singing,,,,,,,,
1173,Laura Martin,2008,9,23,Female,11173,8.6,7.0,8.3,8.6,10C,Talent,10,dance,,,,,,,,
1174,Andrew Rodriguez,2007,5,11,Male,11174,8.0,5.5,1.6,7.2,11A,Scholar,11,,88-74-91,mathematics,,,,,,
1175,William Martin,2010,11,13,Male,11175,3.5,1.7,6.4,8.9,8A,Scholar,8,,54-57-70,science,,,,,,
1176,Paul Williams,2010,2,11,Male,11176,7.9,0.2,5.8,9.8,8B,Talent,8,drama,,,,,,,,
1177,Lisa Jones,2008,4,5,Female,11177,3.5,6.1,5.0,6.1,10C,Scholar,10,,100-75-89,mathematics,,,,,,
1178,Steven Hernandez,2008,10,23,Male,11178,3.5,3.5,4.9,9.4,10C,Talent,10,drama,,,,,,,,
1179,Michelle Smith,2009,4,2,Female,11179,3.8,0.2,7.8,7.7,9B,Sports,9,,,,85.6,cricket,,,,
1180,Susan Gonzalez,2007,2,19,Female,11180,7.1,3.8,8.6,6.2,11B,Scholar,11,,85-72-99,mathematics,,,,,,
1181,George Martinez,2007,11,4,Male,11181,0.2,5.7,3.8,7.7,11C,Sports,11,,,,72.1,cricket,,,,
1182,Elizabeth Johnson,2012,8,18,Female,11182,4.8,3.9,6.6,9.6,6B,Sports,6,,,,57.3,chess,,,,
1183,Christine Davis,2008,11,16,Female,11183,1.1,3.4,4.9,9.7,10C,Talent,10,dance,,,,,,,,
1184,Michael Jackson,2009,5,6,Male,11184,1.8,1.4,1.2,6.4,9A,Talent,9,dance,,,,,,,,
1185,Charles Moore,2008,10,17,Male,11185,5.3,2.2,3.3,8.1,10C,Talent,10,singing,,,,,,,,
1186,Laura Moore,2012,8,3,Female,11186,5.3,2.1,4.6,8.3,6B,Scholar,6,,68-82-62,mathematics,,,,,,
1187,Robert Garcia,2010,10,7,Male,11187,7.4,0.8,3.1,8.9,8C,Sports,8,,,,66.0,chess,,,,
1188,Mark Wilson,2006,2,15,Male,11188,9.4,4.8,0.1,8.4,12A,Talent,12,drama,,,,,,,,
1189,Maria Williams,2010,10,1,Female,11189,0.2,6.5,3.4,6.7,8B,Sports,8,,,,95.6,chess,,,,
1190,Anna Moore,2008,12,8,Female,11190,6.0,5.6,2.7,7.8,10B,Talent,10,dance,,,,,,,,
1191,Daniel Rodriguez,2008,1,22,Male,11191,9.1,9.1,2.0,6.9,10A,Talent,10,drama,,,,,,,,
1192,Sarah Thomas,2006,3,20,Female,11192,5.7,6.0,5.6,6.5,12A,Sports,12,,,,59.6,chess,,,,
1193,Susan Lopez,2011,9,10,Female,11193,8.7,3.5,9.5,6.7,7A,Talent,7,dance,,,,,,,,
1194,George Wilson,2008,4,21,Male,11194,4.8,1.9,6.7,8.1,10B,Talent,10,dance,,,,,,,,
1195,Elizabeth Gonzalez,2008,5,2,Female,11195,1.6,6.6,5.5,10.0,10C,Scholar,10,,77-89-99,science,,,,,,
1196,Kenneth Garcia,2008,10,4,Male,11196,7.6,1.2,2.0,9.1,10B,Sports,10,,,,92.8,cricket,,,,
1197,Charles Martin,2010,4,28,Male,11197,8.9,2.7,1.6,9.5,8A,Scholar,8,,67-75-50,mathematics,,,,,,
1198,Donald Davis,2010,12,7,Male,11198,5.9,0.2,1.0,9.5,8B,Scholar,8,,54-64-100,mathematics,,,,,,
1199,Donald Martinez,2010,3,1,Male,11199,6.8,7.4,4.6,8.3,8B,Sports,8,,,,81.5,chess,,,,
1200,Sandra Rodriguez,2010,12,17,Female,11200,7.1,6.9,4.6,7.0,8C,Sports,8,,,,87.9,cricket,,,,
1201,Michael Gonzalez,2011,1,24,Male,11201,2.3,4.5,4.1,9.0,7C,Talent,7,dance,,,,,,,,
1202,Richard Lopez,2011,11,4,Male,11202,3.3,7.4,1.0,6.7,7B,Sports,7,,,,87.0,chess,,,,
1203,Anna Miller,2007,12,18,Female,11203,4.8,2.1,9.1,8.2,11C,Talent,11,singing,,,,,,,,
1204,Charles Martin,2010,6,12,Male,11204,6.6,8.4,1.4,9.8,8B,Scholar,8,,68-52-89,science,,,,,,
1205,Charles Lopez,2010,5,9,Male,11205,8.6,6.8,9.1,6.5,8B,Talent,8,drama,,,,,,,,
1206,Steven Johnson,2007,5,27,Male,11206,8.6,1.0,2.9,9.9,11B,Sports,11,,,,85.1,chess,,,,
1207,James Wilson,2011,12,26,Male,11207,6.9,8.2,5.7,6.7,7A,Talent,7,drama,,,,,,,,
1208,Steven Garcia,2006,4,17,Male,11208,5.6,3.6,7.7,6.3,12C,Scholar,12,,70-84-65,mathematics,,,,,,
1209,Robert Anderson,2009,10,12,Male,11209,5.1,0.9,8.7,7.8,9C,Talent,9,singing,,,,,,,,
1210,Jessica Martin,2009,9,6,Female,11210,8.2,6.7,5.4,7.4,9B,Talent,9,singing,,,,,,,,
1211,John Jackson,2009,3,7,Male,11211,0.1,8.8,3.2,8.8,9B,Scholar,9,,85-63-58,mathematics,,,,,,
1212,Sarah Smith,2008,5,4,Female,11212,5.9,5.2,8.9,9.9,10B,Sports,10,,,,78.8,cricket,,,,
1213,Helen Lopez,2006,5,10,Female,11213,7.4,1.4,5.1,8.4,12A,Talent,12,dance,,,,,,,,
1214,Richard Johnson,2009,10,26,Male,11214,0.6,2.4,3.3,8.0,9A,Scholar,9,,81-86-99,science,,,,,,
1215,Helen Anderson,2009,4,26,Female,11215,5.3,1.1,2.2,9.8,9B,Scholar,9,,67-86-66,mathematics,,,,,,
1216,Lisa Anderson,2012,11,28,Female,11216,2.2,3.0,7.0,7.1,6C,Talent,6,singing,,,,,,,,
1217,Daniel Jackson,2006,7,22,Male,11217,2.2,2.9,0.5,9.7,12B,Talent,12,drama,,,,,,,,
1218,Thomas Brown,2011,7,13,Male,11218,0.5,3.1,4.4,8.0,7A,Scholar,7,,92-62-87,science,,,,,,
1219,John Martin,2011,5,28,Male,11219,6.5,2.6,1.6,6.6,7B,Talent,7,singing,,,,,,,,
1220,Daniel Smith,2011,5,4,Male,11220,4.7,6.0,1.6,7.8,7A,Talent,7,singing,,,,,,,,
1221,Laura Thomas,2012,8,10,Female,11221,8.7,8.5,5.3,9.3,6A,Talent,6,drama,,,,,,,,
1222,David Hernandez,2006,9,17,Male,11222,7.6,6.5,2.5,9.6,12C,Talent,12,singing,,,,,,,,
1223,Kenneth Martinez,2006,11,8,Male,11223,8.3,6.3,2.6,8.8,12A,Scholar,12,,58-96-54,science,,,,,,
1224,Elizabeth Davis,2010,5,3,Female,11224,7.0,5.1,3.5,8.9,8C,Scholar,8,,98-64-62,mathematics,,,,,,
1225,Jessica Miller,2010,12,23,Female,11225,7.4,2.9,2.9,9.3,8B,Sports,8,,,,77.9,cricket,,,,
1226,Paul Smith,2006,12,18,Male,11226,0.4,8.9,1.2,7.6,12B,Sports,12,,,,58.7,chess,,,,
1227,Andrew Smith,2006,11,7,Male,11227,4.2,9.1,7.1,8.4,12B,Talent,12,dance,,,,,,,,
1228,Emma Taylor,2010,10,2,Female,11228,3.3,6.2,5.9,6.1,8C,Talent,8,dance,,,,,,,,
1229,Michelle Thomas,2007,3,25,Female,11229,5.4,5.3,0.9,8.0,11B,Scholar,11,,56-90-60,science,,,,,,
1230,Karen Martinez,2012,6,6,Female,11230,0.3,4.2,7.7,6.9,6A,Scholar,6,,65-52-70,mathematics,,,,,,
1231,Karen Jackson,2008,1,9,Female,11231,1.7,3.0,2.1,8.5,10C,Talent,10,dance,,,,,,,,
1232,Lisa Wilson,2008,11,13,Female,11232,2.0,3.5,9.2,8.1,10C,Talent,10,dance,,,,,,,,
1233,Andrew Taylor,2008,5,13,Male,11233,1.5,0.1,4.3,8.6,10A,Scholar,10,,81-93-78,mathematics,,,,,,
1234,James Hernandez,2009,4,6,Male,11234,8.9,2.4,2.2,9.3,9B,Scholar,9,,57-89-53,mathematics,,,,,,
1235,Anna Johnson,2009,12,26,Female,11235,9.1,7.7,8.0,7.4,9B,Scholar,9,,79-68-96,mathematics,,,,,,
1236,Joseph Anderson,2006,4,5,Male,11236,0.7,6.2,9.1,6.4,12A,Scholar,12,,100-97-56,mathematics,,,,,,
1237,Michelle Jackson,2007,11,9,Female,11237,4.3,0.4,7.5,7.1,11C,Talent,11,drama,,,,,,,,
1238,Mark Anderson,2011,6,10,Male,11238,1.9,0.1,3.2,8.8,7B,Scholar,7,,62-70-99,mathematics,,,,,,
1239,Jennifer Jones,2007,7,28,Female,11239,9.3,5.5,3.1,8.5,11C,Sports,11,,,,52.0,cricket,,,,
1240,Susan Martinez,2008,9,21,Female,11240,6.0,8.4,1.4,6.7,10A,Scholar,10,,66-91-88,mathematics,,,,,,
1241,Samantha Moore,2006,5,5,Female,11241,0.8,2.9,1.8,7.3,12B,Sports,12,,,,82.0,cricket,,,,
1242,Emma Martin,2008,3,10,Female,11242,2.8,3.2,2.8,7.1,10A,Talent,10,drama,,,,,,,,
1243,Thomas Johnson,2006,3,20,Male,11243,3.3,4.4,0.1,6.2,12B,Sports,12,,,,80.4,cricket,,,,
1244,Paul Moore,2009,1,28,Male,11244,4.4,2.3,1.9,7.8,9A,Scholar,9,,68-85-79,mathematics,,,,,,
1245,Helen Johnson,2010,12,26,Female,11245,3.3,0.1,4.7,7.0,8C,Sports,8,,,,78.3,cricket,,,,
1246,Richard Smith,2008,4,6,Male,11246,0.6,2.3,9.3,8.8,10C,Sports,10,,,,56.3,chess,,,,
1247,Kenneth Miller,2008,12,14,Male,11247,4.1,3.5,2.3,8.4,10A,Sports,10,,,,90.6,cricket,,,,
1248,Lisa Jones,2009,5,6,Female,11248,9.2,8.6,3.9,8.2,9C,Scholar,9,,70-71-56,mathematics,,,,,,
1249,Jennifer Martinez,2008,5,28,Female,11249,5.3,5.0,8.9,8.0,10C,Scholar,10,,99-65-83,mathematics,,,,,,
1250,George Moore,2007,3,10,Male,11250,5.1,7.3,4.7,7.4,11C,Sports,11,,,,96.8,cricket,,,,
1251,James Martinez,2009,4,9,Male,11251,5.6,7.7,5.2,7.9,9B,Scholar,9,,63-64-62,mathematics,,,,,,
1252,Maria Taylor,2009,7,5,Female,11252,9.1,4.3,8.1,9.5,9A,Sports,9,,,,86.6,chess,,,,
1253,Sarah Miller,2012,9,27,Female,11253,3.0,4.4,1.0,6.2,6A,Talent,6,dance,,,,,,,,
1254,Michelle Martin,2012,8,17,Female,11254,2.5,8.2,7.2,7.5,6A,Scholar,6,,62-61-75,mathematics,,,,,,
1255,Kenneth Brown,2009,3,1,Male,11255,5.8,6.2,4.7,6.4,9A,Sports,9,,,,54.0,chess,,,,
1256,Donald Jones,2007,2,23,Male,11256,1.2,2.8,5.0,6.6,11C,Sports,11,,,,69.9,chess,,,,
1257,Michael Davis,2008,11,18,Male,11257,7.1,4.0,8.8,8.7,10A,Talent,10,singing,,,,,,,,
1258,Susan Miller,2008,8,19,Female,11258,2.0,4.8,0.8,8.4,10B,Scholar,10,,90-82-78,mathematics,,,,,,
1259,Andrew Taylor,2008,6,13,Male,11259,2.4,8.8,7.1,9.1,10C,Sports,10,,,,76.4,chess,,,,
1260,Samantha Thomas,2011,11,10,Female,11260,7.8,8.9,8.3,7.4,7A,Sports,7,,,,75.6,chess,,,,
1261,Maria Anderson,2010,10,11,Female,11261,9.1,8.7,3.0,7.2,8C,Talent,8,drama,,,,,,,,
1262,Jennifer Thomas,2010,1,26,Female,11262,7.2,0.9,6.3,8.9,8A,Scholar,8,,65-60-91,mathematics,,,,,,
1263,Richard Moore,2009,1,17,Male,11263,1.3,3.0,6.4,8.2,9A,Talent,9,dance,,,,,,,,
1264,Daniel Martin,2010,5,22,Male,11264,2.2,1.6,6.3,6.2,8B,Sports,8,,,,96.7,cricket,,,,
1265,George Williams,2008,12,21,Male,11265,1.7,6.7,6.4,8.0,10B,Scholar,10,,74-88-63,mathematics,,,,,,
1266,John Johnson,2006,1,24,Male,11266,3.6,3.3,4.9,9.0,12B,Scholar,12,,93-92-89,mathematics,,,,,,
1267,Joseph Johnson,2007,4,25,Male,11267,5.4,1.7,3.4,7.1,11A,Sports,11,,,,96.5,chess,,,,
1268,Karen Williams,2011,3,24,Female,11268,8.5,5.2,1.0,7.9,7A,Scholar,7,,94-80-91,science,,,,,,
1269,Robert Johnson,2007,12,19,Male,11269,0.6,7.5,4.7,7.7,11A,Talent,11,dance,,,,,,,,
1270,Susan Smith,2009,6,20,Female,11270,2.2,2.4,7.4,7.7,9A,Sports,9,,,,89.9,chess,,,,
1271,Mary Thomas,2008,12,10,Female,11271,1.7,9.0,8.1,9.6,10B,Scholar,10,,71-97-88,science,,,,,,
1272,Andrew Thomas,2009,1,22,Male,11272,0.1,0.8,5.7,6.3,9C,Talent,9,drama,,,,,,,,
1273,Matthew Jones,2011,3,5,Male,11273,4.3,4.3,7.4,6.2,7B,Sports,7,,,,74.2,cricket,,,,
1274,John Martinez,2012,5,7,Male,11274,2.9,9.1,9.0,9.5,6A,Talent,6,dance,,,,,,,,
1275,Kenneth Johnson,2010,9,9,Male,11275,2.7,7.1,6.4,8.8,8A,Sports,8,,,,89.6,cricket,,,,
1276,Jennifer Jackson,2007,1,8,Female,11276,6.8,1.2,7.5,7.2,11A,Scholar,11,,94-82-61,mathematics,,,,,,
1277,Anthony Johnson,2006,3,7,Male,11277,2.4,5.7,6.3,8.1,12B,Scholar,12,,65-83-59,mathematics,,,,,,
1278,Paul Moore,2007,8,20,Male,11278,4.6,4.6,1.5,7.3,11C,Scholar,11,,76-90-68,mathematics,,,,,,
1279,Lisa Jones,2007,10,7,Female,11279,0.7,9.3,1.8,6.5,11B,Talent,11,singing,,,,,,,,
1280,Matthew Davis,2008,4,27,Male,11280,7.8,7.6,8.3,7.3,10C,Talent,10,dance,,,,,,,,
1281,Elizabeth Wilson,2008,3,22,Female,11281,5.0,4.6,6.8,9.6,10C,Talent,10,dance,,,,,,,,
1282,Joseph Martin,2010,9,11,Male,11282,1.0,6.5,4.6,6.4,8B,Scholar,8,,92-55-78,science,,,,,,
1283,James Brown,2012,12,11,Male,11283,5.4,4.4,9.3,9.3,6B,Sports,6,,,,54.7,cricket,,,,
1284,Robert Martinez,2011,4,22,Male,11284,4.7,0.6,5.8,8.3,7B,Talent,7,drama,,,,,,,,
1285,Robert Anderson,2006,2,15,Male,11285,9.1,5.3,7.6,6.8,12C,Sports,12,,,,91.3,chess,,,,
1286,Anna Hernandez,2007,9,4,Female,11286,0.2,2.6,9.4,7.1,11B,Talent,11,singing,,,,,,,,
1287,Matthew Anderson,2006,7,14,Male,11287,8.6,4.1,4.3,6.2,12A,Scholar,12,,55-62-94,mathematics,,,,,,
1288,Sandra Gonzalez,2012,6,5,Female,11288,7.0,8.1,4.5,9.4,6A,Scholar,6,,55-76-76,mathematics,,,,,,
1289,Elizabeth Hernandez,2006,4,14,Female,11289,1.8,2.2,4.9,6.0,12B,Talent,12,drama,,,,,,,,
1290,Charles Jones,2010,6,25,Male,11290,1.1,2.6,1.6,9.5,8B,Talent,8,drama,,,,,,,,
1291,Charles Johnson,2012,4,9,Male,11291,2.9,4.5,7.6,7.4,6B,Sports,6,,,,72.8,cricket,,,,
1292,Sarah Rodriguez,2006,6,8,Female,11292,6.1,6.4,6.3,7.7,12C,Talent,12,singing,,,,,,,,
1293,Susan Lopez,2010,1,18,Female,11293,0.6,6.5,6.8,6.9,8C,Scholar,8,,90-95-94,science,,,,,,
1294,Elizabeth Jones,2007,6,20,Female,11294,6.1,4.4,2.4,8.7,11A,Sports,11,,,,54.4,cricket,,,,
1295,Patricia Brown,2011,6,10,Female,11295,2.1,4.5,6.8,7.3,7C,Talent,7,dance,,,,,,,,
1296,Joseph Taylor,2011,2,18,Male,11296,1.2,7.3,2.7,9.1,7C,Talent,7,dance,,,,,,,,
1297,Michael Thomas,2009,11,28,Male,11297,6.8,5.8,1.1,9.7,9C,Sports,9,,,,77.0,chess,,,,
1298,Michael Jackson,2011,4,17,Male,11298,5.1,3.2,6.9,9.5,7B,Talent,7,dance,,,,,,,,
1299,Joseph Taylor,2007,11,1,Male,11299,5.9,2.4,8.5,8.9,11C,Talent,11,singing,,,,,,,,
1300,Robert Lopez,2009,4,11,Male,11300,2.9,4.6,1.5,8.5,9A,Sports,9,,,,64.3,cricket,,,,
1301,Donald Wilson,2011,3,10,Male,11301,6.6,3.8,1.5,7.2,7A,Scholar,7,,71-71-88,science,,,,,,
1302,Anthony Garcia,2009,2,25,Male,11302,1.4,4.4,0.8,6.8,9A,Talent,9,drama,,,,,,,,
1303,Joseph Thomas,2008,2,5,Male,11303,1.4,8.6,1.0,6.5,10A,Sports,10,,,,78.6,chess,,,,
1304,Mary Gonzalez,2007,4,23,Female,11304,7.7,6.3,1.4,8.5,11B,Talent,11,singing,,,,,,,,
1305,Elizabeth Taylor,2008,1,17,Female,11305,2.2,2.5,7.7,7.9,10C,Sports,10,,,,63.2,cricket,,,,
1306,Charles Lopez,2007,6,24,Male,11306,1.1,7.8,2.1,9.7,11B,Scholar,11,,76-62-56,science,,,,,,
1307,Jessica Taylor,2009,3,8,Female,11307,4.7,1.1,4.8,8.5,9C,Sports,9,,,,59.8,cricket,,,,
1308,Daniel Davis,2012,9,18,Male,11308,5.7,2.9,1.9,7.7,6A,Scholar,6,,84-59-63,science,,,,,,
1309,Samantha Johnson,2007,5,22,Female,11309,2.1,3.7,0.5,9.4,11B,Sports,11,,,,72.7,cricket,,,,
1310,Michelle Moore,2006,12,10,Female,11310,1.4,4.2,7.6,9.2,12C,Talent,12,drama,,,,,,,,
1311,Anthony Taylor,2012,10,28,Male,11311,4.6,4.7,0.8,8.6,6C,Sports,6,,,,56.6,chess,,,,
1312,Linda Taylor,2007,12,2,Female,11312,7.0,4.2,5.0,8.9,11B,Scholar,11,,88-69-80,science,,,,,,
1313,Michael Jones,2012,8,12,Male,11313,0.7,2.4,7.5,8.2,6B,Scholar,6,,76-69-57,science,,,,,,
1314,Donald Johnson,2007,3,4,Male,11314,1.1,6.0,1.5,7.9,11A,Sports,11,,,,80.3,cricket,,,,
1315,Donald Jones,2011,4,11,Male,11315,6.6,7.9,7.5,8.5,7B,Scholar,7,,87-99-77,mathematics,,,,,,
1316,John Moore,2008,5,8,Male,11316,0.8,4.1,5.7,7.7,10A,Talent,10,singing,,,,,,,,
1317,Anna Taylor,2006,10,14,Female,11317,2.4,6.7,5.4,9.7,12C,Scholar,12,,73-97-97,mathematics,,,,,,
1318,Kenneth Davis,2012,7,7,Male,11318,3.8,2.5,5.9,8.8,6B,Talent,6,singing,,,,,,,,
1319,Robert Jones,2007,11,18,Male,11319,5.6,3.4,2.7,6.0,11C,Sports,11,,,,80.3,chess,,,,
1320,Sandra Moore,2008,7,20,Female,11320,3.6,8.5,8.0,8.0,10C,Scholar,10,,79-58-61,science,,,,,,
1321,James Anderson,2011,10,8,Male,11321,0.1,4.8,3.5,6.0,7A,Sports,7,,,,69.2,cricket,,,,
1322,William Williams,2011,7,2,Male,11322,9.0,5.4,1.6,7.2,7B,Talent,7,drama,,,,,,,,
1323,Anna Brown,2007,3,7,Female,11323,0.1,8.7,9.4,8.3,11C,Sports,11,,,,86.2,chess,,,,
1324,David Gonzalez,2011,7,4,Male,11324,6.5,8.0,0.1,9.6,7C,Sports,7,,,,64.5,cricket,,,,
1325,Emma Johnson,2006,3,2,Female,11325,5.7,6.2,1.2,6.7,12B,Scholar,12,,69-82-83,science,,,,,,
1326,Richard Lopez,2012,12,23,Male,11326,6.5,8.3,1.7,6.8,6B,Scholar,6,,93-64-72,science,,,,,,
1327,Maria Gonzalez,2012,8,20,Female,11327,5.2,3.4,3.8,6.1,6B,Talent,6,singing,,,,,,,,
1328,Steven Jones,2006,12,7,Male,11328,2.0,6.3,6.5,7.6,12C,Talent,12,drama,,,,,,,,
1329,Mary Davis,2012,5,15,Female,11329,8.1,5.1,6.2,7.0,6C,Sports,6,,,,74.0,cricket,,,,
1330,David Williams,2010,5,3,Male,11330,2.1,3.1,9.4,9.9,8C,Sports,8,,,,70.6,chess,,,,
1331,Daniel Brown,2009,7,24,Male,11331,4.9,2.3,1.7,8.8,9A,Sports,9,,,,90.4,chess,,,,
1332,Robert Taylor,2007,7,2,Male,11332,5.4,8.6,0.3,8.3,11A,Sports,11,,,,63.6,cricket,,,,
1333,William Wilson,2006,5,1,Male,11333,6.8,0.2,8.2,6.5,12A,Scholar,12,,75-63-85,mathematics,,,,,,
1334,John Smith,2011,4,28,Male,11334,2.9,4.0,4.5,10.0,7C,Sports,7,,,,69.4,chess,,,,
1335,Joseph Davis,2007,5,3,Male,11335,2.2,5.9,5.7,6.8,11C,Sports,11,,,,61.6,cricket,,,,
1336,Sarah Martinez,2011,3,26,Female,11336,6.1,6.9,4.5,6.0,7B,Scholar,7,,99-68-70,science,,,,,,
1337,Jennifer Jackson,2011,5,10,Female,11337,4.9,4.1,6.3,6.2,7A,Sports,7,,,,53.7,cricket,,,,
1338,Matthew Davis,2012,5,9,Male,11338,2.2,3.2,0.1,9.1,6B,Sports,6,,,,88.6,cricket,,,,
1339,William Garcia,2009,8,17,Male,11339,3.4,8.1,3.3,9.3,9C,Talent,9,drama,,,,,,,,
1340,Helen Moore,2006,9,22,Female,11340,3.9,4.8,2.3,6.9,12B,Scholar,12,,58-67-96,mathematics,,,,,,
1341,Robert Wilson,2011,1,18,Male,11341,7.4,3.3,5.3,7.6,7C,Sports,7,,,,69.9,cricket,,,,
1342,Richard Hernandez,2009,1,1,Male,11342,5.6,4.7,3.3,9.2,9A,Talent,9,dance,,,,,,,,
1343,Anthony Johnson,2009,11,8,Male,11343,5.9,3.6,7.5,7.6,9A,Talent,9,drama,,,,,,,,
1344,Anna Martin,2006,12,28,Female,11344,7.7,9.4,5.0,8.9,12A,Sports,12,,,,86.9,cricket,,,,
1345,John Lopez,2011,9,25,Male,11345,8.5,1.9,7.7,9.6,7C,Talent,7,singing,,,,,,,,
1346,Joseph Gonzalez,2006,7,23,Male,11346,4.8,6.0,3.7,9.6,12B,Sports,12,,,,66.8,cricket,,,,
1347,Joseph Williams,2007,8,25,Male,11347,0.6,2.6,1.9,8.1,11C,Sports,11,,,,72.9,chess,,,,
1348,John Thomas,2010,3,6,Male,11348,5.6,4.0,6.5,7.8,8C,Scholar,8,,70-67-56,mathematics,,,,,,
1349,Anna Davis,2006,4,17,Female,11349,4.7,4.2,4.5,6.1,12B,Scholar,12,,82-73-84,science,,,,,,
1350,John Johnson,2009,11,14,Male,11350,8.4,4.6,6.6,8.1,9A,Talent,9,dance,,,,,,,,
1351,Maria Martinez,2010,12,2,Female,11351,0.5,1.9,6.4,6.4,8C,Talent,8,drama,,,,,,,,
1352,Andrew Martin,2007,7,2,Male,11352,6.5,1.2,2.9,6.1,11A,Talent,11,singing,,,,,,,,
1353,Christine Lopez,2012,9,5,Female,11353,4.0,8.1,7.2,10.0,6B,Scholar,6,,89-70-50,mathematics,,,,,,
1354,John Moore,2009,1,21,Male,11354,5.4,8.1,8.1,9.1,9B,Scholar,9,,93-73-64,mathematics,,,,,,
1355,Emma Johnson,2011,9,2,Female,11355,2.3,7.5,4.3,6.1,7C,Scholar,7,,79-100-55,mathematics,,,,,,
1356,Michael Jackson,2010,1,19,Male,11356,1.0,2.5,2.3,9.8,8B,Sports,8,,,,89.5,cricket,,,,
1357,Mark Wilson,2009,1,24,Male,11357,0.2,8.1,0.8,6.3,9A,Scholar,9,,56-80-74,mathematics,,,,,,
1358,Anthony Hernandez,2009,6,20,Male,11358,1.6,3.3,4.8,9.4,9A,Sports,9,,,,67.4,cricket,,,,
1359,John Gonzalez,2010,2,17,Male,11359,3.4,4.5,0.4,8.8,8A,Sports,8,,,,66.8,cricket,,,,
1360,Jennifer Gonzalez,2012,5,28,Female,11360,6.3,5.1,0.5,7.2,6A,Talent,6,singing,,,,,,,,
1361,John Smith,2009,12,7,Male,11361,7.3,2.4,3.3,9.8,9B,Talent,9,singing,,,,,,,,
1362,Jessica Davis,2008,10,22,Female,11362,9.2,9.4,9.4,8.9,10A,Sports,10,,,,76.5,chess,,,,
1363,John Lopez,2010,6,8,Male,11363,2.0,1.6,5.5,7.1,8C,Scholar,8,,87-89-82,mathematics,,,,,,
1364,David Lopez,2006,11,14,Male,11364,8.3,6.2,2.0,9.1,12C,Sports,12,,,,84.7,chess,,,,
1365,David Wilson,2010,12,13,Male,11365,5.0,2.3,1.2,7.7,8C,Scholar,8,,91-50-94,science,,,,,,
1366,Michael Martinez,2010,4,18,Male,11366,5.6,7.5,5.1,9.7,8B,Sports,8,,,,53.6,cricket,,,,
1367,Steven Jones,2008,6,14,Male,11367,7.1,7.9,9.4,6.9,10A,Talent,10,drama,,,,,,,,
1368,Patricia Miller,2007,12,24,Female,11368,0.8,6.1,6.0,9.8,11C,Talent,11,dance,,,,,,,,
1369,Helen Hernandez,2007,1,4,Female,11369,6.5,3.9,9.0,9.2,11A,Talent,11,dance,,,,,,,,
1370,Samantha Miller,2009,3,8,Female,11370,6.3,3.1,7.2,8.0,9A,Scholar,9,,94-61-82,mathematics,,,,,,
1371,Charles Miller,2010,9,20,Male,11371,4.1,3.9,5.2,7.9,8B,Talent,8,dance,,,,,,,,
1372,William Lopez,2009,6,5,Male,11372,9.3,7.2,5.7,7.1,9B,Talent,9,drama,,,,,,,,
1373,Samantha Garcia,2006,4,7,Female,11373,3.6,9.2,7.7,9.2,12B,Sports,12,,,,70.4,chess,,,,
1374,George Martin,2008,5,27,Male,11374,6.3,1.1,4.8,8.0,10A,Sports,10,,,,56.0,cricket,,,,
1375,Mary Rodriguez,2008,11,7,Female,11375,0.5,5.1,0.4,9.8,10C,Sports,10,,,,75.6,cricket,,,,
1376,Samantha Brown,2006,1,26,Female,11376,2.2,6.5,2.9,8.4,12C,Talent,12,dance,,,,,,,,
1377,Daniel Gonzalez,2012,12,28,Male,11377,1.9,1.5,4.2,8.0,6C,Sports,6,,,,55.7,cricket,,,,
1378,Steven Lopez,2011,7,23,Male,11378,0.5,4.5,5.1,8.0,7B,Talent,7,dance,,,,,,,,
1379,Mark Rodriguez,2010,3,15,Male,11379,5.9,2.9,7.9,9.8,8B,Sports,8,,,,57.4,cricket,,,,
1380,Jennifer Hernandez,2012,2,20,Female,11380,4.9,6.5,8.0,9.5,6A,Scholar,6,,81-77-62,science,,,,,,
1381,Andrew Hernandez,2009,8,18,Male,11381,0.6,1.3,7.2,9.5,9B,Talent,9,singing,,,,,,,,
1382,Samantha Miller,2006,1,13,Female,11382,8.5,3.5,8.3,7.6,12B,Scholar,12,,66-53-79,science,,,,,,
1383,Jennifer Gonzalez,2008,4,3,Female,11383,2.9,9.0,2.2,8.6,10C,Scholar,10,,99-56-88,mathematics,,,,,,
1384,Linda Hernandez,2009,4,2,Female,11384,2.6,8.6,8.3,7.0,9B,Scholar,9,,86-61-86,mathematics,,,,,,
1385,Anna Moore,2011,7,28,Female,11385,3.3,6.6,0.5,6.7,7C,Sports,7,,,,90.4,chess,,,,
1386,Mary Wilson,2006,8,26,Female,11386,0.7,0.1,7.6,8.4,12B,Scholar,12,,89-72-71,mathematics,,,,,,
1387,Michelle Garcia,2006,7,15,Female,11387,3.2,0.6,2.6,7.3,12A,Talent,12,drama,,,,,,,,
1388,Patricia Garcia,2012,7,6,Female,11388,4.9,3.7,4.8,7.7,6C,Scholar,6,,58-51-51,science,,,,,,
1389,John Wilson,2009,10,27,Male,11389,6.6,1.5,0.0,8.9,9A,Talent,9,dance,,,,,,,,
1390,David Miller,2008,9,15,Male,11390,6.1,2.9,7.7,7.0,10B,Talent,10,drama,,,,,,,,
1391,Joseph Garcia,2011,2,13,Male,11391,6.6,8.9,7.6,7.9,7A,Scholar,7,,69-97-53,science,,,,,,
1392,Lisa Wilson,2012,10,26,Female,11392,1.5,8.6,0.5,6.4,6C,Sports,6,,,,78.7,cricket,,,,
1393,Lisa Hernandez,2009,2,16,Female,11393,3.5,6.0,5.1,7.9,9C,Talent,9,singing,,,,,,,,
1394,Laura Davis,2008,5,6,Female,11394,5.8,8.0,6.7,6.4,10B,Scholar,10,,55-97-64,science,,,,,,
1395,Thomas Anderson,2009,8,6,Male,11395,6.2,2.0,7.7,7.0,9B,Sports,9,,,,88.1,chess,,,,
1396,Patricia Taylor,2007,10,15,Female,11396,5.1,1.8,2.9,9.9,11A,Scholar,11,,94-87-61,mathematics,,,,,,
1397,Jessica Taylor,2012,2,12,Female,11397,8.4,4.1,1.3,7.6,6C,Sports,6,,,,74.6,chess,,,,
1398,Karen Johnson,2006,10,25,Female,11398,4.5,1.5,6.4,9.3,12B,Talent,12,dance,,,,,,,,
1399,Joseph Smith,2011,1,9,Male,11399,9.0,9.3,6.3,8.6,7C,Talent,7,drama,,,,,,,,
1400,Michael Garcia,2008,5,23,Male,11400,4.4,3.9,5.2,6.7,10A,Talent,10,drama,,,,,,,,
1401,David Martin,2010,11,10,Male,11401,6.3,3.3,6.7,7.6,8C,Scholar,8,,92-69-93,science,,,,,,
1402,Helen Wilson,2012,10,2,Female,11402,9.3,0.7,7.1,6.8,6C,Sports,6,,,,79.5,chess,,,,
1403,Sarah Miller,2012,8,5,Female,11403,7.0,9.2,4.6,6.1,6B,Scholar,6,,87-63-84,science,,,,,,
1404,Linda Martin,2008,8,8,Female,11404,4.3,2.7,0.7,8.2,10B,Scholar,10,,58-57-74,mathematics,,,,,,
1405,David Anderson,2012,11,2,Male,11405,0.9,0.4,1.7,8.1,6B,Scholar,6,,100-95-56,science,,,,,,
1406,George Jackson,2012,4,10,Male,11406,2.0,1.2,3.4,8.4,6B,Scholar,6,,86-84-89,mathematics,,,,,,
1407,Patricia Johnson,2012,9,1,Female,11407,4.1,7.5,7.9,6.8,6C,Scholar,6,,51-93-82,mathematics,,,,,,
1408,Kenneth Martin,2006,3,16,Male,11408,5.3,1.9,0.6,6.6,12A,Talent,12,drama,,,,,,,,
1409,George Jackson,2007,6,7,Male,11409,7.3,9.4,9.2,7.5,11A,Talent,11,singing,,,,,,,,
1410,Sandra Garcia,2006,2,20,Female,11410,7.1,5.5,3.9,9.9,12B,Talent,12,drama,,,,,,,,
1411,Michelle Miller,2007,7,2,Female,11411,0.7,7.5,2.9,7.3,11A,Sports,11,,,,88.8,chess,,,,
1412,Mark Jackson,2006,6,19,Male,11412,0.4,6.2,2.5,8.0,12B,Sports,12,,,,68.7,cricket,,,,
1413,Mary Smith,2012,9,1,Female,11413,5.4,5.8,0.5,8.3,6B,Sports,6,,,,60.9,chess,,,,
1414,Joseph Wilson,2006,12,7,Male,11414,4.6,5.0,6.7,7.6,12A,Talent,12,singing,,,,,,,,
1415,George Thomas,2006,6,7,Male,11415,4.4,3.9,5.5,7.3,12B,Sports,12,,,,64.7,chess,,,,
1416,William Miller,2007,11,11,Male,11416,7.8,4.6,8.3,8.9,11A,Sports,11,,,,57.5,chess,,,,
1417,Emma Johnson,2011,2,23,Female,11417,2.5,4.5,6.6,8.1,7B,Scholar,7,,77-50-61,science,,,,,,
1418,Barbara Rodriguez,2011,7,20,Female,11418,9.1,9.4,6.3,8.1,7B,Sports,7,,,,62.4,cricket,,,,
1419,David Hernandez,2009,7,18,Male,11419,1.5,5.4,0.1,8.3,9B,Sports,9,,,,94.7,cricket,,,,
1420,Samantha Lopez,2009,11,20,Female,11420,9.2,2.2,3.6,8.2,9A,Talent,9,dance,,,,,,,,
1421,Helen Gonzalez,2010,6,15,Female,11421,6.4,7.9,8.9,7.1,8B,Talent,8,drama,,,,,,,,
1422,Samantha Martin,2010,7,26,Female,11422,6.6,1.3,4.1,8.6,8A,Scholar,8,,50-99-100,science,,,,,,
1423,James Davis,2012,11,14,Male,11423,3.9,3.8,3.0,7.6,6B,Talent,6,drama,,,,,,,,
1424,Jessica Garcia,2007,10,28,Female,11424,0.4,5.4,1.2,6.2,11B,Sports,11,,,,80.7,chess,,,,
1425,Helen Wilson,2010,3,4,Female,11425,8.5,8.0,5.7,10.0,8B,Scholar,8,,57-73-89,mathematics,,,,,,
1426,Anthony Williams,2008,7,19,Male,11426,0.2,8.9,8.7,8.9,10A,Scholar,10,,84-51-51,mathematics,,,,,,
1427,Maria Brown,2008,6,20,Female,11427,7.6,9.4,3.1,7.0,10A,Scholar,10,,89-82-52,mathematics,,,,,,
1428,Christine Garcia,2008,4,18,Female,11428,4.8,3.0,2.3,7.6,10B,Talent,10,drama,,,,,,,,
1429,Christine Gonzalez,2006,8,4,Female,11429,4.6,2.0,7.3,7.3,12A,Sports,12,,,,53.2,cricket,,,,
1430,Barbara Jackson,2012,3,21,Female,11430,6.6,1.3,4.0,8.9,6A,Sports,6,,,,72.9,cricket,,,,
1431,Patricia Miller,2012,4,17,Female,11431,5.5,8.1,7.2,6.9,6A,Talent,6,drama,,,,,,,,
1432,Michelle Williams,2011,6,8,Female,11432,6.7,5.9,4.4,6.1,7B,Scholar,7,,98-57-55,science,,,,,,
1433,Daniel Anderson,2007,5,24,Male,11433,3.1,9.5,5.8,8.9,11A,Talent,11,singing,,,,,,,,
1434,Susan Lopez,2009,12,6,Female,11434,7.9,3.6,5.9,7.3,9B,Talent,9,dance,,,,,,,,
1435,David Rodriguez,2010,11,12,Male,11435,2.8,5.8,3.8,7.4,8C,Scholar,8,,75-67-93,mathematics,,,,,,
1436,Elizabeth Anderson,2012,5,21,Female,11436,9.3,3.9,1.1,6.3,6B,Talent,6,singing,,,,,,,,
1437,Lisa Anderson,2012,7,19,Female,11437,8.5,3.7,6.7,6.9,6C,Sports,6,,,,76.1,chess,,,,
1438,Maria Williams,2012,2,9,Female,11438,7.8,1.7,8.0,9.7,6A,Talent,6,singing,,,,,,,,
1439,Jennifer Thomas,2009,10,28,Female,11439,4.9,0.3,6.6,7.7,9B,Talent,9,singing,,,,,,,,
1440,Linda Rodriguez,2008,2,27,Female,11440,9.4,1.2,5.5,6.5,10C,Scholar,10,,80-82-76,mathematics,,,,,,
1441,Jessica Smith,2009,12,19,Female,11441,8.3,2.1,6.5,8.7,9C,Talent,9,dance,,,,,,,,
1442,Maria Hernandez,2011,1,3,Female,11442,7.4,0.1,4.7,8.7,7C,Scholar,7,,89-86-78,mathematics,,,,,,
1443,Christine Hernandez,2006,10,12,Female,11443,5.9,2.4,7.8,7.4,12B,Scholar,12,,74-66-56,science,,,,,,
1444,Richard Smith,2006,10,6,Male,11444,8.1,3.1,8.9,7.4,12A,Talent,12,drama,,,,,,,,
1445,Matthew Garcia,2010,3,26,Male,11445,7.2,7.0,8.6,7.0,8A,Talent,8,dance,,,,,,,,
1446,Anna Taylor,2007,6,22,Female,11446,4.5,5.2,6.3,9.9,11A,Scholar,11,,98-61-93,mathematics,,,,,,
1447,Susan Brown,2007,3,27,Female,11447,3.5,4.0,7.8,8.3,11A,Sports,11,,,,89.3,cricket,,,,
1448,Laura Miller,2011,9,2,Female,11448,9.2,7.7,0.8,8.1,7A,Scholar,7,,100-79-66,mathematics,,,,,,
1449,David Anderson,2011,1,17,Male,11449,1.8,9.5,6.2,8.3,7C,Scholar,7,,94-100-57,science,,,,,,
1450,Paul Johnson,2008,1,26,Male,11450,7.2,3.4,0.8,6.7,10C,Scholar,10,,61-76-68,mathematics,,,,,,
1451,Paul Anderson,2011,4,16,Male,11451,5.4,5.7,9.2,7.9,7B,Scholar,7,,56-98-51,science,,,,,,
1452,Linda Martinez,2010,11,26,Female,11452,6.4,0.3,0.6,6.7,8B,Talent,8,singing,,,,,,,,
1453,Patricia Smith,2010,8,20,Female,11453,2.6,4.2,0.6,7.7,8C,Scholar,8,,97-82-56,mathematics,,,,,,
1454,Elizabeth Moore,2006,5,3,Female,11454,4.8,3.1,7.7,6.5,12B,Talent,12,dance,,,,,,,,
1455,Patricia Miller,2008,11,14,Female,11455,5.0,0.7,2.7,9.3,10B,Talent,10,drama,,,,,,,,
1456,Patricia Brown,2008,12,22,Female,11456,5.0,1.0,4.5,7.0,10A,Sports,10,,,,50.2,chess,,,,
1457,Helen Hernandez,2007,1,28,Female,11457,4.1,8.8,1.5,7.2,11B,Talent,11,dance,,,,,,,,
1458,Donald Smith,2009,3,20,Male,11458,9.1,6.8,6.5,9.1,9C,Sports,9,,,,51.4,chess,,,,
1459,George Miller,2008,10,11,Male,11459,9.4,1.8,1.4,8.3,10C,Scholar,10,,77-77-73,science,,,,,,
1460,Jennifer Thomas,2011,2,20,Female,11460,7.7,3.1,7.9,8.1,7B,Sports,7,,,,62.4,cricket,,,,
1461,Charles Miller,2012,9,23,Male,11461,7.7,2.9,0.1,9.4,6C,Sports,6,,,,74.9,chess,,,,
1462,Mary Williams,2010,8,6,Female,11462,3.0,0.3,5.9,9.1,8B,Sports,8,,,,96.4,cricket,,,,
1463,Donald Martinez,2010,12,20,Male,11463,2.1,8.1,0.6,7.2,8B,Talent,8,drama,,,,,,,,
1464,Susan Taylor,2007,12,22,Female,11464,1.5,4.4,8.2,9.4,11C,Talent,11,drama,,,,,,,,
1465,Anna Martin,2007,3,28,Female,11465,4.3,9.3,4.1,8.7,11B,Talent,11,dance,,,,,,,,
1466,Helen Miller,2008,11,9,Female,11466,7.5,2.1,4.7,8.5,10B,Sports,10,,,,83.9,chess,,,,
1467,Anna Moore,2009,9,14,Female,11467,7.5,1.5,6.4,9.5,9C,Talent,9,drama,,,,,,,,
1468,Charles Moore,2007,9,14,Male,11468,3.7,5.9,6.7,6.2,11A,Scholar,11,,61-80-62,science,,,,,,
1469,Donald Moore,2008,9,20,Male,11469,3.9,1.6,4.2,6.4,10A,Talent,10,singing,,,,,,,,
1470,Anna Garcia,2011,1,26,Female,11470,2.4,3.0,5.0,7.7,7B,Talent,7,drama,,,,,,,,
1471,Daniel Rodriguez,2011,2,1,Male,11471,1.8,7.7,1.8,8.4,7B,Talent,7,dance,,,,,,,,
1472,Michelle Anderson,2012,10,14,Female,11472,7.8,5.8,2.4,9.0,6A,Talent,6,dance,,,,,,,,
1473,Elizabeth Rodriguez,2007,5,22,Female,11473,2.4,1.7,0.9,7.0,11C,Scholar,11,,69-100-62,science,,,,,,
1474,Mary Wilson,2009,12,20,Female,11474,2.6,7.7,3.1,6.1,9B,Scholar,9,,95-90-77,mathematics,,,,,,
1475,Elizabeth Jones,2009,8,20,Female,11475,7.2,4.3,0.6,6.5,9A,Sports,9,,,,56.4,chess,,,,
1476,Steven Taylor,2008,11,27,Male,11476,4.4,8.6,8.8,8.0,10B,Scholar,10,,75-76-79,mathematics,,,,,,
1477,Elizabeth Williams,2010,4,28,Female,11477,6.0,4.6,8.0,9.5,8C,Talent,8,singing,,,,,,,,
1478,Christine Miller,2006,10,5,Female,11478,3.1,3.6,5.2,6.7,12A,Sports,12,,,,95.3,chess,,,,
1479,Lisa Brown,2006,1,13,Female,11479,6.1,1.2,2.8,9.3,12C,Sports,12,,,,92.6,cricket,,,,
1480,Matthew Garcia,2011,1,11,Male,11480,3.1,2.5,8.1,8.0,7A,Talent,7,drama,,,,,,,,
1481,Sandra Thomas,2007,3,15,Female,11481,6.4,1.5,4.9,7.6,11A,Talent,11,dance,,,,,,,,
1482,Karen Jackson,2008,12,24,Female,11482,7.9,6.2,0.9,6.4,10B,Sports,10,,,,96.2,chess,,,,
1483,Charles Martin,2012,5,3,Male,11483,1.2,2.2,6.3,9.1,6A,Sports,6,,,,63.0,chess,,,,
1484,Anna Miller,2009,12,20,Female,11484,2.0,1.5,2.6,8.6,9A,Sports,9,,,,68.0,cricket,,,,
1485,Donald Jones,2012,5,23,Male,11485,0.8,5.6,5.2,6.2,6C,Talent,6,dance,,,,,,,,
1486,Michael Smith,2010,12,25,Male,11486,3.0,7.9,5.3,6.8,8C,Sports,8,,,,85.7,chess,,,,
1487,Kenneth Martinez,2006,11,15,Male,11487,4.0,8.7,8.3,8.2,12C,Scholar,12,,82-97-67,science,,,,,,
1488,Laura Miller,2012,6,2,Female,11488,7.6,9.1,8.7,7.2,6C,Sports,6,,,,73.5,chess,,,,
1489,Christine Brown,2010,7,27,Female,11489,4.4,2.8,5.5,7.8,8A,Talent,8,dance,,,,,,,,
1490,Christine Martin,2008,1,1,Female,11490,3.2,4.4,8.5,8.7,10B,Sports,10,,,,50.4,cricket,,,,
1491,Lisa Johnson,2010,1,20,Female,11491,8.0,6.5,8.7,8.9,8B,Sports,8,,,,60.4,chess,,,,
1492,Paul Wilson,2010,12,1,Male,11492,5.9,0.6,6.1,8.7,8B,Scholar,8,,79-100-64,science,,,,,,
1493,Christine Miller,2010,12,14,Female,11493,3.9,5.3,4.0,10.0,8A,Talent,8,singing,,,,,,,,
1494,Helen Rodriguez,2006,10,28,Female,11494,3.2,9.3,2.1,6.7,12B,Scholar,12,,57-94-89,science,,,,,,
1495,Jennifer Thomas,2012,12,24,Female,11495,1.0,5.6,8.8,7.8,6B,Talent,6,drama,,,,,,,,
1496,Lisa Smith,2006,1,16,Female,11496,0.8,8.4,4.4,7.8,12A,Sports,12,,,,68.9,cricket,,,,
1497,Mark Thomas,2012,5,17,Male,11497,3.2,5.3,5.6,8.1,6A,Talent,6,singing,,,,,,,,
1498,Helen Rodriguez,2007,1,24,Female,11498,4.2,6.5,1.8,8.3,11B,Talent,11,singing,,,,,,,,
1499,Samantha Wilson,2008,10,27,Female,11499,4.1,8.2,6.7,8.6,10C,Scholar,10,,69-53-72,science,,,,,,
1500,Michael Hernandez,2012,9,20,Male,11500,1.2,7.0,2.0,7.9,6B,Sports,6,,,,60.7,chess,,,,
1501,Lisa Williams,2007,2,12,Female,11501,1.0,0.6,1.3,7.2,11A,Talent,11,singing,,,,,,,,
1502,Andrew Gonzalez,2012,5,26,Male,11502,3.4,6.1,8.8,8.0,6A,Sports,6,,,,72.0,chess,,,,
1503,Matthew Jackson,2012,8,26,Male,11503,5.7,8.1,9.2,6.3,6C,Scholar,6,,100-71-73,science,,,,,,
1504,Michelle Johnson,2011,8,2,Female,11504,4.2,3.2,4.7,9.3,7C,Scholar,7,,82-65-65,science,,,,,,
1505,Samantha Rodriguez,2008,3,21,Female,11505,6.9,0.9,6.3,9.2,10A,Scholar,10,,55-90-54,science,,,,,,
1506,David Wilson,2009,10,13,Male,11506,5.2,4.4,2.9,6.3,9B,Sports,9,,,,72.1,chess,,,,
1507,Daniel Jones,2011,8,24,Male,11507,5.9,1.6,0.7,8.6,7B,Sports,7,,,,70.6,chess,,,,
1508,Patricia Wilson,2006,7,7,Female,11508,0.8,3.5,4.7,7.0,12C,Scholar,12,,70-70-78,science,,,,,,
1509,David Taylor,2008,10,22,Male,11509,9.2,1.1,5.8,7.7,10C,Talent,10,singing,,,,,,,,
1510,Barbara Taylor,2010,9,15,Female,11510,0.5,0.1,8.7,9.0,8C,Talent,8,drama,,,,,,,,
1511,Lisa Garcia,2010,3,11,Female,11511,1.0,0.1,8.4,7.9,8C,Scholar,8,,99-67-99,science,,,,,,
1512,David Garcia,2012,3,1,Male,11512,7.3,0.7,5.8,9.2,6A,Scholar,6,,71-90-75,science,,,,,,
1513,John Thomas,2010,2,19,Male,11513,7.3,4.7,8.0,9.6,8A,Talent,8,dance,,,,,,,,
1514,Mary Anderson,2012,5,7,Female,11514,5.9,8.5,5.9,6.1,6C,Talent,6,drama,,,,,,,,
1515,Jessica Brown,2006,12,24,Female,11515,3.5,5.4,0.4,8.6,12C,Talent,12,dance,,,,,,,,
1516,Maria Anderson,2012,1,13,Female,11516,4.2,2.8,1.3,7.3,6B,Scholar,6,,60-93-77,science,,,,,,
1517,Susan Johnson,2006,12,5,Female,11517,2.3,7.7,9.1,9.0,12B,Sports,12,,,,56.5,cricket,,,,
1518,Mary Gonzalez,2009,10,19,Female,11518,2.6,4.8,0.2,8.1,9A,Scholar,9,,58-84-52,science,,,,,,
1519,Lisa Brown,2010,4,20,Female,11519,0.1,0.2,3.6,8.9,8B,Sports,8,,,,70.8,cricket,,,,
1520,Helen Gonzalez,2010,4,24,Female,11520,2.3,3.8,5.8,8.6,8A,Scholar,8,,100-99-99,science,,,,,,
1521,Charles Johnson,2010,4,12,Male,11521,3.4,7.0,8.0,8.4,8A,Talent,8,dance,,,,,,,,
1522,Samantha Miller,2008,4,22,Female,11522,6.0,6.3,7.0,7.3,10C,Sports,10,,,,94.6,chess,,,,
1523,Michelle Hernandez,2010,7,15,Female,11523,2.5,8.5,4.4,8.3,8B,Talent,8,singing,,,,,,,,
1524,Sandra Johnson,2012,9,2,Female,11524,8.1,7.3,2.2,8.6,6A,Sports,6,,,,67.5,chess,,,,
1525,Matthew Lopez,2010,6,10,Male,11525,1.0,0.0,7.6,8.7,8B,Talent,8,drama,,,,,,,,
1526,Thomas Brown,2009,3,15,Male,11526,8.5,1.3,3.3,8.3,9A,Talent,9,drama,,,,,,,,
1527,Robert Martin,2006,9,25,Male,11527,3.5,5.6,9.1,6.0,12C,Scholar,12,,74-87-82,science,,,,,,
1528,Jennifer Davis,2010,12,4,Female,11528,5.4,0.9,2.5,8.1,8B,Talent,8,singing,,,,,,,,
1529,Anthony Thomas,2006,4,25,Male,11529,9.0,8.9,7.0,8.3,12B,Scholar,12,,100-89-70,mathematics,,,,,,
1530,David Lopez,2012,2,15,Male,11530,9.0,1.2,2.5,7.7,6C,Scholar,6,,93-50-81,mathematics,,,,,,
1531,Charles Moore,2008,6,8,Male,11531,4.6,5.7,3.7,7.9,10B,Sports,10,,,,74.4,cricket,,,,
1532,Steven Jones,2010,3,17,Male,11532,3.3,0.8,4.5,6.8,8A,Talent,8,dance,,,,,,,,
1533,Michelle Wilson,2009,5,13,Female,11533,2.8,9.1,0.4,7.7,9B,Sports,9,,,,66.7,cricket,,,,
1534,Elizabeth Miller,2006,10,14,Female,11534,9.4,5.9,4.0,7.5,12A,Talent,12,singing,,,,,,,,
1535,David Johnson,2006,12,27,Male,11535,4.1,2.8,3.1,9.0,12C,Scholar,12,,54-75-89,mathematics,,,,,,
1536,James Martinez,2008,10,20,Male,11536,4.1,4.3,7.8,7.7,10C,Scholar,10,,83-100-76,mathematics,,,,,,
1537,George Anderson,2008,9,28,Male,11537,2.3,3.4,4.4,6.1,10A,Talent,10,dance,,,,,,,,
1538,Helen Gonzalez,2009,7,6,Female,11538,3.1,5.0,9.0,9.0,9A,Talent,9,drama,,,,,,,,
1539,Steven Hernandez,2012,8,8,Male,11539,1.5,0.8,4.7,9.8,6A,Talent,6,drama,,,,,,,,
1540,Christine Jones,2010,7,26,Female,11540,5.9,2.6,3.9,7.2,8C,Scholar,8,,100-59-92,mathematics,,,,,,
1541,Mark Smith,2007,1,3,Male,11541,5.8,7.6,2.9,7.8,11B,Talent,11,drama,,,,,,,,
1542,Mark Hernandez,2007,6,13,Male,11542,0.2,8.1,2.5,8.8,11B,Sports,11,,,,55.7,cricket,,,,
1543,William Hernandez,2009,5,16,Male,11543,7.7,7.6,1.8,9.6,9A,Talent,9,dance,,,,,,,,
1544,Barbara Thomas,2009,8,6,Female,11544,4.5,0.4,5.8,8.5,9B,Sports,9,,,,96.6,chess,,,,
1545,Jennifer Martin,2012,5,13,Female,11545,8.7,2.3,6.6,8.2,6A,Sports,6,,,,76.1,cricket,,,,
1546,Sarah Jones,2007,12,6,Female,11546,2.4,7.6,1.2,9.3,11B,Sports,11,,,,53.3,cricket,,,,
1547,Emma Smith,2011,4,11,Female,11547,4.8,8.0,6.5,7.0,7A,Scholar,7,,50-84-65,science,,,,,,
1548,Laura Martinez,2007,10,14,Female,11548,2.7,0.2,3.4,6.1,11A,Talent,11,dance,,,,,,,,
1549,Linda Thomas,2007,11,17,Female,11549,1.1,2.8,2.9,6.8,11A,Scholar,11,,96-66-67,mathematics,,,,,,
1550,James Thomas,2006,9,17,Male,11550,3.4,0.1,3.0,7.6,12A,Scholar,12,,80-87-68,mathematics,,,,,,
1551,Anthony Miller,2009,12,14,Male,11551,1.3,7.4,2.7,6.7,9C,Sports,9,,,,61.1,chess,,,,
1552,Emma Anderson,2010,6,17,Female,11552,2.2,7.1,7.2,9.3,8B,Sports,8,,,,80.0,chess,,,,
1553,Thomas Rodriguez,2012,9,20,Male,11553,4.4,2.0,2.3,7.3,6C,Sports,6,,,,79.1,chess,,,,
1554,Mark Martinez,2012,11,28,Male,11554,5.3,4.9,1.9,7.9,6A,Talent,6,drama,,,,,,,,
1555,Jennifer Taylor,2012,8,1,Female,11555,8.6,2.3,3.9,8.3,6C,Talent,6,drama,,,,,,,,
1556,Lisa Taylor,2007,6,17,Female,11556,0.5,7.1,4.6,8.3,11A,Talent,11,drama,,,,,,,,
1557,James Johnson,2010,2,9,Male,11557,2.4,1.6,1.2,8.7,8C,Talent,8,drama,,,,,,,,
1558,Andrew Martinez,2010,6,25,Male,11558,6.7,6.0,4.0,7.6,8B,Scholar,8,,57-68-52,mathematics,,,,,,
1559,Maria Williams,2007,1,3,Female,11559,7.3,3.3,3.6,6.2,11B,Scholar,11,,64-100-55,mathematics,,,,,,
1560,Helen Williams,2010,4,1,Female,11560,4.5,2.3,3.8,8.0,8B,Sports,8,,,,55.8,chess,,,,
1561,Donald Davis,2012,9,14,Male,11561,3.6,2.8,8.4,8.3,6C,Talent,6,dance,,,,,,,,
1562,Andrew Johnson,2011,10,18,Male,11562,6.3,1.5,5.2,6.2,7A,Sports,7,,,,56.9,cricket,,,,
1563,Anthony Anderson,2010,12,28,Male,11563,9.1,8.4,8.6,6.9,8A,Talent,8,dance,,,,,,,,
1564,George Martin,2008,12,2,Male,11564,8.1,9.2,1.1,7.0,10A,Scholar,10,,89-55-57,mathematics,,,,,,
1565,Robert Taylor,2006,3,10,Male,11565,1.5,5.9,7.0,8.3,12C,Talent,12,dance,,,,,,,,
1566,Paul Martinez,2006,9,7,Male,11566,7.6,0.6,7.9,8.6,12C,Talent,12,singing,,,,,,,,
1567,Paul Johnson,2010,3,18,Male,11567,9.2,4.1,1.4,6.8,8C,Scholar,8,,98-53-54,science,,,,,,
1568,Karen Thomas,2012,6,13,Female,11568,2.5,9.0,4.9,6.2,6C,Talent,6,dance,,,,,,,,
1569,Patricia Hernandez,2008,9,24,Female,11569,2.6,8.3,1.0,9.1,10C,Talent,10,dance,,,,,,,,
1570,Christine Lopez,2008,11,25,Female,11570,1.3,8.5,9.1,8.3,10B,Scholar,10,,65-60-66,mathematics,,,,,,
1571,Samantha Hernandez,2012,3,9,Female,11571,6.8,7.2,7.8,8.9,6B,Sports,6,,,,84.8,chess,,,,
1572,Michael Anderson,2010,4,5,Male,11572,2.9,7.2,6.7,7.6,8C,Talent,8,singing,,,,,,,,
1573,Steven Jackson,2010,11,28,Male,11573,2.3,1.0,0.8,7.5,8A,Sports,8,,,,81.4,cricket,,,,
1574,Maria Gonzalez,2007,12,13,Female,11574,4.5,5.2,7.9,8.8,11B,Talent,11,drama,,,,,,,,
1575,John Moore,2007,6,11,Male,11575,6.8,5.4,3.2,6.6,11B,Talent,11,drama,,,,,,,,
1576,Patricia Davis,2009,10,17,Female,11576,6.7,7.0,0.4,9.5,9B,Talent,9,drama,,,,,,,,
1577,Richard Garcia,2011,6,27,Male,11577,2.4,1.0,6.8,7.4,7A,Sports,7,,,,56.3,chess,,,,
1578,Samantha Anderson,2010,11,23,Female,11578,8.5,8.6,1.5,7.3,8C,Talent,8,singing,,,,,,,,
1579,Maria Jones,2012,11,21,Female,11579,5.1,8.8,4.2,9.8,6C,Scholar,6,,64-57-99,mathematics,,,,,,
1580,Charles Martin,2012,3,22,Male,11580,7.3,7.0,7.7,8.9,6C,Scholar,6,,78-57-91,mathematics,,,,,,
1581,Barbara Rodriguez,2007,4,16,Female,11581,1.8,6.1,1.9,9.8,11B,Scholar,11,,96-60-88,science,,,,,,
1582,Karen Martinez,2012,3,16,Female,11582,1.3,3.9,2.1,9.7,6B,Scholar,6,,59-72-67,science,,,,,,
1583,Samantha Anderson,2006,5,25,Female,11583,9.4,7.0,1.8,6.2,12B,Talent,12,dance,,,,,,,,
1584,Jennifer Brown,2008,12,21,Female,11584,8.8,4.4,1.1,7.3,10C,Sports,10,,,,78.3,cricket,,,,
1585,Mary Lopez,2011,3,3,Female,11585,4.1,5.2,4.2,6.9,7C,Scholar,7,,83-73-51,science,,,,,,
1586,Emma Brown,2009,12,3,Female,11586,2.6,7.0,6.4,9.6,9B,Sports,9,,,,86.4,chess,,,,
1587,Sarah Wilson,2011,1,7,Female,11587,4.4,8.0,0.9,9.7,7C,Scholar,7,,66-54-50,mathematics,,,,,,
1588,Barbara Jones,2008,11,27,Female,11588,4.8,0.6,6.0,7.0,10C,Sports,10,,,,90.0,cricket,,,,
1589,Daniel Lopez,2012,1,28,Male,11589,0.2,4.1,4.8,6.6,6C,Sports,6,,,,83.6,chess,,,,
1590,Emma Martinez,2006,5,3,Female,11590,3.0,0.7,3.6,8.4,12A,Scholar,12,,66-89-52,mathematics,,,,,,
1591,Michelle Anderson,2007,3,16,Female,11591,2.5,8.0,3.5,8.3,11B,Sports,11,,,,97.0,chess,,,,
1592,Laura Hernandez,2012,4,20,Female,11592,7.6,6.1,7.0,7.3,6C,Sports,6,,,,53.0,cricket,,,,
1593,Anna Wilson,2011,12,15,Female,11593,8.5,6.4,4.3,7.1,7A,Scholar,7,,58-59-50,science,,,,,,
1594,Michael Johnson,2009,7,11,Male,11594,7.3,8.1,2.2,7.3,9A,Scholar,9,,80-95-70,mathematics,,,,,,
1595,Patricia Martin,2007,4,20,Female,11595,6.4,8.2,6.6,9.9,11B,Scholar,11,,84-50-89,science,,,,,,
1596,William Thomas,2007,11,24,Male,11596,5.1,3.7,4.1,7.2,11C,Scholar,11,,71-89-92,mathematics,,,,,,
1597,Lisa Jones,2011,8,11,Female,11597,8.3,8.9,9.3,6.6,7A,Talent,7,singing,,,,,,,,
1598,Paul Jones,2007,11,9,Male,11598,2.3,1.2,1.7,6.7,11A,Sports,11,,,,75.2,cricket,,,,
1599,Jennifer Wilson,2006,7,8,Female,11599,1.8,7.4,4.4,6.6,12A,Scholar,12,,99-86-51,mathematics,,,,,,
1600,Matthew Wilson,2006,4,8,Male,11600,1.6,0.7,1.1,6.3,12A,Scholar,12,,78-62-79,mathematics,,,,,,
1601,Maria Anderson,2006,11,3,Female,11601,4.9,6.2,6.3,6.8,12B,Talent,12,singing,,,,,,,,
1602,Anna Brown,2010,3,21,Female,11602,6.4,2.1,7.6,7.5,8A,Sports,8,,,,85.2,chess,,,,
1603,Charles Anderson,2006,9,8,Male,11603,1.2,5.2,1.7,6.5,12C,Scholar,12,,77-50-54,mathematics,,,,,,
1604,Elizabeth Smith,2008,4,28,Female,11604,3.9,1.7,3.2,7.4,10B,Talent,10,drama,,,,,,,,
1605,Paul Johnson,2011,7,13,Male,11605,8.4,8.0,1.9,7.1,7B,Scholar,7,,95-83-70,mathematics,,,,,,
1606,Laura Davis,2010,11,20,Female,11606,1.2,9.0,3.6,6.7,8C,Talent,8,dance,,,,,,,,
1607,Thomas Martinez,2006,11,23,Male,11607,1.3,3.0,1.9,7.7,12B,Scholar,12,,93-51-72,mathematics,,,,,,
1608,George Thomas,2007,10,2,Male,11608,3.0,6.8,9.0,7.2,11B,Talent,11,drama,,,,,,,,
1609,Laura Moore,2010,11,6,Female,11609,4.7,7.6,4.1,7.1,8A,Scholar,8,,84-97-57,mathematics,,,,,,
1610,Elizabeth Brown,2006,2,3,Female,11610,9.2,1.1,5.8,8.3,12B,Sports,12,,,,68.6,chess,,,,
1611,Steven Miller,2009,8,26,Male,11611,9.1,4.1,8.5,7.3,9C,Talent,9,singing,,,,,,,,
1612,Anthony Rodriguez,2012,8,1,Male,11612,6.2,7.5,6.0,6.2,6B,Talent,6,dance,,,,,,,,
1613,Sarah Martinez,2007,5,25,Female,11613,3.2,0.5,3.5,8.9,11B,Scholar,11,,67-52-95,science,,,,,,
1614,Jennifer Miller,2012,10,23,Female,11614,6.0,2.8,7.8,6.3,6A,Scholar,6,,71-83-76,mathematics,,,,,,
1615,Donald Williams,2008,5,1,Male,11615,0.8,3.8,6.0,6.7,10A,Talent,10,singing,,,,,,,,
1616,Jennifer Rodriguez,2010,3,5,Female,11616,2.5,6.4,8.9,9.0,8B,Scholar,8,,89-58-63,science,,,,,,
1617,Richard Hernandez,2010,11,9,Male,11617,1.0,5.6,8.5,6.3,8B,Scholar,8,,80-52-77,science,,,,,,
1618,Elizabeth Martin,2006,5,8,Female,11618,3.1,5.9,1.5,7.6,12A,Talent,12,singing,,,,,,,,
1619,Lisa Williams,2011,4,16,Female,11619,5.4,7.7,1.8,8.8,7C,Scholar,7,,70-64-91,mathematics,,,,,,
1620,Joseph Gonzalez,2009,3,16,Male,11620,7.9,4.6,8.1,9.5,9C,Scholar,9,,72-78-76,mathematics,,,,,,
1621,Patricia Jackson,2009,4,9,Female,11621,0.7,2.0,9.1,8.3,9B,Talent,9,drama,,,,,,,,
1622,Patricia Martinez,2009,8,6,Female,11622,2.8,3.4,0.3,9.2,9A,Sports,9,,,,74.4,cricket,,,,
1623,Matthew Moore,2012,12,21,Male,11623,0.4,7.8,1.8,6.8,6C,Scholar,6,,58-76-56,mathematics,,,,,,
1624,Karen Martin,2007,10,24,Female,11624,5.5,4.9,0.5,6.1,11A,Scholar,11,,86-91-56,mathematics,,,,,,
1625,Maria Jackson,2006,2,25,Female,11625,5.1,4.0,1.1,7.0,12A,Talent,12,dance,,,,,,,,
1626,William Wilson,2009,9,19,Male,11626,0.9,0.2,3.0,9.3,9A,Sports,9,,,,74.3,chess,,,,
1627,Steven Hernandez,2010,5,23,Male,11627,1.4,6.0,1.0,7.7,8B,Talent,8,dance,,,,,,,,
1628,Kenneth Smith,2006,6,20,Male,11628,2.0,3.0,5.2,9.9,12B,Talent,12,drama,,,,,,,,
1629,Lisa Jackson,2009,7,14,Female,11629,4.3,1.7,8.7,9.3,9A,Talent,9,drama,,,,,,,,
1630,Kenneth Johnson,2008,11,15,Male,11630,6.9,0.3,1.0,8.1,10C,Scholar,10,,89-68-79,mathematics,,,,,,
1631,Thomas Johnson,2006,2,2,Male,11631,9.2,5.3,4.0,7.9,12C,Talent,12,singing,,,,,,,,
1632,Michelle Hernandez,2010,9,25,Female,11632,8.6,7.9,5.0,8.1,8B,Talent,8,dance,,,,,,,,
1633,Daniel Brown,2007,8,16,Male,11633,3.4,3.6,6.3,9.5,11B,Scholar,11,,65-80-59,mathematics,,,,,,
1634,Daniel Garcia,2011,9,9,Male,11634,3.5,7.0,7.1,7.8,7C,Sports,7,,,,69.9,cricket,,,,
1635,Samantha Jackson,2011,9,10,Female,11635,0.1,1.0,8.3,7.0,7C,Scholar,7,,67-76-56,mathematics,,,,,,
1636,Joseph Williams,2009,5,27,Male,11636,1.8,7.2,3.2,9.7,9B,Sports,9,,,,65.5,cricket,,,,
1637,Christine Thomas,2007,11,16,Female,11637,4.5,3.6,3.6,9.7,11B,Sports,11,,,,93.3,cricket,,,,
1638,Lisa Martinez,2011,11,20,Female,11638,8.1,0.0,0.9,9.4,7C,Talent,7,drama,,,,,,,,
1639,Matthew Hernandez,2010,1,15,Male,11639,0.2,3.9,8.6,9.8,8B,Talent,8,dance,,,,,,,,
1640,Donald Taylor,2010,9,28,Male,11640,2.0,3.3,7.3,9.9,8A,Sports,8,,,,69.3,cricket,,,,
1641,Mary Brown,2011,10,14,Female,11641,0.5,2.8,9.1,9.5,7B,Talent,7,dance,,,,,,,,
1642,Samantha Wilson,2010,6,3,Female,11642,6.0,3.8,5.6,7.2,8C,Sports,8,,,,77.6,cricket,,,,
1643,Robert Garcia,2006,7,18,Male,11643,2.3,4.7,9.2,8.3,12A,Scholar,12,,100-91-83,science,,,,,,
1644,Sandra Thomas,2011,1,15,Female,11644,6.5,9.3,0.3,9.9,7C,Scholar,7,,76-86-51,mathematics,,,,,,
1645,Michael Taylor,2007,4,4,Male,11645,3.8,9.4,8.1,8.7,11B,Scholar,11,,75-68-64,science,,,,,,
1646,Sandra Johnson,2006,4,9,Female,11646,1.1,6.4,4.5,9.6,12C,Talent,12,singing,,,,,,,,
1647,Barbara Miller,2008,1,9,Female,11647,1.6,1.8,8.7,8.1,10B,Talent,10,singing,,,,,,,,
1648,Anthony Rodriguez,2006,6,27,Male,11648,6.0,8.9,4.5,6.7,12C,Sports,12,,,,90.7,cricket,,,,
1649,Lisa Jones,2010,5,14,Female,11649,1.4,4.5,1.1,6.3,8B,Scholar,8,,71-70-97,mathematics,,,,,,
1650,Emma Jones,2010,8,21,Female,11650,7.1,3.6,7.1,6.6,8A,Scholar,8,,53-67-88,science,,,,,,
1651,Donald Smith,2010,4,15,Male,11651,7.9,5.3,8.0,6.7,8A,Scholar,8,,97-70-56,science,,,,,,
1652,Thomas Anderson,2010,10,4,Male,11652,8.5,4.1,7.9,9.4,8B,Sports,8,,,,70.8,cricket,,,,
1653,Karen Miller,2010,9,5,Female,11653,8.5,6.7,0.5,7.5,8C,Sports,8,,,,92.3,cricket,,,,
1654,John Lopez,2008,1,12,Male,11654,7.0,4.2,7.5,7.3,10B,Talent,10,dance,,,,,,,,
1655,Lisa Brown,2006,8,18,Female,11655,1.7,2.3,2.5,9.5,12B,Talent,12,drama,,,,,,,,
1656,Samantha Jones,2010,4,10,Female,11656,5.6,2.0,0.3,6.8,8B,Sports,8,,,,86.1,chess,,,,
1657,Emma Jones,2009,8,4,Female,11657,1.4,0.0,5.9,9.0,9C,Talent,9,drama,,,,,,,,
1658,Daniel Moore,2009,7,1,Male,11658,1.9,1.6,2.5,9.8,9C,Talent,9,singing,,,,,,,,
1659,Mary Moore,2012,5,21,Female,11659,1.1,1.9,8.6,9.8,6A,Scholar,6,,85-67-53,science,,,,,,
1660,Patricia Lopez,2010,11,27,Female,11660,5.2,5.3,4.5,9.7,8A,Scholar,8,,85-58-75,science,,,,,,
1661,Matthew Lopez,2007,11,28,Male,11661,8.5,3.7,6.1,8.7,11B,Sports,11,,,,97.9,cricket,,,,
1662,Michael Thomas,2010,10,5,Male,11662,8.2,0.8,1.9,9.6,8A,Sports,8,,,,85.2,cricket,,,,
1663,Linda Martinez,2010,6,27,Female,11663,3.7,8.3,7.1,6.3,8B,Scholar,8,,67-78-77,mathematics,,,,,,
1664,Sarah Martin,2011,9,11,Female,11664,4.1,5.9,1.1,6.4,7A,Sports,7,,,,78.0,cricket,,,,
1665,Karen Brown,2011,3,10,Female,11665,3.7,6.4,3.5,6.6,7A,Talent,7,singing,,,,,,,,
1666,Joseph Williams,2006,7,7,Male,11666,8.8,1.2,6.3,8.0,12C,Talent,12,singing,,,,,,,,
1667,Mary Moore,2011,2,22,Female,11667,5.3,5.1,3.6,9.7,7B,Scholar,7,,63-77-69,mathematics,,,,,,
1668,James Martin,2011,5,2,Male,11668,0.3,6.5,8.4,9.1,7C,Scholar,7,,57-94-53,science,,,,,,
1669,Susan Thomas,2010,7,4,Female,11669,7.2,3.8,5.2,6.2,8B,Sports,8,,,,62.8,cricket,,,,
1670,Helen Moore,2008,12,4,Female,11670,2.4,4.0,1.7,8.9,10B,Scholar,10,,81-96-52,mathematics,,,,,,
1671,Daniel Miller,2010,1,10,Male,11671,4.4,1.2,6.4,6.5,8C,Sports,8,,,,60.6,chess,,,,
1672,James Thomas,2011,4,19,Male,11672,9.2,1.0,6.0,7.3,7C,Talent,7,dance,,,,,,,,
1673,Christine Garcia,2012,6,9,Female,11673,5.4,2.1,6.2,9.4,6C,Scholar,6,,95-91-68,science,,,,,,
1674,Andrew Moore,2012,7,17,Male,11674,3.0,6.2,1.1,7.2,6A,Scholar,6,,77-62-86,science,,,,,,
1675,Charles Miller,2011,12,20,Male,11675,0.1,8.6,2.9,9.2,7B,Talent,7,singing,,,,,,,,
1676,Anthony Rodriguez,2012,9,23,Male,11676,9.1,1.8,6.5,9.0,6B,Talent,6,drama,,,,,,,,
1677,William Gonzalez,2010,5,8,Male,11677,1.7,7.4,4.3,7.4,8A,Talent,8,drama,,,,,,,,
1678,Mark Thomas,2012,7,2,Male,11678,4.2,2.4,4.3,6.9,6A,Sports,6,,,,90.9,chess,,,,
1679,Linda Garcia,2006,11,5,Female,11679,6.3,5.3,4.0,7.5,12C,Scholar,12,,97-94-74,mathematics,,,,,,
1680,Laura Williams,2009,10,23,Female,11680,5.1,1.8,9.1,7.0,9C,Sports,9,,,,83.6,chess,,,,
1681,John Williams,2012,5,23,Male,11681,7.2,5.2,7.4,6.5,6B,Talent,6,singing,,,,,,,,
1682,Andrew Johnson,2009,4,20,Male,11682,7.5,2.3,3.6,7.0,9B,Sports,9,,,,77.3,cricket,,,,
1683,Jennifer Johnson,2006,4,3,Female,11683,3.3,5.5,1.2,8.0,12B,Sports,12,,,,86.8,chess,,,,
1684,Patricia Smith,2012,5,13,Female,11684,9.2,4.0,3.9,6.7,6C,Scholar,6,,94-98-79,science,,,,,,
1685,Mark Williams,2011,10,27,Male,11685,3.7,1.8,1.7,9.8,7C,Sports,7,,,,60.9,chess,,,,
1686,Andrew Williams,2012,1,4,Male,11686,2.0,1.2,1.2,7.1,6C,Sports,6,,,,65.5,chess,,,,
1687,Thomas Jones,2006,7,27,Male,11687,0.7,2.9,8.3,8.9,12C,Talent,12,dance,,,,,,,,
1688,Lisa Smith,2009,4,21,Female,11688,8.8,3.1,8.1,8.3,9B,Sports,9,,,,76.6,cricket,,,,
1689,Joseph Hernandez,2008,3,14,Male,11689,4.0,2.6,4.0,9.1,10C,Scholar,10,,66-92-97,science,,,,,,
1690,Sarah Anderson,2009,7,27,Female,11690,6.7,4.5,1.8,9.1,9B,Scholar,9,,78-51-73,science,,,,,,
1691,Barbara Taylor,2008,7,8,Female,11691,3.5,0.2,5.2,7.6,10C,Scholar,10,,54-55-81,science,,,,,,
1692,Christine Taylor,2006,5,26,Female,11692,4.1,6.8,5.5,7.1,12C,Sports,12,,,,69.2,cricket,,,,
1693,Thomas Miller,2012,10,26,Male,11693,7.6,3.5,7.3,7.4,6A,Scholar,6,,79-82-79,mathematics,,,,,,
1694,Michelle Martin,2011,8,3,Female,11694,2.6,0.4,5.6,7.9,7C,Talent,7,drama,,,,,,,,
1695,Patricia Smith,2006,5,18,Female,11695,3.3,0.1,6.5,8.6,12C,Talent,12,dance,,,,,,,,
1696,Richard Davis,2009,11,3,Male,11696,1.2,8.9,0.2,9.8,9B,Sports,9,,,,53.9,cricket,,,,
1697,Donald Lopez,2010,10,12,Male,11697,6.9,1.4,9.2,7.7,8C,Scholar,8,,56-75-63,mathematics,,,,,,
1698,Elizabeth Johnson,2012,12,14,Female,11698,5.4,1.0,4.3,7.5,6A,Sports,6,,,,68.4,chess,,,,
1699,Maria Jones,2010,12,12,Female,11699,6.9,8.1,1.6,7.1,8C,Talent,8,drama,,,,,,,,
1700,John Thomas,2009,4,7,Male,11700,2.3,3.8,8.4,9.5,9A,Sports,9,,,,66.0,chess,,,,
1701,Donald Lopez,2012,11,5,Male,11701,7.7,2.3,5.2,9.9,6C,Sports,6,,,,92.7,chess,,,,
1702,James Garcia,2009,9,25,Male,11702,5.4,7.0,8.8,9.8,9B,Sports,9,,,,93.3,cricket,,,,
1703,Linda Moore,2008,11,20,Female,11703,3.5,5.7,0.5,9.8,10A,Talent,10,singing,,,,,,,,
1704,Matthew Brown,2007,10,22,Male,11704,8.9,5.9,7.1,7.9,11A,Scholar,11,,96-94-63,mathematics,,,,,,
1705,Lisa Martin,2011,11,4,Female,11705,7.6,6.3,9.4,8.7,7C,Sports,7,,,,67.2,chess,,,,
1706,Laura Anderson,2012,2,9,Female,11706,5.2,8.0,4.3,6.0,6B,Talent,6,drama,,,,,,,,
1707,Michael Johnson,2009,12,8,Male,11707,8.7,1.4,1.1,7.4,9A,Talent,9,singing,,,,,,,,
1708,Christine Brown,2012,5,6,Female,11708,4.6,5.7,2.3,6.3,6B,Talent,6,drama,,,,,,,,
1709,Matthew Rodriguez,2011,3,13,Male,11709,6.2,5.1,7.9,9.2,7A,Talent,7,singing,,,,,,,,
1710,Patricia Gonzalez,2009,3,23,Female,11710,4.6,4.2,6.5,6.9,9C,Talent,9,dance,,,,,,,,
1711,Jennifer Anderson,2010,11,25,Female,11711,9.1,6.4,7.8,8.6,8A,Scholar,8,,71-78-75,mathematics,,,,,,
1712,Kenneth Jones,2008,9,8,Male,11712,2.9,7.5,3.9,8.9,10A,Talent,10,singing,,,,,,,,
1713,Jennifer Jones,2010,4,3,Female,11713,3.3,7.0,0.3,9.2,8B,Talent,8,drama,,,,,,,,
1714,James Anderson,2011,9,21,Male,11714,2.1,6.2,8.4,9.2,7A,Talent,7,drama,,,,,,,,
1715,Sarah Gonzalez,2007,2,24,Female,11715,3.1,2.8,8.4,6.4,11C,Sports,11,,,,55.6,cricket,,,,
1716,William Jackson,2006,11,13,Male,11716,8.5,0.9,6.0,7.0,12B,Talent,12,singing,,,,,,,,
1717,John Garcia,2008,6,11,Male,11717,0.9,4.8,8.7,9.3,10B,Scholar,10,,80-81-96,mathematics,,,,,,
1718,George Thomas,2006,4,27,Male,11718,0.3,5.1,1.8,8.7,12C,Talent,12,drama,,,,,,,,
1719,Samantha Johnson,2006,2,18,Female,11719,2.1,7.1,1.9,9.1,12C,Talent,12,dance,,,,,,,,
1720,Steven Davis,2012,3,27,Male,11720,0.5,5.0,0.8,6.9,6A,Sports,6,,,,51.5,cricket,,,,
1721,Charles Thomas,2008,2,19,Male,11721,8.1,1.3,9.1,8.5,10B,Scholar,10,,51-83-95,science,,,,,,
1722,Laura Wilson,2009,8,1,Female,11722,7.7,3.3,8.0,9.5,9C,Talent,9,singing,,,,,,,,
1723,Patricia Taylor,2010,3,27,Female,11723,3.7,7.2,7.0,9.8,8B,Talent,8,drama,,,,,,,,
1724,Steven Miller,2008,1,11,Male,11724,5.9,3.1,5.9,9.5,10C,Talent,10,singing,,,,,,,,
1725,Mark Brown,2007,5,27,Male,11725,0.8,8.4,3.7,6.2,11A,Sports,11,,,,64.3,chess,,,,
1726,Elizabeth Anderson,2007,4,11,Female,11726,2.5,9.0,8.6,8.1,11A,Sports,11,,,,80.4,chess,,,,
1727,Matthew Wilson,2009,5,25,Male,11727,7.8,3.4,7.6,8.5,9C,Sports,9,,,,88.5,chess,,,,
1728,Jennifer Anderson,2010,9,4,Female,11728,7.4,4.8,7.5,6.9,8A,Scholar,8,,78-75-97,science,,,,,,
1729,Sandra Smith,2006,7,22,Female,11729,2.8,2.5,2.4,8.2,12A,Talent,12,singing,,,,,,,,
1730,Lisa Jackson,2007,10,15,Female,11730,7.5,4.6,0.3,7.0,11A,Sports,11,,,,67.6,chess,,,,
1731,Helen Brown,2010,6,22,Female,11731,4.9,0.7,5.5,8.6,8B,Sports,8,,,,74.3,cricket,,,,
1732,Anthony Thomas,2006,6,4,Male,11732,1.5,0.1,4.2,9.7,12C,Talent,12,singing,,,,,,,,
1733,Daniel Brown,2012,12,15,Male,11733,2.5,6.1,5.2,9.2,6B,Sports,6,,,,94.3,cricket,,,,
1734,Donald Smith,2008,10,22,Male,11734,2.1,4.0,9.2,8.9,10C,Sports,10,,,,59.1,cricket,,,,
1735,Mark Lopez,2012,3,17,Male,11735,0.2,7.0,5.0,10.0,6C,Talent,6,drama,,,,,,,,
1736,Donald Davis,2007,8,5,Male,11736,0.2,5.6,9.1,6.3,11C,Scholar,11,,93-56-97,mathematics,,,,,,
1737,Daniel Moore,2009,5,20,Male,11737,5.1,8.1,0.6,6.7,9C,Sports,9,,,,97.0,chess,,,,
1738,Jessica Anderson,2009,6,4,Female,11738,6.0,2.5,0.6,9.4,9C,Scholar,9,,64-99-70,mathematics,,,,,,
1739,Mary Lopez,2008,3,13,Female,11739,5.0,4.5,7.9,8.0,10C,Talent,10,drama,,,,,,,,
1740,Laura Gonzalez,2010,9,24,Female,11740,7.5,0.3,2.9,6.7,8B,Scholar,8,,72-63-53,mathematics,,,,,,
1741,Elizabeth Taylor,2008,3,2,Female,11741,4.0,2.5,0.0,7.5,10C,Sports,10,,,,50.6,cricket,,,,
1742,Mark Jackson,2010,11,2,Male,11742,3.8,3.5,6.9,9.7,8A,Talent,8,dance,,,,,,,,
1743,Jennifer Moore,2012,3,1,Female,11743,1.7,3.5,8.5,7.0,6B,Talent,6,drama,,,,,,,,
1744,Jessica Garcia,2008,12,14,Female,11744,1.8,3.1,0.9,7.9,10C,Scholar,10,,54-61-79,mathematics,,,,,,
1745,Richard Moore,2011,4,27,Male,11745,7.1,3.1,0.1,9.9,7A,Scholar,7,,78-53-69,mathematics,,,,,,
1746,Laura Rodriguez,2012,2,6,Female,11746,6.2,9.0,6.0,9.7,6C,Scholar,6,,66-63-67,mathematics,,,,,,
1747,Anthony Garcia,2009,9,22,Male,11747,9.1,4.2,7.1,6.5,9C,Sports,9,,,,85.1,cricket,,,,
1748,Patricia Garcia,2012,7,23,Female,11748,8.1,6.0,5.4,7.7,6B,Scholar,6,,71-86-64,science,,,,,,
1749,James Rodriguez,2011,10,5,Male,11749,4.4,3.4,6.1,8.0,7C,Sports,7,,,,86.9,cricket,,,,
1750,Andrew Johnson,2010,1,21,Male,11750,8.3,6.0,0.4,7.1,8A,Scholar,8,,57-61-65,mathematics,,,,,,
1751,Michael Rodriguez,2011,11,24,Male,11751,9.1,5.8,3.7,7.7,7C,Talent,7,dance,,,,,,,,
1752,Michael Hernandez,2009,1,12,Male,11752,6.1,5.8,9.0,8.4,9C,Scholar,9,,70-51-80,mathematics,,,,,,
1753,Karen Williams,2010,6,2,Female,11753,1.9,2.0,7.9,7.2,8C,Scholar,8,,57-82-72,science,,,,,,
1754,John Johnson,2008,6,16,Male,11754,6.2,6.8,6.8,6.8,10A,Talent,10,drama,,,,,,,,
1755,Samantha Thomas,2006,7,11,Female,11755,6.9,4.6,0.9,8.0,12B,Talent,12,dance,,,,,,,,
1756,Richard Smith,2011,5,27,Male,11756,4.7,0.8,4.6,7.2,7C,Talent,7,dance,,,,,,,,
1757,Elizabeth Smith,2009,5,9,Female,11757,3.5,5.0,4.3,8.8,9C,Talent,9,dance,,,,,,,,
1758,George Williams,2010,8,10,Male,11758,8.8,8.5,3.8,7.7,8A,Talent,8,singing,,,,,,,,
1759,Daniel Rodriguez,2008,5,12,Male,11759,0.6,7.8,6.1,7.4,10B,Talent,10,dance,,,,,,,,
1760,Thomas Garcia,2012,5,18,Male,11760,5.1,0.8,4.8,8.5,6C,Talent,6,drama,,,,,,,,
1761,Mark Johnson,2010,2,11,Male,11761,0.7,6.4,8.4,8.1,8C,Talent,8,drama,,,,,,,,
1762,Steven Taylor,2009,11,12,Male,11762,4.1,8.7,5.4,7.6,9B,Talent,9,singing,,,,,,,,
1763,Linda Martin,2008,1,3,Female,11763,1.9,3.2,3.4,8.3,10B,Sports,10,,,,89.3,chess,,,,
1764,Linda Smith,2009,4,16,Female,11764,8.8,0.6,0.5,7.1,9C,Talent,9,dance,,,,,,,,
1765,Mary Thomas,2008,1,11,Female,11765,0.8,0.7,5.4,8.6,10C,Scholar,10,,99-55-60,mathematics,,,,,,
1766,John Martin,2006,11,17,Male,11766,6.3,7.9,0.2,7.5,12B,Talent,12,singing,,,,,,,,
1767,Jessica Anderson,2009,9,20,Female,11767,7.1,9.1,1.1,6.6,9B,Scholar,9,,63-85-81,mathematics,,,,,,
1768,Linda Martin,2007,2,21,Female,11768,3.4,9.4,9.1,9.5,11A,Sports,11,,,,80.8,cricket,,,,
1769,George Moore,2008,11,17,Male,11769,5.0,2.2,3.9,7.2,10A,Talent,10,drama,,,,,,,,
1770,Laura Davis,2007,2,12,Female,11770,9.0,9.2,8.3,9.1,11C,Sports,11,,,,79.3,chess,,,,
1771,George Taylor,2007,2,17,Male,11771,3.2,9.4,5.8,8.4,11C,Scholar,11,,60-81-69,science,,,,,,
1772,Richard Jones,2012,1,27,Male,11772,6.8,7.3,8.6,8.7,6B,Scholar,6,,94-68-92,mathematics,,,,,,
1773,Jessica Taylor,2009,2,16,Female,11773,6.7,5.2,1.6,7.6,9A,Scholar,9,,91-56-95,science,,,,,,
1774,James Thomas,2011,4,22,Male,11774,6.9,1.9,6.9,8.6,7B,Sports,7,,,,62.0,chess,,,,
1775,Lisa Davis,2009,4,28,Female,11775,3.3,5.1,7.8,7.9,9A,Sports,9,,,,51.3,chess,,,,
1776,Matthew Davis,2009,11,2,Male,11776,2.4,5.2,3.8,9.1,9A,Scholar,9,,100-58-57,mathematics,,,,,,
1777,Mary Taylor,2009,12,27,Female,11777,3.6,8.3,8.0,7.5,9A,Sports,9,,,,54.6,chess,,,,
1778,Helen Thomas,2009,5,9,Female,11778,6.6,6.8,4.9,7.6,9A,Sports,9,,,,92.7,cricket,,,,
1779,Steven Miller,2009,5,17,Male,11779,2.9,8.9,0.0,6.8,9C,Scholar,9,,98-68-54,mathematics,,,,,,
1780,Patricia Johnson,2007,12,27,Female,11780,5.4,5.4,3.0,7.9,11C,Talent,11,dance,,,,,,,,
1781,David Jones,2006,6,22,Male,11781,1.3,0.2,6.3,7.1,12B,Scholar,12,,71-72-88,mathematics,,,,,,
1782,Paul Brown,2008,10,17,Male,11782,0.4,6.4,2.4,8.0,10C,Scholar,10,,52-62-58,mathematics,,,,,,
1783,Michelle Martinez,2007,10,19,Female,11783,3.8,3.8,8.2,8.3,11B,Talent,11,dance,,,,,,,,
1784,Anna Garcia,2006,8,19,Female,11784,2.5,6.4,8.4,6.0,12A,Scholar,12,,57-82-64,science,,,,,,
1785,Kenneth Smith,2011,4,22,Male,11785,0.4,5.4,2.0,8.9,7A,Talent,7,dance,,,,,,,,
1786,Andrew Taylor,2011,7,7,Male,11786,9.0,9.2,5.6,8.3,7C,Sports,7,,,,96.3,chess,,,,
1787,Laura Hernandez,2011,9,8,Female,11787,4.8,5.5,7.7,6.7,7B,Talent,7,drama,,,,,,,,
1788,Steven Martin,2012,5,26,Male,11788,1.3,7.3,5.4,6.9,6C,Sports,6,,,,82.0,cricket,,,,
1789,David Smith,2010,9,5,Male,11789,8.5,8.0,8.5,7.5,8C,Sports,8,,,,69.7,cricket,,,,
1790,Karen Martin,2006,1,28,Female,11790,4.2,6.0,1.6,6.8,12C,Talent,12,singing,,,,,,,,
1791,John Taylor,2012,9,3,Male,11791,9.4,1.6,4.3,9.4,6A,Scholar,6,,78-86-60,mathematics,,,,,,
1792,George Thomas,2010,2,27,Male,11792,9.0,5.5,2.1,9.7,8B,Sports,8,,,,64.0,cricket,,,,
1793,Michael Martinez,2006,8,24,Male,11793,9.0,9.0,3.4,9.6,12C,Talent,12,singing,,,,,,,,
1794,Sandra Williams,2012,11,24,Female,11794,8.9,5.6,7.5,8.9,6C,Sports,6,,,,51.4,cricket,,,,
1795,Donald Gonzalez,2010,9,18,Male,11795,5.2,8.1,4.0,7.8,8C,Sports,8,,,,52.0,cricket,,,,
1796,Mary Miller,2007,12,23,Female,11796,8.3,2.6,5.6,9.1,11C,Scholar,11,,55-84-68,science,,,,,,
1797,Patricia Gonzalez,2006,3,6,Female,11797,3.0,8.4,5.7,8.2,12C,Sports,12,,,,90.6,cricket,,,,
1798,Christine Miller,2010,9,14,Female,11798,3.9,3.5,2.6,9.9,8A,Scholar,8,,66-72-90,mathematics,,,,,,
1799,Michael Wilson,2011,12,15,Male,11799,0.6,8.9,5.1,7.2,7C,Sports,7,,,,53.3,cricket,,,,
1800,Karen Williams,2009,4,6,Female,11800,5.0,1.4,2.9,6.3,9A,Scholar,9,,55-89-90,mathematics,,,,,,
1801,George Hernandez,2010,1,4,Male,11801,4.6,6.2,9.1,8.6,8B,Scholar,8,,84-93-77,science,,,,,,
1802,Andrew Thomas,2008,1,5,Male,11802,4.2,5.0,8.4,9.5,10B,Sports,10,,,,70.3,chess,,,,
1803,Lisa Brown,2009,10,21,Female,11803,2.5,8.3,5.6,9.1,9B,Talent,9,drama,,,,,,,,
1804,Thomas Lopez,2010,10,8,Male,11804,0.2,4.1,7.8,6.6,8A,Talent,8,drama,,,,,,,,
1805,Mark Davis,2006,8,8,Male,11805,3.9,8.5,0.9,8.2,12B,Talent,12,drama,,,,,,,,
1806,Laura Anderson,2012,5,15,Female,11806,7.9,6.2,4.9,9.5,6A,Sports,6,,,,54.1,chess,,,,
1807,Thomas Gonzalez,2010,8,9,Male,11807,1.2,0.5,8.4,8.8,8A,Sports,8,,,,93.4,cricket,,,,
1808,Helen Hernandez,2006,4,13,Female,11808,0.9,9.4,2.2,7.3,12C,Talent,12,drama,,,,,,,,
1809,Linda Jones,2010,10,21,Female,11809,2.0,3.2,1.0,8.2,8A,Talent,8,drama,,,,,,,,
1810,Laura Miller,2008,7,6,Female,11810,7.4,0.6,1.4,6.8,10C,Sports,10,,,,69.2,chess,,,,
1811,Richard Martinez,2007,10,8,Male,11811,5.0,9.3,1.9,9.0,11C,Sports,11,,,,76.3,chess,,,,
1812,Charles Miller,2008,11,6,Male,11812,7.7,1.0,2.5,7.0,10B,Scholar,10,,50-62-83,mathematics,,,,,,
1813,Emma Hernandez,2008,5,28,Female,11813,9.5,9.5,3.9,7.1,10B,Scholar,10,,70-77-58,science,,,,,,
1814,Lisa Anderson,2010,2,21,Female,11814,3.9,3.6,8.5,7.5,8B,Scholar,8,,71-61-58,mathematics,,,,,,
1815,Linda Williams,2006,6,14,Female,11815,7.3,2.3,2.3,6.3,12C,Talent,12,drama,,,,,,,,
1816,Anthony Gonzalez,2008,3,28,Male,11816,6.1,8.9,4.9,6.4,10C,Scholar,10,,89-51-61,science,,,,,,
1817,Michael Wilson,2007,9,13,Male,11817,6.1,6.2,0.9,9.6,11C,Scholar,11,,63-97-56,mathematics,,,,,,
1818,David Thomas,2012,2,15,Male,11818,3.3,0.9,1.3,8.0,6B,Talent,6,dance,,,,,,,,
1819,Kenneth Martinez,2006,12,7,Male,11819,4.0,5.1,7.9,9.1,12A,Talent,12,drama,,,,,,,,
1820,Sandra Wilson,2012,10,18,Female,11820,2.4,2.9,0.3,8.4,6C,Sports,6,,,,67.7,chess,,,,
1821,Barbara Garcia,2012,6,25,Female,11821,1.7,3.9,4.7,8.9,6C,Scholar,6,,94-90-97,science,,,,,,
1822,Robert Gonzalez,2012,1,5,Male,11822,5.1,9.2,6.9,8.5,6A,Scholar,6,,55-79-63,mathematics,,,,,,
1823,Mary Jackson,2010,3,23,Female,11823,2.2,0.4,1.4,7.4,8C,Talent,8,drama,,,,,,,,
1824,Robert Moore,2008,9,25,Male,11824,4.9,1.6,8.7,6.1,10B,Sports,10,,,,91.4,chess,,,,
1825,William Rodriguez,2008,1,26,Male,11825,6.0,8.2,4.0,6.2,10B,Talent,10,drama,,,,,,,,
1826,Anna Jackson,2006,1,12,Female,11826,3.7,3.1,1.2,9.1,12B,Sports,12,,,,53.6,chess,,,,
1827,Robert Garcia,2008,12,13,Male,11827,6.0,5.0,3.3,6.9,10A,Talent,10,drama,,,,,,,,
1828,Charles Williams,2006,4,15,Male,11828,1.6,4.4,6.5,6.2,12A,Scholar,12,,100-89-88,mathematics,,,,,,
1829,Thomas Williams,2009,9,5,Male,11829,1.7,8.5,8.9,6.8,9A,Talent,9,singing,,,,,,,,
1830,Daniel Wilson,2010,5,4,Male,11830,9.4,4.9,5.1,6.5,8C,Sports,8,,,,52.3,cricket,,,,
1831,Linda Taylor,2006,3,7,Female,11831,5.9,1.7,5.5,9.2,12A,Sports,12,,,,91.5,chess,,,,
1832,Barbara Wilson,2011,11,26,Female,11832,6.5,3.3,5.4,9.6,7A,Talent,7,singing,,,,,,,,
1833,Andrew Garcia,2008,12,3,Male,11833,1.9,0.6,8.3,7.6,10C,Talent,10,dance,,,,,,,,
1834,Michelle Moore,2007,3,23,Female,11834,5.6,1.2,9.4,8.7,11A,Scholar,11,,74-78-62,science,,,,,,
1835,Susan Jones,2007,8,1,Female,11835,4.7,1.5,3.2,7.9,11A,Sports,11,,,,63.6,cricket,,,,
1836,Maria Williams,2010,1,8,Female,11836,5.8,6.4,0.4,7.0,8C,Talent,8,singing,,,,,,,,
1837,Charles Gonzalez,2011,6,21,Male,11837,6.8,6.2,3.7,8.7,7A,Sports,7,,,,71.2,cricket,,,,
1838,Sandra Anderson,2009,7,21,Female,11838,8.5,4.0,2.7,9.2,9B,Scholar,9,,67-71-51,science,,,,,,
1839,Mary Gonzalez,2009,8,10,Female,11839,5.1,0.0,9.4,8.1,9B,Scholar,9,,98-54-54,science,,,,,,
1840,Michael Gonzalez,2011,6,10,Male,11840,9.2,2.5,1.4,6.4,7A,Sports,7,,,,78.1,cricket,,,,
1841,James Jackson,2006,12,23,Male,11841,3.6,3.6,1.1,7.2,12A,Sports,12,,,,71.3,cricket,,,,
1842,Michael Hernandez,2009,3,24,Male,11842,8.9,2.3,0.9,9.9,9B,Sports,9,,,,50.8,chess,,,,
1843,Sarah Johnson,2010,4,9,Female,11843,7.6,0.9,3.2,7.2,8C,Talent,8,dance,,,,,,,,
1844,Anna Smith,2012,1,17,Female,11844,8.0,3.0,3.3,6.6,6A,Talent,6,drama,,,,,,,,
1845,Susan Moore,2006,1,28,Female,11845,4.3,7.4,0.6,8.5,12A,Talent,12,singing,,,,,,,,
1846,Samantha Johnson,2009,4,25,Female,11846,3.5,8.9,3.2,7.2,9B,Talent,9,drama,,,,,,,,
1847,George Smith,2011,5,22,Male,11847,7.1,5.2,8.1,8.9,7A,Scholar,7,,84-74-93,science,,,,,,
1848,Laura Martin,2007,5,2,Female,11848,6.8,2.3,2.1,9.4,11C,Scholar,11,,80-68-76,mathematics,,,,,,
1849,Jennifer Moore,2006,9,21,Female,11849,3.4,7.2,9.2,7.6,12B,Sports,12,,,,69.4,cricket,,,,
1850,Maria Martinez,2012,8,26,Female,11850,6.5,6.4,8.4,7.1,6A,Sports,6,,,,97.3,cricket,,,,
1851,Charles Anderson,2012,9,7,Male,11851,4.0,1.3,9.4,6.9,6C,Sports,6,,,,51.8,cricket,,,,
1852,John Gonzalez,2012,2,25,Male,11852,7.4,9.1,9.1,9.2,6A,Scholar,6,,81-84-83,mathematics,,,,,,
1853,Anna Taylor,2008,4,23,Female,11853,0.0,0.4,4.0,8.7,10B,Scholar,10,,71-90-57,science,,,,,,
1854,Patricia Gonzalez,2009,1,5,Female,11854,6.6,1.7,0.2,9.0,9C,Talent,9,singing,,,,,,,,
1855,Kenneth Lopez,2010,7,23,Male,11855,8.0,4.2,3.2,8.2,8C,Scholar,8,,92-50-82,mathematics,,,,,,
1856,Laura Jones,2011,11,3,Female,11856,2.4,6.6,4.7,8.0,7B,Talent,7,singing,,,,,,,,
1857,Samantha Rodriguez,2006,4,19,Female,11857,3.0,4.8,2.4,9.2,12A,Scholar,12,,72-80-70,science,,,,,,
1858,James Martin,2010,1,12,Male,11858,7.8,6.4,4.1,7.7,8C,Scholar,8,,63-95-81,science,,,,,,
1859,Elizabeth Wilson,2010,3,25,Female,11859,0.4,8.2,6.2,6.6,8C,Talent,8,drama,,,,,,,,
1860,Karen Williams,2012,9,11,Female,11860,2.7,4.2,8.4,8.3,6C,Sports,6,,,,58.7,chess,,,,
1861,Paul Hernandez,2010,4,12,Male,11861,2.1,8.1,2.4,6.2,8B,Sports,8,,,,86.0,cricket,,,,
1862,Emma Thomas,2006,1,27,Female,11862,8.3,6.7,6.7,8.3,12A,Talent,12,singing,,,,,,,,
1863,Andrew Davis,2008,8,10,Male,11863,6.9,0.7,2.4,9.6,10A,Scholar,10,,94-58-96,mathematics,,,,,,
1864,Joseph Smith,2012,7,5,Male,11864,2.1,2.8,5.8,9.5,6B,Sports,6,,,,78.0,chess,,,,
1865,James Moore,2008,10,27,Male,11865,9.3,5.1,5.7,9.1,10C,Sports,10,,,,58.4,chess,,,,
1866,Lisa Thomas,2008,2,21,Female,11866,7.8,8.9,1.9,8.1,10B,Talent,10,drama,,,,,,,,
1867,George Rodriguez,2006,6,1,Male,11867,1.5,8.8,1.4,6.3,12B,Sports,12,,,,72.6,chess,,,,
1868,Anna Wilson,2010,7,27,Female,11868,7.8,6.4,4.0,6.8,8A,Talent,8,drama,,,,,,,,
1869,Michael Brown,2007,5,3,Male,11869,1.9,2.9,3.2,7.1,11C,Scholar,11,,58-67-76,mathematics,,,,,,
1870,Sandra Thomas,2012,5,10,Female,11870,9.5,4.2,4.0,10.0,6B,Scholar,6,,63-63-51,science,,,,,,
1871,Donald Davis,2007,8,17,Male,11871,7.6,0.0,3.6,8.5,11C,Sports,11,,,,92.3,chess,,,,
1872,Helen Jackson,2006,9,25,Female,11872,0.9,2.5,5.8,6.6,12A,Talent,12,drama,,,,,,,,
1873,George Rodriguez,2009,6,21,Male,11873,2.7,5.1,8.1,8.4,9C,Scholar,9,,69-66-66,science,,,,,,
1874,Michelle Jones,2009,6,23,Female,11874,1.4,8.0,8.5,7.5,9C,Scholar,9,,65-100-50,mathematics,,,,,,
1875,Michael Davis,2011,6,2,Male,11875,4.8,1.6,7.8,8.7,7A,Scholar,7,,54-99-94,science,,,,,,
1876,Samantha Gonzalez,2009,2,11,Female,11876,0.3,2.1,7.0,8.2,9B,Talent,9,singing,,,,,,,,
1877,Karen Hernandez,2011,12,11,Female,11877,0.7,6.0,6.2,6.3,7B,Sports,7,,,,76.0,cricket,,,,
1878,Susan Johnson,2006,5,15,Female,11878,4.5,0.6,2.8,6.6,12B,Talent,12,drama,,,,,,,,
1879,Sandra Martin,2009,10,12,Female,11879,7.6,9.2,7.0,7.0,9B,Scholar,9,,76-65-59,mathematics,,,,,,
1880,Thomas Hernandez,2007,10,3,Male,11880,5.4,8.8,2.6,9.0,11B,Talent,11,dance,,,,,,,,
1881,Maria Jackson,2010,3,10,Female,11881,6.4,0.5,5.9,7.8,8B,Scholar,8,,71-82-100,science,,,,,,
1882,Maria Lopez,2007,3,17,Female,11882,6.7,2.1,1.2,7.9,11B,Scholar,11,,70-100-90,science,,,,,,
1883,Laura Anderson,2010,1,27,Female,11883,2.7,7.5,1.2,9.0,8B,Scholar,8,,85-51-52,science,,,,,,
1884,George Thomas,2012,11,4,Male,11884,2.4,1.2,3.0,9.8,6A,Sports,6,,,,64.1,chess,,,,
1885,Maria Gonzalez,2008,11,9,Female,11885,9.0,9.2,4.0,7.6,10B,Sports,10,,,,95.1,chess,,,,
1886,Michelle Miller,2008,1,21,Female,11886,3.9,7.3,8.9,9.8,10B,Scholar,10,,64-70-82,science,,,,,,
1887,Emma Gonzalez,2007,11,19,Female,11887,1.8,8.4,4.4,8.2,11B,Sports,11,,,,74.6,cricket,,,,
1888,Joseph Garcia,2007,3,13,Male,11888,3.4,9.4,6.2,9.1,11A,Scholar,11,,100-68-84,science,,,,,,
1889,Jennifer Smith,2012,8,13,Female,11889,0.5,8.3,5.9,6.2,6B,Scholar,6,,88-65-64,science,,,,,,
1890,Steven Rodriguez,2007,1,23,Male,11890,9.3,4.2,6.7,6.4,11B,Scholar,11,,52-82-65,mathematics,,,,,,
1891,William Williams,2007,4,11,Male,11891,2.7,6.7,0.6,9.6,11A,Scholar,11,,78-70-71,mathematics,,,,,,
1892,Sandra Wilson,2009,6,24,Female,11892,4.5,7.2,5.6,9.1,9C,Sports,9,,,,96.3,cricket,,,,
1893,Lisa Thomas,2006,1,23,Female,11893,8.3,3.4,5.2,7.3,12C,Scholar,12,,56-50-80,science,,,,,,
1894,Donald Rodriguez,2010,11,24,Male,11894,0.5,5.8,6.4,7.3,8A,Scholar,8,,91-68-100,mathematics,,,,,,
1895,Patricia Wilson,2007,8,7,Female,11895,2.0,5.7,5.3,8.4,11A,Talent,11,dance,,,,,,,,
1896,Paul Taylor,2011,9,18,Male,11896,7.7,2.7,0.6,7.8,7C,Talent,7,dance,,,,,,,,
1897,Andrew Taylor,2007,4,14,Male,11897,9.0,0.4,0.5,6.6,11A,Sports,11,,,,95.1,cricket,,,,
1898,Joseph Rodriguez,2011,12,7,Male,11898,4.6,4.7,8.6,9.9,7A,Talent,7,singing,,,,,,,,
1899,Jennifer Hernandez,2009,3,7,Female,11899,5.5,6.4,7.1,9.0,9A,Sports,9,,,,65.8,chess,,,,
1900,James Jones,2006,1,17,Male,11900,9.2,1.2,6.4,8.9,12C,Talent,12,drama,,,,,,,,
1901,Charles Johnson,2009,10,3,Male,11901,3.1,3.5,2.0,7.3,9B,Talent,9,drama,,,,,,,,
1902,Kenneth Rodriguez,2010,4,7,Male,11902,3.4,8.8,2.5,6.5,8B,Sports,8,,,,67.3,cricket,,,,
1903,Samantha Gonzalez,2011,1,20,Female,11903,7.1,3.4,7.2,8.7,7B,Talent,7,singing,,,,,,,,
1904,George Miller,2012,2,14,Male,11904,6.1,0.0,4.2,9.0,6B,Talent,6,singing,,,,,,,,
1905,Matthew Hernandez,2012,3,18,Male,11905,1.2,1.2,8.4,6.9,6B,Scholar,6,,68-91-88,science,,,,,,
1906,Richard Hernandez,2008,2,9,Male,11906,6.8,8.7,2.2,8.0,10B,Talent,10,drama,,,,,,,,
1907,Andrew Garcia,2006,7,9,Male,11907,6.2,1.2,3.6,8.4,12B,Talent,12,drama,,,,,,,,
1908,Karen Anderson,2008,11,5,Female,11908,4.1,0.4,5.4,6.8,10C,Talent,10,dance,,,,,,,,
1909,David Jackson,2012,12,2,Male,11909,1.8,6.8,8.3,9.8,6B,Sports,6,,,,82.4,cricket,,,,
1910,Linda Miller,2011,1,16,Female,11910,8.9,7.4,3.1,7.9,7C,Scholar,7,,87-91-96,mathematics,,,,,,
1911,Steven Martin,2008,4,4,Male,11911,2.8,1.0,7.8,6.1,10C,Talent,10,singing,,,,,,,,
1912,Barbara Martin,2006,12,3,Female,11912,2.7,4.2,1.9,8.5,12B,Talent,12,drama,,,,,,,,
1913,Daniel Gonzalez,2009,1,6,Male,11913,3.7,4.4,0.1,6.1,9A,Talent,9,dance,,,,,,,,
1914,Karen Gonzalez,2006,12,14,Female,11914,2.7,1.0,9.2,6.2,12B,Sports,12,,,,78.4,cricket,,,,
1915,Emma Lopez,2008,10,15,Female,11915,3.5,1.0,8.6,6.4,10C,Scholar,10,,65-90-63,science,,,,,,
1916,Sarah Thomas,2011,6,20,Female,11916,9.0,2.0,5.4,9.0,7B,Sports,7,,,,51.0,chess,,,,
1917,Richard Smith,2009,12,2,Male,11917,7.4,3.1,3.9,9.3,9C,Talent,9,drama,,,,,,,,
1918,Steven Gonzalez,2006,8,25,Male,11918,3.6,9.2,3.8,6.7,12A,Talent,12,drama,,,,,,,,
1919,Jennifer Williams,2010,5,25,Female,11919,6.9,8.0,6.7,7.7,8A,Scholar,8,,97-63-63,mathematics,,,,,,
1920,Michelle Martin,2009,12,8,Female,11920,4.4,0.7,8.4,7.9,9C,Talent,9,singing,,,,,,,,
1921,Thomas Davis,2010,6,11,Male,11921,2.2,5.8,7.0,6.1,8B,Sports,8,,,,75.4,cricket,,,,
1922,Jennifer Jones,2011,6,10,Female,11922,3.1,5.4,0.2,7.5,7C,Scholar,7,,52-62-70,mathematics,,,,,,
1923,George Martin,2009,10,5,Male,11923,7.3,7.0,8.9,6.9,9C,Talent,9,dance,,,,,,,,
1924,George Gonzalez,2006,9,15,Male,11924,2.4,0.6,3.1,7.4,12A,Sports,12,,,,65.9,chess,,,,
1925,Christine Martin,2011,6,9,Female,11925,2.3,2.1,7.5,6.9,7A,Scholar,7,,99-89-50,science,,,,,,
1926,William Lopez,2007,12,8,Male,11926,6.3,5.1,9.4,9.4,11C,Sports,11,,,,84.6,chess,,,,
1927,Richard Johnson,2010,8,13,Male,11927,8.6,5.7,8.3,9.0,8C,Sports,8,,,,65.6,chess,,,,
1928,Daniel Rodriguez,2010,7,7,Male,11928,8.4,1.2,2.0,7.9,8C,Sports,8,,,,56.2,cricket,,,,
1929,Jennifer Wilson,2006,12,15,Female,11929,1.2,5.8,2.3,9.4,12A,Talent,12,dance,,,,,,,,
1930,Mark Thomas,2012,5,27,Male,11930,3.6,6.4,0.3,6.2,6B,Scholar,6,,80-62-64,science,,,,,,
1931,David Martinez,2006,8,4,Male,11931,5.8,2.9,3.2,7.7,12C,Scholar,12,,55-100-83,science,,,,,,
1932,Elizabeth Brown,2006,6,28,Female,11932,7.4,5.9,7.4,7.8,12A,Sports,12,,,,91.1,cricket,,,,
1933,Barbara Anderson,2010,12,7,Female,11933,0.3,7.1,6.8,9.7,8A,Talent,8,dance,,,,,,,,
1934,Joseph Martin,2007,6,27,Male,11934,6.2,6.4,3.5,8.0,11C,Talent,11,drama,,,,,,,,
1935,Kenneth Davis,2006,9,13,Male,11935,4.3,2.8,1.8,7.2,12B,Sports,12,,,,69.6,chess,,,,
1936,Anthony Brown,2010,9,5,Male,11936,2.3,8.0,1.1,8.3,8B,Scholar,8,,68-57-98,mathematics,,,,,,
1937,Lisa Garcia,2008,12,23,Female,11937,7.5,6.8,3.2,6.4,10B,Talent,10,singing,,,,,,,,
1938,David Johnson,2007,2,21,Male,11938,7.9,0.8,2.0,6.2,11B,Talent,11,singing,,,,,,,,
1939,George Taylor,2010,12,22,Male,11939,7.1,7.0,1.2,6.0,8A,Talent,8,drama,,,,,,,,
1940,Maria Hernandez,2011,7,24,Female,11940,2.6,3.8,4.0,6.1,7B,Sports,7,,,,66.0,cricket,,,,
1941,Donald Hernandez,2010,8,4,Male,11941,3.1,4.1,3.5,8.9,8C,Sports,8,,,,89.2,cricket,,,,
1942,Helen Taylor,2009,9,18,Female,11942,8.0,3.0,3.7,9.7,9C,Sports,9,,,,59.9,chess,,,,
1943,Jennifer Jackson,2011,11,13,Female,11943,2.7,0.1,8.6,8.4,7A,Sports,7,,,,91.7,cricket,,,,
1944,Andrew Taylor,2010,10,1,Male,11944,3.3,7.1,0.6,7.5,8C,Scholar,8,,100-70-63,mathematics,,,,,,
1945,Barbara Gonzalez,2010,10,23,Female,11945,7.5,6.3,4.3,6.4,8A,Scholar,8,,68-99-88,mathematics,,,,,,
1946,James Taylor,2012,8,6,Male,11946,6.6,1.0,9.3,8.8,6B,Sports,6,,,,52.0,cricket,,,,
1947,Anthony Taylor,2012,2,2,Male,11947,0.0,3.8,1.3,7.0,6B,Scholar,6,,86-51-60,science,,,,,,
1948,Christine Taylor,2009,8,18,Female,11948,6.7,3.2,1.1,9.3,9A,Talent,9,singing,,,,,,,,
1949,Jennifer Gonzalez,2009,12,21,Female,11949,7.0,7.6,2.9,8.5,9B,Scholar,9,,77-88-79,science,,,,,,
1950,Richard Gonzalez,2008,6,2,Male,11950,6.2,6.5,2.6,8.3,10B,Sports,10,,,,67.1,chess,,,,
1951,Anthony Brown,2006,5,7,Male,11951,7.2,2.4,7.3,7.0,12A,Talent,12,singing,,,,,,,,
1952,Mary Martin,2009,6,16,Female,11952,8.5,9.2,7.2,7.7,9C,Talent,9,dance,,,,,,,,
1953,Susan Jackson,2006,11,22,Female,11953,9.3,8.3,1.7,9.3,12A,Talent,12,singing,,,,,,,,
1954,Laura Miller,2010,9,11,Female,11954,7.9,7.7,4.4,7.9,8B,Talent,8,singing,,,,,,,,
1955,Helen Jones,2012,3,25,Female,11955,4.3,4.0,9.2,7.0,6A,Sports,6,,,,50.8,chess,,,,
1956,Christine Hernandez,2008,10,14,Female,11956,9.0,6.7,2.8,9.2,10A,Scholar,10,,67-58-62,science,,,,,,
1957,Joseph Anderson,2006,7,25,Male,11957,4.2,2.4,2.7,7.4,12B,Talent,12,singing,,,,,,,,
1958,Matthew Martin,2006,2,3,Male,11958,8.6,5.5,2.0,7.0,12A,Talent,12,dance,,,,,,,,
1959,Linda Johnson,2009,9,8,Female,11959,7.7,3.3,1.9,9.4,9C,Talent,9,dance,,,,,,,,
1960,Barbara Lopez,2009,5,14,Female,11960,0.7,7.7,6.2,6.6,9B,Sports,9,,,,60.7,cricket,,,,
1961,Steven Brown,2006,2,4,Male,11961,6.2,7.6,1.1,8.0,12A,Sports,12,,,,74.6,chess,,,,
1962,George Anderson,2008,9,7,Male,11962,7.2,8.5,0.1,9.2,10A,Talent,10,dance,,,,,,,,
1963,Anthony Jones,2006,10,23,Male,11963,2.1,9.0,2.5,8.3,12C,Talent,12,dance,,,,,,,,
1964,Paul Hernandez,2008,2,2,Male,11964,4.6,1.2,0.1,7.4,10C,Sports,10,,,,91.3,chess,,,,
1965,George Thomas,2008,3,8,Male,11965,7.0,7.3,1.6,9.2,10A,Sports,10,,,,64.7,cricket,,,,
1966,Emma Johnson,2011,9,15,Female,11966,3.1,7.4,7.1,6.5,7A,Sports,7,,,,76.8,chess,,,,
1967,Maria Gonzalez,2011,11,20,Female,11967,4.9,7.8,1.6,7.5,7A,Talent,7,singing,,,,,,,,
1968,Barbara Martin,2009,12,23,Female,11968,4.5,2.2,5.8,7.5,9A,Sports,9,,,,71.2,cricket,,,,
1969,Michelle Anderson,2010,3,5,Female,11969,7.4,0.8,4.8,8.4,8B,Talent,8,singing,,,,,,,,
1970,Anthony Brown,2012,2,11,Male,11970,0.2,1.5,0.5,7.5,6A,Scholar,6,,55-85-96,mathematics,,,,,,
1971,Richard Hernandez,2012,7,6,Male,11971,8.2,5.9,5.4,6.1,6A,Talent,6,dance,,,,,,,,
1972,Jennifer Jackson,2008,8,4,Female,11972,7.9,7.6,4.1,8.1,10B,Talent,10,drama,,,,,,,,
1973,Sandra Moore,2008,5,12,Female,11973,2.2,9.1,4.1,8.9,10B,Talent,10,drama,,,,,,,,
1974,Paul Smith,2006,8,3,Male,11974,9.4,6.2,4.0,9.0,12C,Sports,12,,,,89.4,chess,,,,
1975,Michelle Lopez,2008,1,7,Female,11975,2.9,5.5,2.2,6.5,10B,Sports,10,,,,55.5,cricket,,,,
1976,Karen Rodriguez,2011,12,21,Female,11976,4.0,9.3,0.3,9.0,7B,Sports,7,,,,54.4,cricket,,,,
1977,George Miller,2007,12,21,Male,11977,4.7,5.7,6.1,8.6,11B,Sports,11,,,,81.4,cricket,,,,
1978,Linda Garcia,2007,5,20,Female,11978,6.0,9.4,0.2,6.6,11A,Scholar,11,,70-84-83,science,,,,,,
1979,Anthony Davis,2006,4,11,Male,11979,4.9,7.9,6.7,6.1,12B,Sports,12,,,,75.9,chess,,,,
1980,John Martin,2007,1,28,Male,11980,7.9,6.1,0.3,9.7,11B,Talent,11,singing,,,,,,,,
1981,Steven Smith,2009,11,2,Male,11981,3.7,2.6,7.9,8.2,9A,Scholar,9,,91-55-93,science,,,,,,
1982,Barbara Smith,2012,7,14,Female,11982,3.7,6.7,6.7,8.9,6A,Scholar,6,,57-82-98,science,,,,,,
1983,Barbara Miller,2010,6,19,Female,11983,6.4,1.5,9.0,6.3,8C,Talent,8,singing,,,,,,,,
1984,Lisa Martinez,2010,1,22,Female,11984,5.2,3.2,6.8,7.7,8B,Talent,8,singing,,,,,,,,
1985,Karen Rodriguez,2012,2,9,Female,11985,2.1,6.1,8.6,6.2,6A,Sports,6,,,,90.2,cricket,,,,
1986,Paul Anderson,2008,9,24,Male,11986,6.6,2.3,9.0,6.6,10A,Sports,10,,,,65.8,cricket,,,,
1987,William Williams,2007,6,4,Male,11987,2.6,1.9,8.8,7.5,11C,Talent,11,singing,,,,,,,,
1988,Helen Williams,2008,9,14,Female,11988,8.5,1.3,7.4,8.8,10C,Scholar,10,,94-59-51,science,,,,,,
1989,Paul Gonzalez,2012,6,19,Male,11989,2.1,3.6,2.8,8.0,6A,Talent,6,drama,,,,,,,,
1990,Jennifer Hernandez,2012,12,3,Female,11990,3.8,6.0,0.1,8.0,6B,Talent,6,drama,,,,,,,,
1991,Steven Martin,2010,9,26,Male,11991,1.4,2.1,8.9,7.3,8B,Talent,8,dance,,,,,,,,
1992,Michael Miller,2006,11,27,Male,11992,8.1,7.9,5.9,8.1,12A,Sports,12,,,,60.1,chess,,,,
1993,James Johnson,2012,4,18,Male,11993,6.3,6.3,3.6,8.3,6B,Talent,6,drama,,,,,,,,
1994,Michael Brown,2012,1,7,Male,11994,8.5,4.5,2.1,9.4,6C,Scholar,6,,89-94-68,science,,,,,,
1995,Lisa Lopez,2008,9,2,Female,11995,4.1,7.1,5.6,6.4,10B,Sports,10,,,,68.4,cricket,,,,
1996,Linda Miller,2006,8,19,Female,11996,8.9,8.8,5.4,8.0,12C,Talent,12,drama,,,,,,,,
1997,Patricia Wilson,2009,7,4,Female,11997,4.8,6.2,7.7,9.3,9A,Talent,9,singing,,,,,,,,
1998,Paul Martinez,2009,12,23,Male,11998,3.3,2.1,0.4,7.4,9A,Talent,9,drama,,,,,,,,
1999,Laura Smith,2009,5,23,Female,11999,4.3,2.5,8.4,8.5,9A,Scholar,9,,61-61-86,science,,,,,,
2000,Susan Moore,2010,9,11,Female,12000,4.4,0.7,8.4,7.2,8A,Talent,8,drama,,,,,,,,
2001,Andrew Jones,2009,10,1,Male,12001,0.5,8.5,5.8,9.4,9B,Talent,9,drama,,,,,,,,
2002,Maria Johnson,2006,11,7,Female,12002,5.8,6.4,5.0,7.3,12B,Sports,12,,,,68.2,cricket,,,,
2003,Linda Brown,2012,6,6,Female,12003,9.3,2.2,2.2,6.8,6A,Talent,6,drama,,,,,,,,
2004,Mary Wilson,2012,3,2,Female,12004,5.9,6.4,6.4,6.4,6A,Talent,6,singing,,,,,,,,
2005,Thomas Anderson,2009,11,4,Male,12005,0.4,0.8,7.1,6.3,9C,Scholar,9,,52-58-85,science,,,,,,
2006,Sandra Lopez,2007,9,21,Female,12006,5.6,2.4,2.9,6.9,11B,Sports,11,,,,96.4,cricket,,,,
2007,Donald Williams,2009,8,18,Male,12007,5.3,4.0,1.1,7.5,9A,Talent,9,dance,,,,,,,,
2008,Robert Thomas,2010,11,10,Male,12008,7.5,1.7,9.4,6.6,8C,Talent,8,drama,,,,,,,,
2009,Linda Lopez,2008,11,28,Female,12009,2.1,6.0,2.6,6.5,10A,Talent,10,dance,,,,,,,,
2010,Susan Williams,2011,7,2,Female,12010,5.0,6.9,8.6,8.0,7C,Scholar,7,,65-51-55,mathematics,,,,,,
2011,Jennifer Anderson,2010,7,28,Female,12011,8.5,9.1,8.9,9.7,8B,Talent,8,dance,,,,,,,,
2012,Helen Anderson,2009,2,19,Female,12012,3.9,0.8,3.9,7.2,9B,Scholar,9,,86-81-61,science,,,,,,
2013,Steven Smith,2009,9,21,Male,12013,5.7,7.4,2.1,6.2,9B,Talent,9,dance,,,,,,,,
2014,Linda Moore,2008,11,19,Female,12014,7.3,9.2,1.4,7.8,10C,Sports,10,,,,89.7,chess,,,,
2015,Andrew Gonzalez,2012,4,1,Male,12015,3.1,3.1,6.2,9.1,6C,Talent,6,singing,,,,,,,,
2016,Kenneth Lopez,2006,2,3,Male,12016,9.0,8.8,3.0,10.0,12A,Sports,12,,,,73.6,chess,,,,
2017,Samantha Wilson,2007,3,10,Female,12017,9.2,1.3,6.3,7.3,11B,Talent,11,drama,,,,,,,,
2018,Steven Davis,2011,11,5,Male,12018,8.0,3.8,1.9,7.9,7B,Talent,7,singing,,,,,,,,
2019,James Moore,2010,11,6,Male,12019,3.9,0.3,8.0,7.8,8C,Scholar,8,,87-88-86,science,,,,,,
2020,Kenneth Gonzalez,2008,11,15,Male,12020,4.8,2.2,0.8,6.3,10A,Sports,10,,,,97.5,chess,,,,
2021,David Williams,2010,4,28,Male,12021,4.8,8.7,6.5,7.8,8B,Talent,8,singing,,,,,,,,
2022,Helen Davis,2010,5,15,Female,12022,0.0,3.1,3.4,6.6,8B,Talent,8,singing,,,,,,,,
2023,Joseph Gonzalez,2008,1,17,Male,12023,3.5,2.2,6.8,7.5,10A,Talent,10,dance,,,,,,,,
2024,Thomas Smith,2009,7,23,Male,12024,6.0,2.5,6.5,7.8,9A,Scholar,9,,71-72-95,science,,,,,,
2025,Richard Taylor,2012,2,14,Male,12025,7.3,8.4,6.9,9.0,6C,Scholar,6,,76-97-63,mathematics,,,,,,
2026,Michelle Moore,2011,10,14,Female,12026,2.1,2.8,3.9,9.3,7C,Scholar,7,,58-73-84,science,,,,,,
2027,Daniel Smith,2008,6,13,Male,12027,9.4,7.3,6.8,8.0,10C,Talent,10,dance,,,,,,,,
2028,Maria Smith,2009,12,11,Female,12028,2.3,4.5,2.3,7.2,9C,Sports,9,,,,87.0,chess,,,,
2029,John Williams,2006,9,12,Male,12029,3.9,6.4,9.1,7.0,12B,Talent,12,singing,,,,,,,,
2030,Andrew Gonzalez,2008,11,8,Male,12030,0.4,1.2,2.6,7.4,10A,Talent,10,dance,,,,,,,,
2031,Emma Gonzalez,2008,5,22,Female,12031,1.5,0.8,3.3,10.0,10A,Sports,10,,,,94.5,cricket,,,,
2032,Helen Jackson,2010,3,16,Female,12032,1.6,5.8,1.0,6.9,8A,Sports,8,,,,66.6,cricket,,,,
2033,John Davis,2009,6,19,Male,12033,7.8,0.0,2.0,9.7,9C,Scholar,9,,76-58-76,mathematics,,,,,,
2034,David Smith,2010,1,25,Male,12034,0.1,2.9,2.9,6.4,8B,Scholar,8,,98-77-51,science,,,,,,
2035,Daniel Jackson,2009,5,15,Male,12035,6.9,8.4,7.9,8.5,9C,Talent,9,singing,,,,,,,,
2036,James Miller,2010,9,2,Male,12036,7.9,1.3,9.1,7.8,8C,Talent,8,dance,,,,,,,,
2037,Maria Johnson,2008,8,25,Female,12037,7.3,7.7,6.6,9.1,10A,Talent,10,singing,,,,,,,,
2038,Linda Brown,2009,9,3,Female,12038,7.5,1.5,2.8,7.7,9A,Sports,9,,,,71.9,cricket,,,,
2039,Helen Rodriguez,2012,3,11,Female,12039,0.4,0.4,2.2,6.5,6C,Scholar,6,,82-84-77,science,,,,,,
2040,Elizabeth Moore,2011,8,18,Female,12040,7.8,5.4,8.3,7.3,7C,Talent,7,dance,,,,,,,,
2041,Mary Rodriguez,2008,3,23,Female,12041,3.3,8.8,3.5,6.6,10B,Talent,10,drama,,,,,,,,
2042,Matthew Rodriguez,2008,4,2,Male,12042,4.6,7.2,3.4,9.7,10A,Sports,10,,,,55.5,chess,,,,
2043,Charles Williams,2012,6,14,Male,12043,7.7,8.3,6.7,6.9,6B,Talent,6,drama,,,,,,,,
2044,Thomas Martinez,2012,4,1,Male,12044,1.0,0.4,4.4,7.7,6A,Scholar,6,,54-57-68,science,,,,,,
2045,Laura Rodriguez,2011,7,8,Female,12045,2.8,0.4,4.9,7.1,7C,Talent,7,drama,,,,,,,,
2046,Susan Moore,2010,1,28,Female,12046,7.9,8.0,7.1,6.0,8A,Talent,8,drama,,,,,,,,
2047,Samantha Hernandez,2011,8,3,Female,12047,1.3,5.9,0.2,8.1,7A,Scholar,7,,92-66-68,science,,,,,,
2048,Barbara Moore,2008,10,20,Female,12048,3.3,2.5,1.8,8.7,10B,Scholar,10,,58-57-62,science,,,,,,
2049,Elizabeth Taylor,2009,2,2,Female,12049,7.7,4.0,1.8,7.8,9A,Sports,9,,,,80.7,cricket,,,,
2050,Barbara Martin,2012,3,17,Female,12050,2.6,6.7,2.5,9.5,6B,Sports,6,,,,67.4,cricket,,,,
2051,Michael Thomas,2011,6,11,Male,12051,6.8,5.6,1.9,8.7,7A,Sports,7,,,,75.2,chess,,,,
2052,Daniel Rodriguez,2010,3,27,Male,12052,7.8,1.3,2.9,9.3,8B,Talent,8,drama,,,,,,,,
2053,Christine Jackson,2010,5,23,Female,12053,6.1,3.9,5.2,8.9,8A,Scholar,8,,82-69-100,science,,,,,,
2054,Anna Garcia,2009,12,17,Female,12054,0.4,4.8,5.8,6.0,9B,Sports,9,,,,60.2,chess,,,,
2055,Sandra Lopez,2006,7,1,Female,12055,2.2,4.5,3.0,8.6,12C,Scholar,12,,50-94-81,science,,,,,,
2056,Jennifer Taylor,2012,6,25,Female,12056,5.8,3.6,5.8,8.2,6C,Sports,6,,,,81.9,cricket,,,,
2057,Patricia Lopez,2010,9,10,Female,12057,1.5,3.1,0.5,7.0,8C,Scholar,8,,80-50-77,mathematics,,,,,,
2058,Anna Jones,2011,6,2,Female,12058,3.1,4.6,9.0,8.0,7A,Scholar,7,,65-56-52,mathematics,,,,,,
2059,Jennifer Taylor,2011,5,19,Female,12059,2.1,1.8,6.2,9.0,7A,Scholar,7,,97-51-61,mathematics,,,,,,
2060,Patricia Smith,2010,4,11,Female,12060,3.2,1.5,7.9,6.5,8A,Sports,8,,,,54.3,cricket,,,,
2061,Andrew Smith,2006,2,9,Male,12061,2.7,3.3,1.5,9.7,12A,Talent,12,singing,,,,,,,,
2062,Elizabeth Martin,2008,12,1,Female,12062,6.4,4.3,8.4,8.0,10C,Sports,10,,,,75.2,cricket,,,,
2063,Patricia Garcia,2011,10,25,Female,12063,8.2,8.8,0.2,8.8,7C,Scholar,7,,74-85-81,science,,,,,,
2064,Thomas Martin,2007,2,7,Male,12064,2.0,2.0,9.2,6.1,11B,Scholar,11,,86-57-82,mathematics,,,,,,
2065,Mary Wilson,2012,10,21,Female,12065,2.1,4.1,7.2,8.5,6A,Sports,6,,,,56.2,cricket,,,,
2066,Maria Wilson,2008,6,9,Female,12066,1.8,8.8,5.9,9.8,10B,Sports,10,,,,97.1,cricket,,,,
2067,Daniel Williams,2006,3,19,Male,12067,4.1,5.7,4.3,7.4,12C,Scholar,12,,64-65-58,science,,,,,,
2068,Mary Anderson,2010,2,1,Female,12068,3.1,4.0,1.1,9.7,8A,Scholar,8,,93-98-72,science,,,,,,
2069,John Moore,2012,12,10,Male,12069,4.9,8.1,4.0,6.3,6A,Scholar,6,,65-59-69,science,,,,,,
2070,James Thomas,2007,1,7,Male,12070,0.3,1.0,4.9,7.1,11A,Talent,11,dance,,,,,,,,
2071,Jennifer Brown,2006,3,16,Female,12071,4.5,0.1,5.3,7.5,12C,Sports,12,,,,59.2,cricket,,,,
2072,Jessica Gonzalez,2008,10,1,Female,12072,4.0,7.9,8.1,8.6,10C,Talent,10,singing,,,,,,,,
2073,Jennifer Hernandez,2008,9,13,Female,12073,6.1,6.7,8.4,7.1,10C,Talent,10,drama,,,,,,,,
2074,Anthony Martin,2009,1,27,Male,12074,6.1,1.8,8.5,6.2,9A,Scholar,9,,57-98-76,mathematics,,,,,,
2075,Maria Martin,2012,8,8,Female,12075,4.9,1.6,3.3,7.9,6B,Sports,6,,,,97.3,chess,,,,
2076,Daniel Garcia,2007,9,20,Male,12076,3.3,4.9,7.5,7.4,11A,Scholar,11,,86-61-68,science,,,,,,
2077,Richard Martin,2012,12,17,Male,12077,0.5,3.4,1.9,7.7,6C,Scholar,6,,97-65-50,science,,,,,,
2078,Jessica Thomas,2006,6,8,Female,12078,1.8,4.5,2.2,6.1,12A,Scholar,12,,64-85-56,science,,,,,,
2079,David Brown,2007,7,25,Male,12079,4.7,9.2,5.2,8.3,11B,Sports,11,,,,63.3,cricket,,,,
2080,Donald Miller,2007,8,27,Male,12080,1.0,5.2,1.5,6.4,11C,Talent,11,drama,,,,,,,,
2081,Emma Taylor,2011,7,9,Female,12081,5.6,4.5,2.3,8.4,7A,Sports,7,,,,54.9,chess,,,,
2082,David Smith,2007,8,18,Male,12082,8.1,0.6,2.0,9.7,11B,Scholar,11,,53-60-52,mathematics,,,,,,
2083,William Moore,2008,11,18,Male,12083,9.3,6.5,8.9,7.5,10B,Sports,10,,,,72.2,chess,,,,
2084,William Wilson,2009,3,5,Male,12084,5.0,1.0,7.9,7.7,9C,Talent,9,drama,,,,,,,,
2085,Sandra Johnson,2009,5,2,Female,12085,1.7,6.8,8.8,8.5,9C,Talent,9,singing,,,,,,,,
2086,David Johnson,2011,5,11,Male,12086,9.4,1.7,4.6,7.0,7B,Talent,7,drama,,,,,,,,
2087,Michelle Jackson,2008,7,22,Female,12087,7.0,2.3,1.6,8.8,10A,Scholar,10,,95-88-92,science,,,,,,
2088,Michelle Smith,2009,2,1,Female,12088,3.2,4.7,1.3,9.3,9B,Sports,9,,,,74.6,chess,,,,
2089,Robert Brown,2007,10,26,Male,12089,1.7,8.6,0.3,9.8,11B,Scholar,11,,65-99-64,mathematics,,,,,,
2090,Karen Taylor,2009,8,22,Female,12090,7.5,7.3,8.0,7.8,9C,Talent,9,dance,,,,,,,,
2091,Mark Jackson,2007,7,25,Male,12091,7.2,8.3,5.4,7.9,11A,Scholar,11,,58-92-58,science,,,,,,
2092,David Martin,2007,10,4,Male,12092,6.3,1.6,1.6,7.3,11A,Sports,11,,,,54.5,chess,,,,
2093,Jennifer Davis,2009,10,19,Female,12093,6.9,5.4,2.3,9.5,9A,Talent,9,drama,,,,,,,,
2094,John Williams,2007,12,1,Male,12094,8.1,0.5,7.2,8.9,11C,Talent,11,drama,,,,,,,,
2095,Lisa Martinez,2011,3,27,Female,12095,3.0,0.5,0.9,6.3,7C,Talent,7,drama,,,,,,,,
2096,Michelle Jackson,2011,4,1,Female,12096,0.9,0.8,5.3,7.9,7B,Scholar,7,,79-100-66,science,,,,,,
2097,Susan Lopez,2010,3,22,Female,12097,3.7,6.0,5.1,7.8,8C,Talent,8,dance,,,,,,,,
2098,Richard Taylor,2012,3,15,Male,12098,7.1,6.2,7.0,6.5,6C,Scholar,6,,51-59-51,mathematics,,,,,,
2099,Robert Thomas,2009,2,11,Male,12099,0.1,7.2,6.3,6.9,9A,Scholar,9,,74-82-86,science,,,,,,
2100,Samantha Martinez,2012,5,27,Female,12100,3.2,6.6,4.2,9.7,6A,Sports,6,,,,59.0,cricket,,,,
2101,Samantha Moore,2011,2,19,Female,12101,8.1,5.7,8.3,7.1,7A,Talent,7,drama,,,,,,,,
2102,Elizabeth Rodriguez,2006,1,13,Female,12102,4.0,6.7,8.4,7.2,12A,Scholar,12,,85-55-53,mathematics,,,,,,
2103,John Rodriguez,2007,11,13,Male,12103,1.0,0.5,9.1,8.1,11B,Sports,11,,,,54.6,chess,,,,
2104,Thomas Smith,2011,7,2,Male,12104,5.6,3.9,2.0,7.7,7B,Scholar,7,,80-65-88,science,,,,,,
2105,Michael Martin,2006,4,25,Male,12105,1.6,2.8,0.9,8.0,12A,Talent,12,drama,,,,,,,,
2106,Michelle Garcia,2008,3,24,Female,12106,6.4,2.1,6.0,7.3,10C,Talent,10,drama,,,,,,,,
2107,Elizabeth Hernandez,2007,12,24,Female,12107,8.5,8.4,1.6,7.9,11C,Sports,11,,,,60.2,chess,,,,
2108,Emma Taylor,2008,1,13,Female,12108,9.2,6.6,3.7,10.0,10C,Talent,10,singing,,,,,,,,
2109,Linda Davis,2012,11,17,Female,12109,5.6,0.3,0.1,8.4,6C,Sports,6,,,,51.6,chess,,,,
2110,Michael Moore,2007,2,21,Male,12110,3.0,1.0,0.3,8.8,11A,Scholar,11,,86-79-77,science,,,,,,
2111,Michelle Moore,2007,12,28,Female,12111,5.1,1.3,0.4,6.7,11B,Sports,11,,,,63.4,cricket,,,,
2112,Kenneth Johnson,2007,3,12,Male,12112,0.8,3.8,5.9,8.1,11B,Talent,11,singing,,,,,,,,
2113,Lisa Wilson,2006,10,23,Female,12113,6.7,9.2,5.1,7.4,12A,Sports,12,,,,51.2,cricket,,,,
2114,Sandra Jones,2008,2,26,Female,12114,7.4,8.0,4.5,8.7,10A,Scholar,10,,53-72-73,science,,,,,,
2115,Barbara Davis,2006,11,3,Female,12115,3.0,6.2,4.1,6.6,12A,Scholar,12,,80-86-64,mathematics,,,,,,
2116,Anna Wilson,2009,1,24,Female,12116,8.7,2.0,3.7,9.1,9C,Scholar,9,,74-61-54,science,,,,,,
2117,Paul Jones,2011,4,27,Male,12117,4.7,7.8,3.3,6.9,7B,Sports,7,,,,70.5,chess,,,,
2118,John Miller,2008,1,25,Male,12118,3.7,2.1,8.9,9.3,10A,Sports,10,,,,60.5,chess,,,,
2119,Donald Jackson,2012,7,19,Male,12119,6.0,8.8,4.1,6.1,6C,Sports,6,,,,77.0,cricket,,,,
2120,Linda Taylor,2009,6,1,Female,12120,0.4,9.0,1.2,9.5,9A,Sports,9,,,,87.9,cricket,,,,
2121,Maria Williams,2010,3,9,Female,12121,8.9,7.8,2.2,9.1,8B,Scholar,8,,56-55-73,mathematics,,,,,,
2122,Donald Wilson,2011,1,24,Male,12122,6.8,9.1,4.4,8.6,7C,Sports,7,,,,59.0,chess,,,,
2123,Laura Moore,2010,7,27,Female,12123,1.6,0.4,0.2,8.8,8C,Talent,8,singing,,,,,,,,
2124,Laura Hernandez,2008,3,2,Female,12124,5.9,0.1,4.7,7.5,10A,Sports,10,,,,63.9,chess,,,,
2125,Kenneth Lopez,2006,9,6,Male,12125,8.5,2.4,8.7,9.4,12C,Scholar,12,,68-93-85,science,,,,,,
2126,Jessica Brown,2010,7,24,Female,12126,6.3,3.8,3.2,7.6,8A,Scholar,8,,57-84-53,science,,,,,,
2127,Anna Rodriguez,2006,3,27,Female,12127,7.7,3.3,3.9,9.0,12C,Sports,12,,,,67.9,chess,,,,
2128,Patricia Johnson,2012,5,12,Female,12128,9.1,8.2,5.4,7.5,6B,Talent,6,drama,,,,,,,,
2129,Sandra Moore,2011,7,6,Female,12129,0.2,1.7,4.3,9.7,7A,Talent,7,drama,,,,,,,,
2130,Laura Garcia,2008,10,15,Female,12130,9.1,4.0,3.8,6.9,10A,Scholar,10,,62-72-55,science,,,,,,
2131,Christine Miller,2008,10,27,Female,12131,5.3,5.5,5.7,8.8,10B,Sports,10,,,,84.3,cricket,,,,
2132,Michelle Martinez,2009,12,3,Female,12132,8.0,2.3,0.7,7.8,9A,Talent,9,singing,,,,,,,,
2133,Paul Martin,2011,9,21,Male,12133,4.6,5.6,5.3,7.7,7C,Sports,7,,,,62.8,cricket,,,,
2134,Patricia Rodriguez,2012,4,6,Female,12134,8.5,8.9,5.1,6.4,6C,Scholar,6,,70-99-94,science,,,,,,
2135,Samantha Rodriguez,2007,9,3,Female,12135,1.7,7.2,8.5,6.6,11B,Sports,11,,,,86.5,cricket,,,,
2136,Donald Garcia,2012,7,14,Male,12136,0.4,7.2,8.4,7.6,6C,Sports,6,,,,74.7,cricket,,,,
2137,William Smith,2006,12,25,Male,12137,7.7,8.4,3.6,8.1,12B,Scholar,12,,59-55-82,mathematics,,,,,,
2138,Emma Johnson,2011,1,5,Female,12138,4.2,4.5,4.9,7.4,7A,Talent,7,singing,,,,,,,,
2139,Mary Martin,2011,9,2,Female,12139,2.5,6.5,8.9,7.1,7B,Sports,7,,,,79.2,chess,,,,
2140,Andrew Martinez,2007,5,19,Male,12140,3.2,9.4,6.3,6.1,11B,Sports,11,,,,71.4,cricket,,,,
2141,Samantha Miller,2006,11,7,Female,12141,4.6,3.2,6.1,9.9,12A,Sports,12,,,,50.7,cricket,,,,
2142,Emma Jones,2011,5,22,Female,12142,3.9,8.8,4.5,8.5,7A,Sports,7,,,,51.5,cricket,,,,
2143,Jennifer Martin,2011,1,24,Female,12143,5.3,8.1,1.5,7.3,7C,Talent,7,drama,,,,,,,,
2144,Laura Johnson,2009,10,27,Female,12144,7.9,8.9,6.6,7.7,9C,Sports,9,,,,77.7,cricket,,,,
2145,Helen Martinez,2012,6,18,Female,12145,8.2,3.2,4.8,10.0,6C,Scholar,6,,72-75-95,science,,,,,,
2146,Emma Thomas,2009,11,8,Female,12146,1.6,2.2,7.4,8.2,9A,Sports,9,,,,65.1,chess,,,,
2147,Linda Wilson,2006,3,9,Female,12147,9.2,4.0,0.9,9.7,12C,Sports,12,,,,79.0,chess,,,,
2148,Michelle Jones,2007,12,23,Female,12148,1.1,7.6,3.7,6.2,11C,Sports,11,,,,77.6,chess,,,,
2149,Jennifer Garcia,2011,5,21,Female,12149,7.4,1.0,4.0,9.3,7C,Talent,7,singing,,,,,,,,
2150,Samantha Williams,2007,5,27,Female,12150,8.4,3.6,7.1,8.1,11A,Talent,11,drama,,,,,,,,
2151,Mary Garcia,2011,1,5,Female,12151,1.0,5.7,8.5,9.4,7B,Sports,7,,,,79.8,chess,,,,
2152,David Martinez,2008,7,17,Male,12152,3.5,5.8,4.8,9.4,10C,Talent,10,drama,,,,,,,,
2153,Joseph Thomas,2010,4,5,Male,12153,0.3,3.9,6.4,8.7,8A,Scholar,8,,69-65-51,mathematics,,,,,,
2154,Patricia Gonzalez,2008,2,23,Female,12154,8.3,6.8,8.2,7.5,10A,Sports,10,,,,54.8,cricket,,,,
2155,Mark Gonzalez,2007,4,12,Male,12155,7.6,2.0,4.2,7.1,11A,Scholar,11,,51-65-51,science,,,,,,
2156,Anthony Wilson,2007,8,13,Male,12156,9.3,6.2,6.4,7.2,11A,Scholar,11,,62-80-96,mathematics,,,,,,
2157,Laura Brown,2006,4,10,Female,12157,2.8,6.8,0.9,6.5,12B,Scholar,12,,65-57-59,science,,,,,,
2158,Michelle Thomas,2009,12,14,Female,12158,3.7,6.9,8.9,6.9,9A,Sports,9,,,,97.4,chess,,,,
2159,Elizabeth Lopez,2008,5,20,Female,12159,6.9,6.4,1.1,9.6,10C,Sports,10,,,,84.8,cricket,,,,
2160,Maria Smith,2008,8,26,Female,12160,2.0,7.1,8.3,7.8,10A,Sports,10,,,,69.4,chess,,,,
2161,Anthony Davis,2010,9,14,Male,12161,9.4,9.2,3.6,8.7,8C,Sports,8,,,,92.8,chess,,,,
2162,Laura Garcia,2011,3,9,Female,12162,7.6,4.9,3.4,7.0,7C,Talent,7,singing,,,,,,,,
2163,Donald Jones,2008,4,20,Male,12163,2.8,6.4,1.5,10.0,10C,Scholar,10,,80-92-95,mathematics,,,,,,
2164,Andrew Gonzalez,2011,11,8,Male,12164,7.5,7.7,1.5,8.3,7C,Talent,7,dance,,,,,,,,
2165,Richard Wilson,2009,2,13,Male,12165,6.7,6.7,0.3,7.6,9A,Sports,9,,,,70.2,chess,,,,
2166,Susan Martin,2012,9,14,Female,12166,0.3,0.2,4.4,9.4,6B,Sports,6,,,,74.8,cricket,,,,
2167,Patricia Miller,2009,7,2,Female,12167,8.0,1.0,5.6,6.7,9B,Talent,9,drama,,,,,,,,
2168,Susan Garcia,2011,6,13,Female,12168,3.0,3.1,5.1,9.8,7A,Sports,7,,,,69.9,cricket,,,,
2169,Anna Jackson,2007,8,7,Female,12169,2.4,4.5,4.1,9.7,11C,Sports,11,,,,89.5,cricket,,,,
2170,Sarah Davis,2011,12,21,Female,12170,7.2,2.0,0.8,7.4,7C,Scholar,7,,50-58-83,science,,,,,,
2171,Paul Garcia,2010,8,1,Male,12171,6.2,1.6,6.7,6.5,8A,Talent,8,dance,,,,,,,,
2172,Joseph Martin,2009,8,20,Male,12172,5.3,0.7,5.6,7.6,9B,Talent,9,drama,,,,,,,,
2173,Karen Miller,2008,1,15,Female,12173,2.9,0.9,9.0,9.4,10B,Sports,10,,,,72.7,cricket,,,,
2174,Joseph Anderson,2009,5,4,Male,12174,0.4,6.6,3.8,8.7,9A,Talent,9,dance,,,,,,,,
2175,Steven Anderson,2007,5,17,Male,12175,5.6,4.5,6.8,9.9,11B,Scholar,11,,54-58-82,mathematics,,,,,,
2176,Emma Wilson,2007,9,5,Female,12176,3.7,6.9,2.3,6.4,11C,Talent,11,dance,,,,,,,,
2177,Thomas Jackson,2010,9,25,Male,12177,8.7,5.7,5.7,9.8,8C,Talent,8,dance,,,,,,,,
2178,Helen Martinez,2009,3,11,Female,12178,0.4,2.0,1.6,7.6,9A,Sports,9,,,,77.2,chess,,,,
2179,David Gonzalez,2009,1,28,Male,12179,4.0,3.5,5.5,9.6,9A,Talent,9,dance,,,,,,,,
2180,Thomas Brown,2010,10,14,Male,12180,8.6,4.8,6.8,6.7,8A,Talent,8,drama,,,,,,,,
2181,James Rodriguez,2009,9,6,Male,12181,7.6,3.1,0.6,6.3,9B,Talent,9,dance,,,,,,,,
2182,Elizabeth Williams,2012,8,12,Female,12182,0.1,0.9,7.4,6.5,6A,Scholar,6,,86-63-91,science,,,,,,
2183,Elizabeth Jones,2011,8,17,Female,12183,3.5,4.2,6.6,9.9,7B,Scholar,7,,55-72-54,science,,,,,,
2184,Helen Anderson,2011,10,12,Female,12184,1.6,2.3,3.4,6.5,7B,Talent,7,dance,,,,,,,,
2185,David Brown,2011,1,4,Male,12185,8.1,4.7,0.4,8.7,7A,Talent,7,drama,,,,,,,,
2186,Mark Smith,2011,9,2,Male,12186,0.5,7.9,8.4,6.6,7B,Scholar,7,,68-69-54,mathematics,,,,,,
2187,Donald Miller,2009,6,12,Male,12187,8.0,5.3,8.9,9.9,9C,Scholar,9,,69-62-75,mathematics,,,,,,
2188,Mary Smith,2010,10,4,Female,12188,8.3,4.9,6.5,7.4,8A,Scholar,8,,65-60-92,science,,,,,,
2189,James Miller,2012,8,24,Male,12189,1.7,3.4,3.9,6.9,6A,Scholar,6,,96-61-90,science,,,,,,
2190,Kenneth Thomas,2012,2,16,Male,12190,0.3,1.8,7.5,8.0,6B,Sports,6,,,,68.4,cricket,,,,
2191,Maria Williams,2006,3,3,Female,12191,4.1,8.3,7.6,9.5,12C,Sports,12,,,,69.2,chess,,,,
2192,Christine Lopez,2007,8,11,Female,12192,1.9,2.0,6.9,7.7,11B,Talent,11,singing,,,,,,,,
2193,Joseph Anderson,2011,6,25,Male,12193,4.6,8.4,7.4,6.1,7C,Talent,7,drama,,,,,,,,
2194,Samantha Hernandez,2011,1,8,Female,12194,5.9,0.2,2.7,6.2,7A,Talent,7,drama,,,,,,,,
2195,Sarah Brown,2008,5,25,Female,12195,0.3,0.9,2.0,7.0,10B,Sports,10,,,,95.6,cricket,,,,
2196,Maria Brown,2009,8,24,Female,12196,8.2,5.6,2.7,7.9,9A,Talent,9,singing,,,,,,,,
2197,Paul Gonzalez,2007,5,5,Male,12197,4.4,3.9,4.2,9.9,11A,Talent,11,singing,,,,,,,,
2198,Steven Davis,2012,1,19,Male,12198,0.0,0.4,6.4,8.4,6C,Scholar,6,,55-90-97,mathematics,,,,,,
2199,Sandra Smith,2008,11,8,Female,12199,2.6,5.5,7.9,9.3,10B,Scholar,10,,85-98-61,mathematics,,,,,,
2200,Samantha Martinez,2006,10,16,Female,12200,7.0,4.6,1.9,6.8,12C,Sports,12,,,,87.4,chess,,,,
2201,Michael Jackson,2006,7,26,Male,12201,3.2,4.5,6.9,9.2,12A,Talent,12,drama,,,,,,,,
2202,Emma Garcia,2011,8,21,Female,12202,6.7,0.5,0.2,7.8,7B,Talent,7,singing,,,,,,,,
2203,David Wilson,2008,5,18,Male,12203,8.6,7.9,9.3,9.8,10A,Sports,10,,,,54.0,chess,,,,
2204,Donald Williams,2007,4,12,Male,12204,6.2,9.1,4.8,7.7,11A,Scholar,11,,84-66-90,mathematics,,,,,,
2205,James Hernandez,2012,3,6,Male,12205,0.1,7.3,3.3,8.7,6B,Scholar,6,,68-66-59,mathematics,,,,,,
2206,Daniel Brown,2008,8,2,Male,12206,6.0,8.9,4.9,7.0,10B,Sports,10,,,,81.5,cricket,,,,
2207,Barbara Brown,2006,3,3,Female,12207,6.9,3.8,8.0,8.1,12B,Sports,12,,,,77.0,chess,,,,
2208,Daniel Martin,2008,9,6,Male,12208,6.2,9.2,6.0,8.9,10C,Scholar,10,,76-78-96,mathematics,,,,,,
2209,Richard Wilson,2010,4,6,Male,12209,7.3,5.2,2.8,7.3,8A,Talent,8,drama,,,,,,,,
2210,Paul Hernandez,2008,1,15,Male,12210,0.6,6.6,9.2,6.2,10C,Talent,10,singing,,,,,,,,
2211,Richard Jackson,2008,4,25,Male,12211,9.1,9.2,6.8,7.9,10C,Talent,10,singing,,,,,,,,
2212,Samantha Lopez,2012,4,1,Female,12212,7.6,4.9,5.8,6.5,6B,Scholar,6,,78-97-83,science,,,,,,
2213,Barbara Jackson,2012,7,1,Female,12213,7.1,7.8,5.2,8.3,6B,Sports,6,,,,74.1,chess,,,,
2214,Anna Johnson,2012,8,18,Female,12214,4.0,2.6,3.2,8.1,6B,Scholar,6,,65-57-96,science,,,,,,
2215,Mark Davis,2011,8,19,Male,12215,5.9,5.6,9.0,9.4,7B,Scholar,7,,76-61-75,science,,,,,,
2216,Patricia Rodriguez,2007,3,14,Female,12216,8.6,1.5,3.0,8.4,11A,Sports,11,,,,58.5,chess,,,,
2217,Susan Thomas,2010,12,19,Female,12217,0.3,3.2,7.3,6.8,8B,Sports,8,,,,51.8,cricket,,,,
2218,Charles Gonzalez,2007,12,10,Male,12218,5.6,6.3,2.2,8.0,11A,Talent,11,dance,,,,,,,,
2219,Donald Davis,2012,6,19,Male,12219,1.4,5.7,2.6,9.0,6B,Talent,6,drama,,,,,,,,
2220,Barbara Gonzalez,2006,12,27,Female,12220,7.5,8.1,4.9,6.3,12A,Scholar,12,,52-72-52,science,,,,,,
2221,Steven Thomas,2006,7,3,Male,12221,8.3,3.0,4.3,8.3,12C,Sports,12,,,,60.1,chess,,,,
2222,Steven Thomas,2008,11,9,Male,12222,8.3,5.7,2.9,9.7,10A,Scholar,10,,65-51-51,science,,,,,,
2223,Laura Taylor,2010,2,23,Female,12223,3.9,2.9,1.8,8.3,8A,Scholar,8,,95-56-64,science,,,,,,
2224,William Martinez,2010,12,9,Male,12224,2.4,3.0,0.4,6.9,8A,Sports,8,,,,76.0,chess,,,,
2225,Anthony Gonzalez,2011,7,25,Male,12225,7.4,8.3,8.7,7.4,7B,Sports,7,,,,67.0,chess,,,,
2226,Maria Taylor,2008,7,22,Female,12226,5.1,8.9,1.5,7.8,10C,Scholar,10,,67-79-79,mathematics,,,,,,
2227,Robert Brown,2006,4,5,Male,12227,1.0,8.8,5.0,7.3,12C,Sports,12,,,,73.2,cricket,,,,
2228,Michael Davis,2012,12,13,Male,12228,4.5,0.6,5.2,8.2,6B,Sports,6,,,,59.9,cricket,,,,
2229,James Davis,2008,9,11,Male,12229,9.4,4.9,4.8,7.0,10B,Sports,10,,,,64.9,chess,,,,
2230,Barbara Davis,2012,1,21,Female,12230,7.7,4.7,9.3,9.5,6A,Talent,6,singing,,,,,,,,
2231,Elizabeth Garcia,2009,2,28,Female,12231,1.7,3.5,8.6,7.6,9A,Sports,9,,,,61.8,cricket,,,,
2232,Barbara Hernandez,2007,4,20,Female,12232,4.8,7.9,8.8,7.2,11B,Sports,11,,,,91.3,chess,,,,
2233,George Martinez,2012,1,28,Male,12233,5.5,3.5,7.6,9.3,6B,Sports,6,,,,55.5,chess,,,,
2234,Paul Jackson,2010,4,6,Male,12234,6.7,7.1,5.4,9.7,8B,Sports,8,,,,79.5,chess,,,,
2235,Jessica Moore,2012,10,22,Female,12235,8.8,1.9,5.0,7.7,6C,Sports,6,,,,82.0,cricket,,,,
2236,Paul Hernandez,2007,5,6,Male,12236,8.5,6.9,7.2,8.1,11B,Scholar,11,,74-63-89,science,,,,,,
2237,Samantha Smith,2011,4,5,Female,12237,3.2,5.9,0.1,7.8,7A,Scholar,7,,53-72-69,science,,,,,,
2238,Donald Martinez,2007,11,20,Male,12238,0.7,8.0,7.4,9.1,11C,Talent,11,singing,,,,,,,,
2239,Anna Rodriguez,2010,2,12,Female,12239,2.7,4.8,4.4,9.2,8C,Sports,8,,,,72.2,cricket,,,,
2240,Jennifer Martin,2006,4,22,Female,12240,0.4,1.5,7.0,7.3,12C,Scholar,12,,72-65-55,mathematics,,,,,,
2241,Emma Miller,2006,9,3,Female,12241,1.3,3.0,2.9,7.2,12B,Talent,12,dance,,,,,,,,
2242,Matthew Martinez,2012,7,24,Male,12242,7.9,3.8,4.3,7.7,6C,Scholar,6,,80-62-68,science,,,,,,
2243,Robert Rodriguez,2009,10,7,Male,12243,2.0,0.3,9.4,10.0,9C,Sports,9,,,,85.0,chess,,,,
2244,Linda Davis,2008,3,25,Female,12244,3.6,0.6,9.0,9.2,10C,Talent,10,singing,,,,,,,,
2245,Karen Lopez,2007,12,23,Female,12245,6.1,3.5,8.4,9.5,11C,Sports,11,,,,85.9,cricket,,,,
2246,Donald Anderson,2012,9,12,Male,12246,8.7,8.1,2.7,9.7,6A,Scholar,6,,53-56-88,science,,,,,,
2247,David Moore,2007,8,28,Male,12247,8.1,8.2,9.3,9.4,11A,Scholar,11,,92-96-53,science,,,,,,
2248,Anna Jones,2011,7,2,Female,12248,8.4,5.2,3.8,6.1,7C,Scholar,7,,62-73-71,science,,,,,,
2249,Maria Jones,2007,11,15,Female,12249,8.5,0.7,4.6,6.6,11A,Scholar,11,,66-83-95,mathematics,,,,,,
2250,Samantha Gonzalez,2011,9,22,Female,12250,1.4,0.8,5.3,8.5,7B,Sports,7,,,,81.3,chess,,,,
2251,Mark Lopez,2010,12,13,Male,12251,0.2,2.1,2.7,9.6,8A,Scholar,8,,68-63-65,mathematics,,,,,,
2252,Robert Jackson,2009,9,20,Male,12252,4.2,0.6,9.2,7.5,9C,Scholar,9,,79-56-73,mathematics,,,,,,
2253,Emma Hernandez,2010,9,22,Female,12253,5.4,3.3,9.0,8.1,8B,Scholar,8,,97-87-84,science,,,,,,
2254,Charles Davis,2010,5,25,Male,12254,6.1,9.0,5.4,9.1,8A,Scholar,8,,92-74-95,science,,,,,,
2255,Linda Johnson,2008,10,1,Female,12255,6.6,7.6,9.2,7.9,10B,Scholar,10,,63-69-90,science,,,,,,
2256,Jennifer Anderson,2006,1,12,Female,12256,5.3,0.2,0.4,7.3,12C,Sports,12,,,,56.8,chess,,,,
2257,Jessica Garcia,2006,10,17,Female,12257,0.9,3.0,5.9,6.3,12C,Sports,12,,,,64.6,cricket,,,,
2258,Daniel Williams,2009,1,28,Male,12258,2.7,8.3,1.8,6.8,9A,Scholar,9,,82-63-54,science,,,,,,
2259,Richard Rodriguez,2008,11,14,Male,12259,9.0,9.0,1.5,6.4,10A,Talent,10,drama,,,,,,,,
2260,Maria Jones,2010,6,14,Female,12260,9.0,2.3,4.2,8.7,8A,Talent,8,drama,,,,,,,,
2261,Andrew Garcia,2012,11,12,Male,12261,6.8,8.9,0.0,9.2,6C,Sports,6,,,,71.1,cricket,,,,
2262,Michael Davis,2007,11,10,Male,12262,1.1,6.0,4.3,8.0,11C,Scholar,11,,68-70-77,mathematics,,,,,,
2263,Sarah Taylor,2012,7,25,Female,12263,1.3,3.7,8.3,6.0,6A,Scholar,6,,100-98-68,mathematics,,,,,,
2264,Barbara Rodriguez,2011,4,26,Female,12264,5.2,9.5,6.4,9.5,7B,Talent,7,singing,,,,,,,,
2265,Michelle Anderson,2008,7,13,Female,12265,5.9,3.7,0.3,7.6,10B,Sports,10,,,,73.9,cricket,,,,
2266,William Miller,2006,7,2,Male,12266,5.0,3.4,4.9,7.0,12C,Sports,12,,,,82.2,cricket,,,,
2267,Elizabeth Martinez,2007,1,7,Female,12267,0.5,3.4,9.2,6.2,11C,Scholar,11,,53-79-81,science,,,,,,
2268,John Rodriguez,2012,6,14,Male,12268,0.7,3.1,6.8,7.9,6A,Scholar,6,,90-84-61,science,,,,,,
2269,Donald Brown,2011,11,10,Male,12269,4.3,0.8,9.2,8.1,7A,Sports,7,,,,63.9,cricket,,,,
2270,Richard Thomas,2009,10,5,Male,12270,8.7,4.6,3.3,9.4,9C,Scholar,9,,64-70-75,mathematics,,,,,,
2271,Linda Jones,2007,7,4,Female,12271,6.7,3.7,3.1,8.1,11A,Talent,11,singing,,,,,,,,
2272,Jessica Martinez,2008,11,21,Female,12272,3.3,4.1,7.9,7.2,10B,Talent,10,singing,,,,,,,,
2273,Lisa Williams,2009,7,18,Female,12273,0.3,1.2,7.5,9.2,9C,Scholar,9,,64-70-63,science,,,,,,
2274,Emma Martinez,2012,4,24,Female,12274,8.0,8.9,3.9,6.4,6C,Talent,6,drama,,,,,,,,
2275,Matthew Anderson,2011,5,2,Male,12275,0.2,3.0,2.3,8.0,7B,Talent,7,singing,,,,,,,,
2276,Joseph Jones,2009,4,17,Male,12276,4.9,6.3,3.4,7.3,9A,Sports,9,,,,98.0,cricket,,,,
2277,Steven Martin,2012,3,8,Male,12277,4.9,7.9,2.0,6.5,6A,Talent,6,drama,,,,,,,,
2278,Mark Gonzalez,2008,1,21,Male,12278,7.7,3.7,1.2,7.1,10C,Scholar,10,,52-91-69,mathematics,,,,,,
2279,Lisa Miller,2010,2,5,Female,12279,3.9,2.1,6.0,8.6,8C,Sports,8,,,,51.6,chess,,,,
2280,Richard Davis,2012,10,14,Male,12280,3.9,2.4,9.3,9.4,6A,Scholar,6,,59-64-55,science,,,,,,
2281,William Martin,2010,5,9,Male,12281,1.7,1.0,6.4,8.8,8A,Sports,8,,,,60.2,chess,,,,
2282,David Gonzalez,2008,12,17,Male,12282,9.2,9.4,1.8,6.1,10C,Talent,10,dance,,,,,,,,
2283,Laura Wilson,2006,4,1,Female,12283,8.8,4.0,6.9,7.0,12A,Talent,12,drama,,,,,,,,
2284,Anthony Thomas,2010,7,24,Male,12284,4.3,2.9,4.4,7.5,8A,Scholar,8,,57-72-97,science,,,,,,
2285,Kenneth Taylor,2011,2,18,Male,12285,1.8,2.1,2.8,8.9,7B,Sports,7,,,,94.0,cricket,,,,
2286,Jessica Johnson,2009,8,28,Female,12286,3.7,2.3,7.0,9.5,9A,Talent,9,drama,,,,,,,,
2287,Barbara Gonzalez,2007,5,27,Female,12287,3.4,6.8,2.7,6.7,11A,Sports,11,,,,96.2,chess,,,,
2288,Helen Gonzalez,2011,5,8,Female,12288,5.1,7.2,8.1,9.0,7B,Talent,7,dance,,,,,,,,
2289,Robert Davis,2011,12,18,Male,12289,1.7,7.1,8.0,6.4,7A,Talent,7,drama,,,,,,,,
2290,Jennifer Wilson,2006,10,16,Female,12290,2.5,5.4,4.4,9.6,12C,Scholar,12,,54-91-95,mathematics,,,,,,
2291,Sandra Thomas,2008,8,21,Female,12291,1.9,7.0,2.8,6.3,10C,Sports,10,,,,84.6,cricket,,,,
2292,Laura Smith,2009,11,1,Female,12292,9.2,6.1,4.6,8.4,9C,Sports,9,,,,57.7,chess,,,,
2293,Christine Williams,2008,12,26,Female,12293,0.1,7.6,7.3,6.7,10C,Sports,10,,,,50.7,cricket,,,,
2294,Matthew Anderson,2010,7,6,Male,12294,1.2,4.1,6.3,9.3,8A,Talent,8,drama,,,,,,,,
2295,Charles Martin,2011,5,7,Male,12295,8.9,1.6,8.6,8.7,7B,Talent,7,singing,,,,,,,,
2296,Linda Hernandez,2010,9,8,Female,12296,3.0,5.6,6.2,7.4,8B,Sports,8,,,,97.2,cricket,,,,
2297,Sarah Anderson,2007,1,19,Female,12297,3.9,3.0,2.4,8.5,11C,Sports,11,,,,68.7,cricket,,,,
2298,Christine Davis,2011,5,7,Female,12298,0.3,5.1,3.0,8.4,7B,Sports,7,,,,76.8,cricket,,,,
2299,Joseph Rodriguez,2011,8,26,Male,12299,2.0,3.4,2.9,7.3,7C,Scholar,7,,96-61-72,science,,,,,,
2300,Patricia Thomas,2012,4,6,Female,12300,5.0,6.0,2.3,8.8,6C,Scholar,6,,81-84-54,science,,,,,,
2301,Charles Thomas,2012,12,27,Male,12301,6.8,5.9,0.9,7.2,6A,Scholar,6,,75-66-82,mathematics,,,,,,
2302,Laura Martinez,2006,2,16,Female,12302,2.6,3.5,1.2,7.7,12A,Sports,12,,,,64.0,cricket,,,,
2303,Andrew Brown,2006,9,16,Male,12303,9.3,5.8,9.5,6.4,12C,Sports,12,,,,65.7,cricket,,,,
2304,John Davis,2007,5,5,Male,12304,7.0,7.6,7.7,8.0,11C,Talent,11,singing,,,,,,,,
2305,Sarah Thomas,2009,11,12,Female,12305,1.6,6.1,6.8,6.6,9A,Sports,9,,,,76.1,chess,,,,
2306,Sandra Thomas,2008,1,7,Female,12306,6.9,2.1,1.8,9.7,10C,Scholar,10,,66-60-74,mathematics,,,,,,
2307,Christine Gonzalez,2010,6,16,Female,12307,8.9,0.6,1.2,6.1,8A,Scholar,8,,70-93-76,mathematics,,,,,,
2308,John Martin,2012,11,21,Male,12308,7.1,3.3,4.4,7.0,6B,Sports,6,,,,97.4,cricket,,,,
2309,Helen Martinez,2007,2,21,Female,12309,0.6,2.8,1.6,6.1,11B,Sports,11,,,,92.6,chess,,,,
2310,Samantha Rodriguez,2010,3,21,Female,12310,1.1,3.6,7.6,8.7,8B,Scholar,8,,93-65-85,mathematics,,,,,,
2311,Anna Martinez,2007,11,14,Female,12311,8.6,6.3,5.7,9.6,11A,Talent,11,dance,,,,,,,,
2312,Helen Taylor,2009,1,15,Female,12312,5.9,4.1,5.6,9.3,9C,Talent,9,dance,,,,,,,,
2313,Emma Jackson,2011,5,23,Female,12313,6.4,6.5,3.9,10.0,7A,Sports,7,,,,51.7,chess,,,,
2314,Linda Anderson,2011,4,2,Female,12314,3.2,1.8,7.1,8.1,7C,Sports,7,,,,64.8,cricket,,,,
2315,Jennifer Martin,2008,7,8,Female,12315,3.0,4.7,3.3,9.2,10C,Scholar,10,,93-94-85,mathematics,,,,,,
2316,David Miller,2010,12,22,Male,12316,1.9,9.4,3.7,6.2,8C,Talent,8,dance,,,,,,,,
2317,Kenneth Moore,2011,11,10,Male,12317,8.3,1.5,9.3,6.7,7B,Scholar,7,,89-83-67,science,,,,,,
2318,Paul Wilson,2008,12,26,Male,12318,9.4,7.0,6.8,9.2,10B,Talent,10,singing,,,,,,,,
2319,David Taylor,2012,8,23,Male,12319,7.4,8.5,2.1,6.2,6C,Sports,6,,,,92.7,cricket,,,,
2320,Linda Thomas,2009,12,28,Female,12320,3.5,6.9,5.7,10.0,9A,Sports,9,,,,80.9,chess,,,,
2321,Anthony Anderson,2009,8,10,Male,12321,2.1,9.0,8.5,7.1,9C,Sports,9,,,,97.5,cricket,,,,
2322,Sarah Taylor,2010,11,10,Female,12322,5.9,7.2,4.6,6.9,8B,Talent,8,drama,,,,,,,,
2323,Sarah Taylor,2012,12,25,Female,12323,6.0,2.9,6.9,6.7,6C,Talent,6,drama,,,,,,,,
2324,Anthony Johnson,2008,1,2,Male,12324,4.2,5.5,5.1,7.2,10B,Scholar,10,,54-94-97,mathematics,,,,,,
2325,Donald Hernandez,2008,2,28,Male,12325,8.2,4.3,6.0,8.2,10A,Talent,10,drama,,,,,,,,
2326,Elizabeth Brown,2010,8,10,Female,12326,7.1,7.7,4.9,7.0,8C,Sports,8,,,,67.7,chess,,,,
2327,Donald Lopez,2006,8,8,Male,12327,2.3,2.2,8.5,8.7,12C,Sports,12,,,,97.8,cricket,,,,
2328,Charles Taylor,2011,1,5,Male,12328,3.8,5.8,0.4,9.0,7A,Sports,7,,,,82.1,chess,,,,
2329,George Gonzalez,2011,1,15,Male,12329,5.0,8.7,0.7,6.4,7B,Scholar,7,,79-85-82,mathematics,,,,,,
2330,Karen Rodriguez,2010,6,9,Female,12330,6.6,1.0,1.5,9.4,8C,Talent,8,dance,,,,,,,,
2331,Thomas Anderson,2010,11,6,Male,12331,4.9,9.1,8.7,9.1,8A,Scholar,8,,75-76-72,mathematics,,,,,,
2332,Thomas Anderson,2007,12,19,Male,12332,2.1,7.2,8.2,8.3,11C,Sports,11,,,,73.7,cricket,,,,
2333,Robert Garcia,2011,3,20,Male,12333,8.7,6.5,4.0,7.3,7C,Scholar,7,,57-56-78,mathematics,,,,,,
2334,Barbara Martin,2007,8,14,Female,12334,4.2,0.9,7.4,7.5,11B,Scholar,11,,82-74-50,science,,,,,,
2335,Jessica Martinez,2008,6,26,Female,12335,1.7,8.7,2.6,9.9,10C,Scholar,10,,65-63-84,science,,,,,,
2336,Jennifer Smith,2009,12,4,Female,12336,6.5,4.0,0.7,6.2,9B,Sports,9,,,,83.8,cricket,,,,
2337,Elizabeth Smith,2010,9,22,Female,12337,7.7,5.6,8.9,7.3,8A,Scholar,8,,62-54-57,mathematics,,,,,,
2338,Andrew Williams,2011,4,14,Male,12338,9.2,4.1,0.8,6.3,7A,Sports,7,,,,66.6,cricket,,,,
2339,Anna Williams,2007,11,25,Female,12339,5.0,4.1,7.3,8.8,11B,Sports,11,,,,85.6,cricket,,,,
2340,Daniel Lopez,2011,2,17,Male,12340,9.3,8.0,8.2,6.7,7A,Scholar,7,,50-76-60,science,,,,,,
2341,Patricia Wilson,2011,6,24,Female,12341,4.8,3.8,4.1,9.9,7A,Scholar,7,,92-57-75,mathematics,,,,,,
2342,Maria Smith,2007,5,4,Female,12342,6.8,2.6,2.1,8.3,11B,Sports,11,,,,92.7,chess,,,,
2343,John Davis,2008,1,25,Male,12343,2.6,4.2,2.7,6.4,10A,Sports,10,,,,67.5,cricket,,,,
2344,Charles Hernandez,2006,1,15,Male,12344,3.8,8.2,6.3,8.8,12B,Sports,12,,,,69.7,chess,,,,
2345,Matthew Jones,2008,9,23,Male,12345,5.4,8.5,6.8,8.4,10A,Talent,10,drama,,,,,,,,
2346,Michael Martinez,2008,9,21,Male,12346,9.5,4.0,1.5,8.5,10B,Talent,10,drama,,,,,,,,
2347,Jennifer Hernandez,2008,11,18,Female,12347,2.4,6.7,6.0,8.5,10A,Talent,10,dance,,,,,,,,
2348,David Brown,2012,9,12,Male,12348,8.8,2.0,6.7,8.2,6A,Scholar,6,,83-52-53,science,,,,,,
2349,Patricia Lopez,2011,10,16,Female,12349,5.3,4.0,4.8,6.3,7C,Sports,7,,,,72.7,cricket,,,,
2350,Barbara Martinez,2009,7,13,Female,12350,2.3,9.1,7.2,9.6,9C,Talent,9,dance,,,,,,,,
2351,Joseph Hernandez,2007,12,1,Male,12351,4.9,2.0,8.3,6.5,11A,Talent,11,drama,,,,,,,,
2352,Jessica Martin,2012,7,27,Female,12352,8.6,5.0,0.8,7.2,6B,Sports,6,,,,81.4,cricket,,,,
2353,Steven Rodriguez,2010,4,8,Male,12353,0.8,6.4,0.3,8.5,8B,Scholar,8,,80-77-72,science,,,,,,
2354,Samantha Johnson,2011,7,4,Female,12354,4.6,3.9,7.3,6.7,7C,Sports,7,,,,77.4,chess,,,,
2355,Samantha Martin,2008,5,27,Female,12355,3.2,4.4,2.0,9.8,10B,Sports,10,,,,86.3,chess,,,,
2356,Robert Jones,2006,5,8,Male,12356,0.9,8.4,1.2,6.0,12A,Talent,12,singing,,,,,,,,
2357,James Jones,2006,8,1,Male,12357,6.6,2.7,9.3,6.4,12C,Talent,12,drama,,,,,,,,
2358,Thomas Taylor,2010,12,5,Male,12358,2.0,6.0,7.9,9.1,8B,Scholar,8,,86-56-60,science,,,,,,
2359,Mark Lopez,2008,11,3,Male,12359,4.7,1.8,1.6,6.1,10A,Sports,10,,,,63.7,chess,,,,
2360,William Hernandez,2010,3,12,Male,12360,1.8,8.8,8.3,7.2,8A,Talent,8,dance,,,,,,,,
2361,Anna Martinez,2008,8,20,Female,12361,3.4,5.8,8.4,8.4,10A,Sports,10,,,,88.8,chess,,,,
2362,Jessica Moore,2009,10,12,Female,12362,7.9,6.2,6.7,7.1,9A,Scholar,9,,98-58-76,mathematics,,,,,,
2363,William Moore,2007,6,5,Male,12363,3.4,4.9,7.9,6.3,11B,Talent,11,singing,,,,,,,,
2364,Sarah Gonzalez,2009,6,13,Female,12364,6.1,5.7,2.7,6.8,9B,Sports,9,,,,50.8,cricket,,,,
2365,Matthew Hernandez,2007,3,10,Male,12365,9.0,7.8,7.8,6.1,11B,Talent,11,dance,,,,,,,,
2366,Michelle Martinez,2012,3,19,Female,12366,8.7,5.9,2.7,9.4,6A,Talent,6,singing,,,,,,,,
2367,Elizabeth Jones,2011,8,20,Female,12367,9.2,3.2,7.1,6.4,7A,Talent,7,drama,,,,,,,,
2368,Laura Johnson,2009,10,23,Female,12368,1.6,2.8,4.6,8.6,9A,Scholar,9,,95-67-91,science,,,,,,
2369,James Moore,2008,2,11,Male,12369,7.8,2.1,1.3,6.6,10A,Sports,10,,,,74.7,chess,,,,
2370,Sarah Johnson,2006,9,8,Female,12370,9.4,6.6,1.4,9.7,12B,Scholar,12,,74-79-93,mathematics,,,,,,
2371,John Wilson,2009,6,9,Male,12371,8.3,7.2,9.3,6.1,9C,Talent,9,dance,,,,,,,,
2372,Joseph Rodriguez,2008,9,23,Male,12372,2.6,1.6,5.3,6.1,10C,Scholar,10,,64-77-96,science,,,,,,
2373,Lisa Brown,2007,3,12,Female,12373,8.2,0.9,0.4,6.4,11A,Talent,11,drama,,,,,,,,
2374,Mark Jones,2011,9,3,Male,12374,2.2,2.7,1.5,9.2,7B,Talent,7,dance,,,,,,,,
2375,Michelle Martinez,2008,12,18,Female,12375,7.8,5.6,0.3,7.3,10B,Scholar,10,,65-71-91,mathematics,,,,,,
2376,Lisa Brown,2007,10,5,Female,12376,0.5,7.7,8.2,8.5,11C,Sports,11,,,,68.3,chess,,,,
2377,James Taylor,2009,4,8,Male,12377,2.0,4.3,6.7,7.9,9A,Talent,9,dance,,,,,,,,
2378,Lisa Taylor,2007,4,23,Female,12378,6.0,5.6,8.2,8.0,11A,Sports,11,,,,55.0,cricket,,,,
2379,Daniel Williams,2008,6,28,Male,12379,7.1,9.2,5.6,9.3,10B,Sports,10,,,,91.1,cricket,,,,
2380,William Lopez,2007,9,20,Male,12380,5.9,0.4,6.7,9.5,11B,Sports,11,,,,72.0,chess,,,,
2381,Anna Jones,2006,8,26,Female,12381,8.6,8.1,1.0,9.6,12C,Scholar,12,,68-74-86,science,,,,,,
2382,William Martinez,2007,2,9,Male,12382,3.7,4.3,6.1,9.2,11A,Sports,11,,,,57.7,cricket,,,,
2383,Linda Miller,2010,6,5,Female,12383,4.0,1.0,8.8,7.0,8C,Talent,8,dance,,,,,,,,
2384,Sandra Johnson,2007,8,3,Female,12384,5.2,0.3,4.6,9.8,11A,Scholar,11,,80-74-70,science,,,,,,
2385,Maria Smith,2007,5,27,Female,12385,9.4,5.3,0.0,7.4,11A,Talent,11,singing,,,,,,,,
2386,Jennifer Brown,2008,9,18,Female,12386,2.1,2.3,2.3,7.4,10B,Talent,10,dance,,,,,,,,
2387,Jennifer Davis,2012,11,4,Female,12387,0.0,0.7,1.5,9.1,6A,Talent,6,singing,,,,,,,,
2388,Michael Jones,2012,6,10,Male,12388,3.0,7.4,6.8,8.7,6C,Talent,6,dance,,,,,,,,
2389,Kenneth Moore,2012,6,25,Male,12389,7.4,1.8,0.1,6.2,6C,Talent,6,dance,,,,,,,,
2390,Lisa Gonzalez,2009,12,5,Female,12390,3.0,9.2,6.0,9.8,9A,Sports,9,,,,74.9,cricket,,,,
2391,Daniel Martin,2010,5,14,Male,12391,6.3,3.7,5.8,7.1,8C,Scholar,8,,54-99-75,science,,,,,,
2392,George Moore,2009,6,21,Male,12392,5.8,1.4,5.4,6.7,9B,Sports,9,,,,56.0,cricket,,,,
2393,James Lopez,2009,5,5,Male,12393,4.2,1.3,5.2,7.2,9B,Talent,9,dance,,,,,,,,
2394,Laura Davis,2009,2,12,Female,12394,2.8,4.4,3.8,8.1,9B,Scholar,9,,66-54-93,mathematics,,,,,,
2395,James Garcia,2006,2,18,Male,12395,6.1,5.6,8.4,9.1,12A,Sports,12,,,,64.7,cricket,,,,
2396,Michael Miller,2006,2,5,Male,12396,8.3,6.6,4.3,9.3,12C,Scholar,12,,97-53-57,mathematics,,,,,,
2397,Charles Martin,2011,7,5,Male,12397,8.0,2.0,3.8,8.0,7B,Talent,7,singing,,,,,,,,
2398,David Smith,2010,4,15,Male,12398,9.4,7.1,9.0,9.7,8B,Talent,8,singing,,,,,,,,
2399,Steven Jackson,2006,2,3,Male,12399,3.6,4.0,2.2,6.3,12C,Scholar,12,,59-96-93,science,,,,,,
2400,Charles Gonzalez,2010,8,21,Male,12400,2.6,7.1,1.1,8.5,8C,Talent,8,dance,,,,,,,,
2401,Anna Miller,2006,2,12,Female,12401,9.4,1.5,6.0,9.6,12C,Scholar,12,,83-81-74,mathematics,,,,,,
2402,Helen Smith,2009,6,13,Female,12402,0.8,5.9,4.3,6.2,9C,Scholar,9,,54-79-65,science,,,,,,
2403,Lisa Martinez,2011,12,12,Female,12403,5.1,7.0,0.3,7.1,7A,Scholar,7,,53-69-83,science,,,,,,
2404,Charles Johnson,2007,1,3,Male,12404,2.2,6.9,5.9,8.9,11A,Talent,11,singing,,,,,,,,
2405,George Gonzalez,2008,12,10,Male,12405,0.6,7.5,2.6,8.1,10C,Sports,10,,,,58.3,cricket,,,,
2406,Andrew Smith,2009,11,3,Male,12406,1.6,5.7,1.4,9.4,9B,Sports,9,,,,95.9,cricket,,,,
2407,Sarah Davis,2012,11,17,Female,12407,4.6,9.4,4.1,6.8,6A,Sports,6,,,,97.0,cricket,,,,
2408,Richard Gonzalez,2010,5,3,Male,12408,5.9,9.1,5.2,9.4,8C,Sports,8,,,,50.6,chess,,,,
2409,Linda Moore,2006,8,26,Female,12409,3.0,5.0,6.7,8.1,12B,Sports,12,,,,79.1,chess,,,,
2410,Jessica Miller,2008,1,25,Female,12410,6.8,3.2,8.1,7.5,10B,Sports,10,,,,58.7,chess,,,,
2411,Sandra Williams,2011,12,9,Female,12411,2.4,8.9,0.8,8.6,7A,Scholar,7,,66-90-55,mathematics,,,,,,
2412,Emma Jackson,2011,11,17,Female,12412,2.8,1.7,5.1,8.8,7C,Scholar,7,,97-50-95,mathematics,,,,,,
2413,Andrew Johnson,2007,8,26,Male,12413,0.4,4.1,9.1,8.9,11B,Scholar,11,,96-60-60,mathematics,,,,,,
2414,James Rodriguez,2010,3,5,Male,12414,0.7,6.3,7.4,8.6,8C,Scholar,8,,70-66-72,mathematics,,,,,,
2415,Lisa Rodriguez,2011,4,11,Female,12415,8.3,6.0,1.3,6.5,7B,Sports,7,,,,74.3,chess,,,,
2416,Sarah Martinez,2012,4,27,Female,12416,0.9,7.3,7.9,8.0,6B,Talent,6,drama,,,,,,,,
2417,Emma Anderson,2012,3,12,Female,12417,2.7,6.2,7.1,8.0,6C,Talent,6,singing,,,,,,,,
2418,Steven Moore,2010,7,4,Male,12418,3.7,6.9,3.5,6.4,8A,Scholar,8,,51-59-80,mathematics,,,,,,
2419,Thomas Miller,2010,10,26,Male,12419,4.4,8.3,4.1,8.9,8A,Talent,8,singing,,,,,,,,
2420,Lisa Miller,2007,11,3,Female,12420,6.8,7.1,6.8,8.9,11A,Talent,11,singing,,,,,,,,
2421,Kenneth Martinez,2006,6,23,Male,12421,9.1,6.0,1.0,8.6,12B,Sports,12,,,,93.7,cricket,,,,
2422,Mark Thomas,2011,9,8,Male,12422,1.0,8.7,8.8,7.1,7A,Sports,7,,,,77.1,chess,,,,
2423,Joseph Miller,2010,5,4,Male,12423,7.7,6.2,1.4,7.9,8C,Scholar,8,,73-71-58,science,,,,,,
2424,Robert Brown,2006,7,18,Male,12424,0.0,2.1,8.7,9.6,12B,Talent,12,singing,,,,,,,,
2425,Paul Johnson,2011,4,22,Male,12425,3.9,9.1,0.3,8.0,7A,Scholar,7,,62-79-81,science,,,,,,
2426,Mark Johnson,2007,5,10,Male,12426,7.9,4.2,7.2,6.8,11A,Talent,11,singing,,,,,,,,
2427,Barbara Lopez,2008,12,23,Female,12427,8.1,8.5,7.7,8.1,10B,Scholar,10,,90-53-90,mathematics,,,,,,
2428,Daniel Lopez,2010,1,8,Male,12428,2.2,1.8,5.6,9.6,8A,Sports,8,,,,81.8,cricket,,,,
2429,Maria Gonzalez,2011,9,22,Female,12429,0.3,3.9,7.6,6.3,7C,Sports,7,,,,67.9,chess,,,,
2430,Jennifer Wilson,2006,9,6,Female,12430,8.2,2.0,0.2,8.5,12A,Talent,12,dance,,,,,,,,
2431,Robert Taylor,2010,11,13,Male,12431,6.5,3.8,6.2,6.6,8C,Scholar,8,,51-70-58,science,,,,,,
2432,Charles Wilson,2008,3,4,Male,12432,0.1,2.3,4.3,7.0,10C,Talent,10,drama,,,,,,,,
2433,James Williams,2008,6,15,Male,12433,3.1,1.9,6.4,9.8,10B,Scholar,10,,57-68-89,mathematics,,,,,,
2434,Karen Garcia,2011,2,23,Female,12434,7.5,2.4,4.4,6.9,7B,Sports,7,,,,84.0,chess,,,,
2435,Samantha Wilson,2006,4,9,Female,12435,5.7,8.3,8.6,7.5,12B,Sports,12,,,,50.2,chess,,,,
2436,David Smith,2006,1,12,Male,12436,2.0,2.1,6.6,9.7,12C,Scholar,12,,76-59-60,science,,,,,,
2437,Jessica Moore,2012,11,19,Female,12437,7.5,5.3,6.0,8.4,6A,Talent,6,singing,,,,,,,,
2438,Steven Wilson,2006,2,6,Male,12438,6.2,5.2,5.0,6.4,12B,Sports,12,,,,89.7,cricket,,,,
2439,Christine Gonzalez,2012,3,22,Female,12439,4.1,5.0,8.0,6.4,6A,Scholar,6,,94-83-93,science,,,,,,
2440,Emma Williams,2009,11,27,Female,12440,7.1,8.6,8.5,6.2,9B,Sports,9,,,,83.9,cricket,,,,
2441,John Miller,2006,5,22,Male,12441,9.2,9.5,1.4,7.6,12B,Sports,12,,,,53.8,cricket,,,,
2442,Matthew Thomas,2010,9,19,Male,12442,4.1,3.8,2.2,9.0,8C,Sports,8,,,,54.8,chess,,,,
2443,Matthew Moore,2009,1,1,Male,12443,9.4,1.9,9.4,8.0,9A,Sports,9,,,,90.8,cricket,,,,
2444,Matthew Johnson,2010,8,6,Male,12444,6.3,9.2,4.9,7.8,8A,Talent,8,drama,,,,,,,,
2445,Paul Miller,2010,12,6,Male,12445,6.9,8.4,3.1,8.7,8B,Scholar,8,,98-77-94,science,,,,,,
2446,Kenneth Jackson,2009,10,13,Male,12446,4.9,6.4,9.5,8.4,9A,Sports,9,,,,85.5,cricket,,,,
2447,Patricia Williams,2012,3,23,Female,12447,1.2,3.4,2.7,6.8,6A,Sports,6,,,,61.5,cricket,,,,
2448,James Hernandez,2008,1,4,Male,12448,1.3,1.1,5.2,7.3,10C,Talent,10,drama,,,,,,,,
2449,Kenneth Smith,2008,4,7,Male,12449,4.8,0.2,6.4,9.1,10B,Scholar,10,,97-64-51,mathematics,,,,,,
2450,Robert Jones,2006,1,11,Male,12450,8.4,4.1,7.0,6.8,12A,Sports,12,,,,84.5,cricket,,,,
2451,Anna Anderson,2006,4,17,Female,12451,1.6,5.1,5.7,6.3,12C,Talent,12,singing,,,,,,,,
2452,Michael Jones,2012,10,8,Male,12452,8.7,5.1,4.3,8.3,6B,Sports,6,,,,70.5,chess,,,,
2453,Linda Johnson,2009,11,27,Female,12453,4.4,5.7,6.3,6.5,9B,Scholar,9,,87-56-100,science,,,,,,
2454,Michelle Miller,2007,12,5,Female,12454,9.3,8.2,9.1,8.9,11C,Scholar,11,,87-77-59,mathematics,,,,,,
2455,James Martin,2008,8,23,Male,12455,0.5,0.4,0.6,8.7,10C,Sports,10,,,,50.2,cricket,,,,
2456,Lisa Thomas,2010,11,8,Female,12456,1.5,6.4,3.3,7.1,8C,Scholar,8,,80-60-80,science,,,,,,
2457,Karen Martin,2011,12,9,Female,12457,9.4,2.9,7.5,8.9,7C,Sports,7,,,,74.2,cricket,,,,
2458,Donald Williams,2007,12,27,Male,12458,8.8,1.4,7.8,6.5,11A,Sports,11,,,,57.8,chess,,,,
2459,Andrew Taylor,2012,11,12,Male,12459,8.0,3.1,7.1,7.8,6B,Sports,6,,,,88.2,cricket,,,,
2460,Barbara Taylor,2009,3,13,Female,12460,0.8,5.6,6.6,8.6,9B,Sports,9,,,,61.0,chess,,,,
2461,John Jones,2009,10,22,Male,12461,5.1,8.3,0.2,9.4,9A,Scholar,9,,80-77-73,mathematics,,,,,,
2462,Patricia Rodriguez,2006,8,9,Female,12462,3.9,8.0,6.5,6.5,12A,Scholar,12,,99-62-70,mathematics,,,,,,
2463,Maria Thomas,2010,11,24,Female,12463,0.1,6.8,0.5,9.0,8B,Sports,8,,,,78.0,chess,,,,
2464,James Garcia,2009,12,10,Male,12464,4.8,5.0,8.6,8.9,9B,Talent,9,drama,,,,,,,,
2465,Jessica Lopez,2011,11,1,Female,12465,3.7,9.5,3.3,9.9,7C,Scholar,7,,66-95-78,science,,,,,,
2466,Michael Garcia,2006,7,3,Male,12466,6.9,8.3,4.7,9.6,12C,Scholar,12,,87-67-78,science,,,,,,
2467,Sandra Davis,2007,3,15,Female,12467,4.8,1.7,7.1,8.2,11A,Sports,11,,,,86.8,cricket,,,,
2468,Barbara Rodriguez,2008,5,10,Female,12468,8.4,1.4,5.2,8.2,10B,Sports,10,,,,50.1,cricket,,,,
2469,Robert Brown,2006,2,6,Male,12469,5.0,6.5,7.3,8.8,12B,Scholar,12,,53-92-73,mathematics,,,,,,
2470,Joseph Davis,2012,3,22,Male,12470,8.8,7.3,0.1,7.8,6B,Sports,6,,,,70.8,chess,,,,
2471,James Smith,2012,9,17,Male,12471,8.0,0.7,5.5,7.8,6C,Talent,6,singing,,,,,,,,
2472,Michael Taylor,2007,5,27,Male,12472,4.1,4.9,3.4,9.0,11A,Talent,11,drama,,,,,,,,
2473,Anthony Davis,2006,7,8,Male,12473,2.1,1.2,3.3,6.8,12C,Scholar,12,,58-79-97,science,,,,,,
2474,Mary Lopez,2006,7,18,Female,12474,5.4,5.6,1.2,7.7,12C,Scholar,12,,76-67-71,science,,,,,,
2475,Mark Martin,2011,6,14,Male,12475,0.7,4.9,1.3,8.8,7B,Sports,7,,,,76.7,cricket,,,,
2476,Richard Taylor,2006,4,26,Male,12476,1.6,8.9,7.4,6.9,12A,Sports,12,,,,90.9,cricket,,,,
2477,Maria Thomas,2007,2,6,Female,12477,9.2,3.9,7.1,9.1,11B,Scholar,11,,53-100-53,mathematics,,,,,,
2478,Susan Hernandez,2006,5,21,Female,12478,1.3,0.3,2.2,7.8,12B,Sports,12,,,,90.7,chess,,,,
2479,Elizabeth Miller,2009,9,28,Female,12479,8.3,9.4,8.2,6.3,9B,Talent,9,singing,,,,,,,,
2480,Matthew Smith,2008,12,19,Male,12480,7.2,8.4,7.1,6.1,10A,Talent,10,singing,,,,,,,,
2481,Linda Martin,2009,10,13,Female,12481,1.0,8.1,1.2,8.4,9C,Sports,9,,,,60.0,cricket,,,,
2482,Michelle Davis,2007,9,14,Female,12482,2.5,3.8,2.1,7.2,11C,Sports,11,,,,57.0,cricket,,,,
2483,Andrew Wilson,2010,8,5,Male,12483,4.9,7.2,7.5,6.8,8A,Sports,8,,,,86.1,cricket,,,,
2484,Paul Smith,2011,6,21,Male,12484,1.9,0.6,3.1,7.7,7B,Sports,7,,,,86.0,cricket,,,,
2485,Sandra Lopez,2012,7,17,Female,12485,9.4,8.5,8.5,6.1,6B,Sports,6,,,,52.8,cricket,,,,
2486,Paul Smith,2010,7,5,Male,12486,1.6,4.6,3.8,6.6,8C,Scholar,8,,64-74-76,science,,,,,,
2487,Emma Williams,2007,7,21,Female,12487,7.9,2.5,6.6,7.1,11A,Scholar,11,,86-59-53,science,,,,,,
2488,Sandra Thomas,2011,10,12,Female,12488,5.4,4.6,7.1,7.7,7B,Talent,7,drama,,,,,,,,
2489,Elizabeth Rodriguez,2010,1,6,Female,12489,6.6,3.7,6.6,9.3,8B,Scholar,8,,71-93-60,mathematics,,,,,,
2490,Matthew Brown,2011,4,25,Male,12490,0.2,2.5,0.3,7.0,7B,Sports,7,,,,70.8,cricket,,,,
2491,Elizabeth Jones,2007,12,11,Female,12491,8.4,6.8,6.4,6.3,11C,Sports,11,,,,65.4,chess,,,,
2492,Samantha Hernandez,2010,8,8,Female,12492,4.3,9.3,1.3,8.1,8B,Sports,8,,,,51.6,chess,,,,
2493,George Davis,2012,1,7,Male,12493,1.7,7.9,3.5,6.1,6C,Talent,6,dance,,,,,,,,
2494,Linda Gonzalez,2008,9,1,Female,12494,4.1,1.6,8.3,7.0,10C,Scholar,10,,57-58-52,mathematics,,,,,,
2495,John Moore,2007,10,16,Male,12495,7.5,3.5,6.6,6.6,11A,Scholar,11,,81-97-67,science,,,,,,
2496,Mary Williams,2006,2,27,Female,12496,6.4,3.6,7.9,9.0,12B,Scholar,12,,61-98-76,mathematics,,,,,,
2497,David Williams,2011,3,22,Male,12497,6.3,3.5,9.1,8.8,7A,Talent,7,drama,,,,,,,,
2498,Daniel Wilson,2008,9,15,Male,12498,4.5,4.4,4.5,8.4,10B,Scholar,10,,95-92-81,science,,,,,,
2499,Emma Johnson,2010,8,19,Female,12499,5.6,5.5,9.1,6.7,8C,Talent,8,dance,,,,,,,,
2500,George Brown,2010,9,13,Male,12500,4.1,0.5,6.5,6.3,8B,Sports,8,,,,69.0,chess,,,,
2501,Jessica Hernandez,2010,5,22,Female,12501,0.1,4.7,2.6,9.4,8A,Scholar,8,,59-61-60,mathematics,,,,,,
2502,Anthony Gonzalez,2006,3,14,Male,12502,4.8,1.2,4.1,8.4,12C,Scholar,12,,95-71-63,mathematics,,,,,,
2503,Michelle Martinez,2009,6,24,Female,12503,5.9,4.7,6.8,9.6,9A,Talent,9,dance,,,,,,,,
2504,Jessica Miller,2011,12,17,Female,12504,0.1,9.2,5.6,7.8,7A,Scholar,7,,71-84-64,mathematics,,,,,,
2505,Thomas Garcia,2010,7,6,Male,12505,3.4,8.0,3.7,8.3,8C,Sports,8,,,,50.3,cricket,,,,
2506,Elizabeth Davis,2010,6,1,Female,12506,3.1,6.1,3.9,9.2,8A,Sports,8,,,,58.4,cricket,,,,
2507,Andrew Miller,2012,10,9,Male,12507,4.5,0.1,2.3,6.3,6C,Scholar,6,,89-70-97,mathematics,,,,,,
2508,Samantha Brown,2010,8,25,Female,12508,7.9,5.4,0.8,6.3,8B,Scholar,8,,94-89-50,science,,,,,,
2509,Thomas Taylor,2009,11,10,Male,12509,4.8,2.3,2.3,7.2,9A,Sports,9,,,,88.7,cricket,,,,
2510,Michael Williams,2009,6,8,Male,12510,9.3,3.4,9.5,7.0,9C,Sports,9,,,,70.7,chess,,,,
2511,Barbara Anderson,2007,9,5,Female,12511,2.1,8.0,5.9,9.5,11C,Sports,11,,,,75.2,cricket,,,,
2512,Christine Martin,2010,12,11,Female,12512,0.3,3.1,1.1,6.4,8B,Talent,8,dance,,,,,,,,
2513,Mary Smith,2011,6,11,Female,12513,0.4,2.5,3.0,7.2,7C,Sports,7,,,,80.9,chess,,,,
2514,Samantha Rodriguez,2008,4,27,Female,12514,9.4,7.1,1.9,9.8,10C,Sports,10,,,,95.7,chess,,,,
2515,Joseph Williams,2006,11,11,Male,12515,5.2,0.8,1.8,9.8,12C,Scholar,12,,62-73-73,mathematics,,,,,,
2516,Andrew Miller,2007,2,22,Male,12516,5.5,7.9,5.8,6.6,11B,Sports,11,,,,65.8,cricket,,,,
2517,Jessica Brown,2008,12,20,Female,12517,2.9,2.3,7.8,9.9,10A,Scholar,10,,77-99-63,mathematics,,,,,,
2518,Thomas Wilson,2009,12,28,Male,12518,3.4,2.1,5.5,6.0,9A,Sports,9,,,,73.0,cricket,,,,
2519,Lisa Smith,2009,2,21,Female,12519,9.1,2.1,8.1,8.5,9B,Scholar,9,,58-55-75,science,,,,,,
2520,Kenneth Wilson,2009,3,12,Male,12520,1.7,6.7,4.6,6.6,9B,Talent,9,drama,,,,,,,,
2521,Richard Jackson,2009,9,27,Male,12521,7.3,7.7,1.0,7.5,9B,Talent,9,drama,,,,,,,,
2522,Karen Jackson,2006,4,7,Female,12522,4.7,2.0,3.8,9.1,12B,Sports,12,,,,55.3,cricket,,,,
2523,Richard Thomas,2006,1,18,Male,12523,2.6,8.8,2.0,8.3,12B,Sports,12,,,,76.0,chess,,,,
2524,Joseph Jackson,2008,3,17,Male,12524,4.6,1.8,1.1,8.6,10A,Sports,10,,,,85.8,cricket,,,,
2525,Paul Anderson,2009,9,15,Male,12525,8.2,8.1,4.8,7.3,9A,Scholar,9,,94-98-100,science,,,,,,
2526,Mark Lopez,2011,5,23,Male,12526,2.0,8.7,1.4,7.5,7A,Sports,7,,,,87.5,cricket,,,,
2527,Karen Rodriguez,2006,11,1,Female,12527,3.8,3.9,0.9,6.0,12A,Scholar,12,,74-88-79,science,,,,,,
2528,Mary Moore,2008,7,21,Female,12528,5.6,8.1,8.1,8.1,10B,Sports,10,,,,66.7,chess,,,,
2529,David Anderson,2008,3,17,Male,12529,4.5,2.2,4.1,6.5,10C,Sports,10,,,,68.2,chess,,,,
2530,Jessica Garcia,2011,1,16,Female,12530,6.9,9.0,2.6,8.6,7C,Sports,7,,,,59.1,cricket,,,,
2531,John Lopez,2009,9,8,Male,12531,6.8,7.0,6.0,7.9,9C,Sports,9,,,,88.7,cricket,,,,
2532,Anthony Miller,2011,8,8,Male,12532,4.1,8.9,8.5,6.4,7B,Talent,7,dance,,,,,,,,
2533,Anthony Lopez,2011,9,22,Male,12533,4.5,9.0,3.9,9.8,7C,Talent,7,dance,,,,,,,,
2534,Linda Hernandez,2010,6,5,Female,12534,7.8,2.2,9.4,7.4,8C,Talent,8,singing,,,,,,,,
2535,David Taylor,2006,7,20,Male,12535,4.7,3.9,4.4,8.0,12C,Talent,12,drama,,,,,,,,
2536,David Lopez,2011,1,3,Male,12536,3.0,2.5,2.3,9.9,7B,Sports,7,,,,91.0,cricket,,,,
2537,Joseph Miller,2011,6,26,Male,12537,0.3,3.2,8.6,7.7,7B,Talent,7,singing,,,,,,,,
2538,Kenneth Taylor,2012,1,7,Male,12538,1.6,3.4,4.5,7.9,6A,Talent,6,singing,,,,,,,,
2539,Helen Martinez,2010,2,3,Female,12539,5.5,8.3,4.0,9.6,8C,Talent,8,dance,,,,,,,,
2540,Susan Gonzalez,2012,5,17,Female,12540,7.7,7.7,2.8,8.6,6A,Scholar,6,,56-100-62,mathematics,,,,,,
2541,Richard Taylor,2011,8,3,Male,12541,9.4,3.0,0.3,9.1,7B,Sports,7,,,,81.6,cricket,,,,
2542,Helen Rodriguez,2012,8,6,Female,12542,0.4,5.3,3.7,8.8,6B,Sports,6,,,,70.1,chess,,,,
2543,John Martinez,2008,10,23,Male,12543,8.1,7.7,6.3,9.1,10A,Scholar,10,,64-68-52,science,,,,,,
2544,James Martin,2006,2,19,Male,12544,7.7,5.1,9.1,7.2,12C,Scholar,12,,76-73-69,mathematics,,,,,,
2545,Robert Hernandez,2008,4,1,Male,12545,1.6,4.7,1.8,9.1,10A,Sports,10,,,,72.7,chess,,,,
2546,Sandra Jackson,2009,1,2,Female,12546,9.4,3.9,8.6,8.5,9B,Talent,9,drama,,,,,,,,
2547,Samantha Brown,2009,8,7,Female,12547,9.4,7.5,2.4,7.9,9A,Scholar,9,,51-74-85,science,,,,,,
2548,John Moore,2007,8,17,Male,12548,4.0,5.3,3.3,7.9,11C,Scholar,11,,93-85-91,mathematics,,,,,,
2549,Michael Wilson,2010,4,9,Male,12549,1.8,6.7,5.0,7.8,8A,Talent,8,drama,,,,,,,,
2550,John Williams,2010,10,3,Male,12550,5.5,4.3,0.7,9.4,8B,Sports,8,,,,84.2,chess,,,,
2551,David Rodriguez,2009,2,15,Male,12551,1.2,0.7,6.6,7.8,9B,Sports,9,,,,58.1,cricket,,,,
2552,Michael Johnson,2009,5,13,Male,12552,7.4,9.5,1.8,9.2,9A,Scholar,9,,62-100-91,mathematics,,,,,,
2553,Charles Thomas,2011,12,27,Male,12553,1.2,7.3,1.7,8.1,7C,Scholar,7,,74-76-93,mathematics,,,,,,
2554,John Thomas,2011,10,16,Male,12554,2.9,8.5,0.2,8.8,7A,Talent,7,drama,,,,,,,,
2555,Patricia Rodriguez,2010,12,10,Female,12555,7.4,0.9,0.5,7.0,8A,Scholar,8,,58-84-56,mathematics,,,,,,
2556,Steven Johnson,2006,1,26,Male,12556,3.9,1.0,1.3,6.1,12B,Sports,12,,,,91.9,cricket,,,,
2557,Samantha Hernandez,2008,12,9,Female,12557,2.6,8.6,2.0,9.8,10A,Talent,10,drama,,,,,,,,
2558,Elizabeth Martin,2007,10,23,Female,12558,9.1,2.3,1.2,8.8,11B,Scholar,11,,75-77-94,science,,,,,,
2559,Paul Anderson,2012,9,1,Male,12559,0.4,0.1,5.3,9.8,6B,Talent,6,singing,,,,,,,,
2560,Joseph Rodriguez,2008,7,13,Male,12560,6.1,6.6,7.0,7.1,10B,Sports,10,,,,84.9,chess,,,,
2561,Michelle Anderson,2010,10,7,Female,12561,3.3,8.0,4.1,7.6,8C,Scholar,8,,58-91-90,mathematics,,,,,,
2562,Emma Miller,2008,9,26,Female,12562,0.2,1.9,9.2,9.0,10A,Scholar,10,,93-72-79,mathematics,,,,,,
2563,Linda Jackson,2009,5,4,Female,12563,3.2,2.9,7.9,10.0,9A,Scholar,9,,58-68-95,mathematics,,,,,,
2564,Karen Johnson,2010,3,23,Female,12564,5.2,7.8,2.5,9.6,8C,Talent,8,singing,,,,,,,,
2565,Thomas Williams,2012,3,18,Male,12565,0.9,4.5,1.0,9.2,6B,Scholar,6,,60-93-78,science,,,,,,
2566,Michelle Hernandez,2012,12,16,Female,12566,4.1,5.7,8.5,6.9,6C,Scholar,6,,98-55-96,science,,,,,,
2567,Elizabeth Jackson,2006,6,10,Female,12567,1.2,3.9,7.2,8.1,12B,Talent,12,singing,,,,,,,,
2568,Charles Gonzalez,2006,9,23,Male,12568,8.6,3.5,9.1,6.8,12B,Scholar,12,,84-100-80,mathematics,,,,,,
2569,Barbara Martinez,2009,3,19,Female,12569,1.4,3.9,4.0,6.5,9A,Talent,9,singing,,,,,,,,
2570,Anthony Anderson,2006,3,27,Male,12570,8.3,2.5,5.1,9.9,12A,Talent,12,dance,,,,,,,,
2571,Anthony Garcia,2012,3,25,Male,12571,8.4,2.0,1.2,6.1,6C,Sports,6,,,,65.2,chess,,,,
2572,Mary Rodriguez,2007,5,8,Female,12572,5.7,6.6,1.1,7.0,11B,Talent,11,dance,,,,,,,,
2573,Steven Thomas,2006,3,6,Male,12573,3.9,1.7,5.7,7.3,12C,Talent,12,dance,,,,,,,,
2574,Joseph Martinez,2006,7,11,Male,12574,6.6,3.5,2.0,7.1,12B,Talent,12,drama,,,,,,,,
2575,John Rodriguez,2012,9,10,Male,12575,9.1,2.5,2.9,7.6,6B,Scholar,6,,73-85-56,science,,,,,,
2576,Christine Miller,2011,9,21,Female,12576,5.2,7.4,1.1,9.3,7B,Scholar,7,,93-56-67,science,,,,,,
2577,James Lopez,2012,7,21,Male,12577,9.4,7.3,2.1,8.3,6B,Sports,6,,,,86.6,chess,,,,
2578,Christine Jones,2009,4,2,Female,12578,3.4,6.5,7.1,9.9,9A,Scholar,9,,85-69-99,mathematics,,,,,,
2579,George Martin,2010,6,25,Male,12579,1.6,8.8,1.4,6.4,8A,Talent,8,dance,,,,,,,,
2580,Karen Wilson,2008,1,5,Female,12580,2.9,2.0,6.7,7.7,10B,Talent,10,drama,,,,,,,,
2581,Richard Moore,2010,6,18,Male,12581,7.1,5.5,8.6,9.3,8C,Sports,8,,,,72.6,cricket,,,,
2582,Charles Moore,2012,10,4,Male,12582,5.8,8.4,1.0,9.1,6B,Talent,6,singing,,,,,,,,
2583,John Smith,2011,6,2,Male,12583,0.1,7.5,0.6,6.7,7A,Sports,7,,,,85.3,cricket,,,,
2584,Paul Martin,2011,6,8,Male,12584,7.3,7.0,7.2,9.0,7B,Talent,7,singing,,,,,,,,
2585,Robert Hernandez,2012,4,2,Male,12585,6.5,8.5,2.4,8.8,6B,Talent,6,dance,,,,,,,,
2586,Kenneth Taylor,2006,5,14,Male,12586,5.0,6.2,5.0,7.4,12A,Talent,12,dance,,,,,,,,
2587,Linda Davis,2011,6,13,Female,12587,5.1,2.3,6.3,7.9,7C,Talent,7,singing,,,,,,,,
2588,Karen Jones,2006,9,13,Female,12588,5.5,8.6,8.9,7.6,12A,Scholar,12,,84-91-55,science,,,,,,
2589,Jennifer Jackson,2009,11,16,Female,12589,6.5,0.2,7.4,8.7,9B,Talent,9,drama,,,,,,,,
2590,Emma Martinez,2012,10,14,Female,12590,4.0,0.3,0.6,7.7,6A,Sports,6,,,,64.4,chess,,,,
2591,Matthew Miller,2006,7,6,Male,12591,6.7,1.0,6.5,7.7,12C,Sports,12,,,,81.3,chess,,,,
2592,Emma Davis,2006,11,17,Female,12592,8.9,6.3,6.9,8.0,12A,Sports,12,,,,75.9,cricket,,,,
2593,Lisa Martin,2008,3,15,Female,12593,4.1,5.7,4.7,6.4,10A,Scholar,10,,51-82-77,science,,,,,,
2594,James Rodriguez,2008,7,14,Male,12594,2.3,4.8,8.7,6.7,10A,Sports,10,,,,50.3,cricket,,,,
2595,Elizabeth Jones,2012,1,10,Female,12595,1.6,2.1,6.6,7.4,6B,Talent,6,singing,,,,,,,,
2596,Samantha Wilson,2006,7,7,Female,12596,3.9,4.0,3.8,6.4,12A,Scholar,12,,54-85-90,mathematics,,,,,,
2597,Richard Wilson,2006,10,24,Male,12597,7.8,6.2,8.6,7.7,12C,Sports,12,,,,64.1,chess,,,,
2598,Barbara Rodriguez,2010,6,23,Female,12598,5.8,3.3,6.8,8.6,8B,Talent,8,drama,,,,,,,,
2599,Joseph Garcia,2012,10,18,Male,12599,6.9,4.6,5.7,6.3,6C,Scholar,6,,56-94-66,mathematics,,,,,,
2600,Lisa Williams,2009,2,9,Female,12600,7.2,1.6,7.1,6.2,9A,Sports,9,,,,80.0,chess,,,,
2601,Charles Johnson,2007,1,19,Male,12601,8.2,9.4,0.9,7.2,11A,Sports,11,,,,83.5,chess,,,,
2602,Richard Brown,2006,5,11,Male,12602,7.8,3.7,7.4,7.1,12C,Talent,12,drama,,,,,,,,
2603,Joseph Rodriguez,2012,9,10,Male,12603,2.8,0.9,7.3,8.2,6B,Talent,6,drama,,,,,,,,
2604,Joseph Moore,2010,3,26,Male,12604,6.8,2.4,1.9,7.3,8C,Talent,8,dance,,,,,,,,
2605,Joseph Rodriguez,2007,8,5,Male,12605,7.7,3.8,1.0,9.2,11C,Sports,11,,,,54.1,cricket,,,,
2606,Karen Miller,2006,10,20,Female,12606,3.4,4.9,0.2,6.3,12C,Sports,12,,,,54.6,chess,,,,
2607,Patricia Brown,2010,1,26,Female,12607,6.0,6.3,9.2,7.8,8C,Scholar,8,,67-58-85,mathematics,,,,,,
2608,Mark Garcia,2008,10,2,Male,12608,7.3,1.9,5.7,6.0,10C,Sports,10,,,,92.2,chess,,,,
2609,William Rodriguez,2012,12,27,Male,12609,0.2,6.9,0.8,7.0,6A,Scholar,6,,78-53-93,science,,,,,,
2610,David Williams,2012,3,12,Male,12610,3.1,2.7,3.6,8.7,6B,Scholar,6,,54-67-91,science,,,,,,
2611,Charles Hernandez,2007,4,21,Male,12611,7.0,5.2,9.5,6.5,11C,Talent,11,singing,,,,,,,,
2612,Steven Rodriguez,2010,9,27,Male,12612,6.3,1.9,8.7,8.0,8B,Talent,8,dance,,,,,,,,
2613,William Gonzalez,2011,4,24,Male,12613,5.1,2.3,6.7,6.4,7A,Scholar,7,,86-73-80,mathematics,,,,,,
2614,Laura Jones,2006,9,18,Female,12614,6.9,1.6,4.3,6.2,12A,Talent,12,dance,,,,,,,,
2615,Steven Williams,2009,11,7,Male,12615,4.7,9.1,0.6,7.6,9B,Scholar,9,,84-75-88,mathematics,,,,,,
2616,Maria Martinez,2012,4,24,Female,12616,2.2,2.3,1.2,9.4,6C,Sports,6,,,,95.7,chess,,,,
2617,Helen Smith,2011,11,11,Female,12617,8.2,8.2,2.1,7.5,7B,Scholar,7,,60-88-73,mathematics,,,,,,
2618,Steven Garcia,2007,12,11,Male,12618,0.0,1.5,9.1,9.1,11B,Sports,11,,,,53.3,cricket,,,,
2619,Karen Smith,2010,7,8,Female,12619,6.4,0.5,3.7,8.0,8A,Talent,8,dance,,,,,,,,
2620,Karen Martin,2012,6,3,Female,12620,3.8,3.3,2.9,9.1,6B,Scholar,6,,91-57-76,mathematics,,,,,,
2621,Patricia Johnson,2008,7,4,Female,12621,3.3,1.8,2.8,9.2,10A,Talent,10,singing,,,,,,,,
2622,Donald Hernandez,2010,7,23,Male,12622,9.0,5.2,3.4,7.6,8C,Talent,8,drama,,,,,,,,
2623,Daniel Jackson,2007,9,24,Male,12623,2.3,5.4,9.3,8.9,11A,Sports,11,,,,54.8,chess,,,,
2624,Barbara Moore,2010,1,2,Female,12624,0.1,2.1,4.4,7.9,8A,Sports,8,,,,53.1,cricket,,,,
2625,Jennifer Smith,2012,10,13,Female,12625,8.5,6.4,7.4,9.7,6B,Sports,6,,,,80.8,chess,,,,
2626,Anna Jackson,2012,8,6,Female,12626,0.9,4.4,3.1,9.1,6C,Talent,6,drama,,,,,,,,
2627,Robert Anderson,2007,3,28,Male,12627,3.3,1.8,3.3,8.7,11C,Talent,11,dance,,,,,,,,
2628,Andrew Hernandez,2007,1,28,Male,12628,0.3,4.7,2.4,8.4,11B,Sports,11,,,,82.4,cricket,,,,
2629,Jessica Miller,2011,9,27,Female,12629,1.0,8.2,1.0,8.8,7A,Scholar,7,,86-89-62,science,,,,,,
2630,James Wilson,2010,5,26,Male,12630,8.3,4.9,5.5,8.8,8B,Scholar,8,,66-51-62,science,,,,,,
2631,Jessica Rodriguez,2011,12,1,Female,12631,9.4,2.2,0.1,10.0,7B,Sports,7,,,,71.1,chess,,,,
2632,Helen Lopez,2007,9,9,Female,12632,0.6,2.8,5.4,7.0,11B,Talent,11,singing,,,,,,,,
2633,Samantha Garcia,2012,3,20,Female,12633,3.1,7.6,7.0,9.1,6B,Sports,6,,,,74.3,cricket,,,,
2634,George Miller,2007,6,24,Male,12634,1.8,6.8,0.1,9.3,11B,Sports,11,,,,85.7,cricket,,,,
2635,Steven Jones,2009,4,15,Male,12635,3.4,9.5,8.7,7.9,9B,Talent,9,drama,,,,,,,,
2636,Emma Wilson,2011,1,6,Female,12636,5.4,4.9,0.8,6.9,7C,Sports,7,,,,70.8,chess,,,,
2637,Sandra Martin,2006,6,24,Female,12637,1.4,1.5,8.7,6.4,12B,Sports,12,,,,87.3,chess,,,,
2638,Donald Lopez,2009,5,23,Male,12638,7.1,4.5,6.0,6.0,9A,Sports,9,,,,82.6,chess,,,,
2639,Sandra Jackson,2012,3,9,Female,12639,0.6,3.4,9.4,7.2,6C,Scholar,6,,56-72-72,science,,,,,,
2640,Steven Jackson,2009,7,15,Male,12640,5.1,5.3,4.7,6.1,9A,Talent,9,dance,,,,,,,,
2641,Robert Miller,2011,4,22,Male,12641,1.1,4.6,2.2,7.6,7A,Talent,7,dance,,,,,,,,
2642,Sandra Thomas,2011,7,19,Female,12642,9.5,0.3,2.8,6.4,7A,Scholar,7,,53-78-61,mathematics,,,,,,
2643,Joseph Martin,2008,7,14,Male,12643,7.6,0.6,8.1,6.6,10C,Sports,10,,,,97.1,chess,,,,
2644,Andrew Rodriguez,2008,11,23,Male,12644,7.1,7.7,1.7,7.7,10A,Sports,10,,,,91.0,chess,,,,
2645,Laura Garcia,2006,11,27,Female,12645,2.0,4.6,0.9,9.9,12A,Talent,12,dance,,,,,,,,
2646,Elizabeth Williams,2012,2,16,Female,12646,9.1,6.3,0.0,6.6,6A,Scholar,6,,55-89-71,mathematics,,,,,,
2647,Charles Williams,2010,3,4,Male,12647,0.5,3.0,8.1,6.6,8C,Sports,8,,,,72.1,chess,,,,
2648,Jennifer Thomas,2009,4,22,Female,12648,1.7,6.6,9.2,8.5,9A,Scholar,9,,72-54-89,mathematics,,,,,,
2649,John Williams,2007,9,16,Male,12649,8.1,2.2,3.2,9.7,11C,Sports,11,,,,96.7,cricket,,,,
2650,Joseph Thomas,2009,7,27,Male,12650,0.4,8.1,2.5,7.3,9A,Talent,9,drama,,,,,,,,
2651,Michelle Williams,2011,9,24,Female,12651,2.4,2.3,2.0,8.6,7C,Sports,7,,,,52.0,chess,,,,
2652,David Williams,2008,12,17,Male,12652,7.7,3.0,4.8,7.8,10A,Sports,10,,,,85.3,chess,,,,
2653,Paul Rodriguez,2010,7,24,Male,12653,8.2,5.0,7.4,8.8,8A,Talent,8,dance,,,,,,,,
2654,Charles Rodriguez,2006,6,12,Male,12654,2.1,7.8,3.8,9.7,12A,Sports,12,,,,84.1,chess,,,,
2655,Sarah Hernandez,2010,12,28,Female,12655,4.0,4.9,8.4,9.0,8B,Sports,8,,,,74.9,cricket,,,,
2656,Andrew Smith,2008,6,10,Male,12656,4.6,3.0,7.2,7.5,10C,Talent,10,singing,,,,,,,,
2657,Daniel Smith,2007,10,9,Male,12657,5.8,0.9,5.2,6.0,11C,Talent,11,dance,,,,,,,,
2658,Jennifer Lopez,2008,3,5,Female,12658,9.4,5.7,3.9,8.5,10A,Scholar,10,,65-64-95,science,,,,,,
2659,Jennifer Jackson,2011,12,4,Female,12659,5.1,3.9,6.2,6.6,7A,Sports,7,,,,72.0,cricket,,,,
2660,George Thomas,2007,5,11,Male,12660,8.7,0.2,8.3,7.7,11B,Talent,11,drama,,,,,,,,
2661,Elizabeth Moore,2008,7,14,Female,12661,7.3,5.2,3.9,7.1,10C,Scholar,10,,57-50-64,science,,,,,,
2662,William Hernandez,2010,5,18,Male,12662,4.2,7.0,0.5,9.8,8A,Talent,8,dance,,,,,,,,
2663,Jennifer Lopez,2012,5,10,Female,12663,4.2,4.0,3.7,9.3,6B,Scholar,6,,92-88-83,science,,,,,,
2664,Emma Smith,2008,6,12,Female,12664,0.5,6.8,1.4,6.0,10B,Talent,10,dance,,,,,,,,
2665,Barbara Moore,2009,2,4,Female,12665,8.2,6.6,3.6,7.0,9C,Sports,9,,,,78.5,cricket,,,,
2666,Karen Hernandez,2009,7,9,Female,12666,1.7,8.3,7.0,6.1,9C,Sports,9,,,,95.9,cricket,,,,
2667,Richard Davis,2011,5,3,Male,12667,0.6,3.3,5.3,8.6,7B,Talent,7,dance,,,,,,,,
2668,Samantha Lopez,2012,6,3,Female,12668,8.0,5.7,7.2,6.6,6A,Talent,6,drama,,,,,,,,
2669,Michelle Hernandez,2011,10,21,Female,12669,1.3,0.0,4.1,6.9,7B,Talent,7,drama,,,,,,,,
2670,Anthony Gonzalez,2012,6,20,Male,12670,1.5,3.5,7.4,9.8,6A,Scholar,6,,92-86-86,mathematics,,,,,,
2671,Daniel Gonzalez,2012,3,8,Male,12671,8.6,7.1,9.5,7.9,6B,Sports,6,,,,80.2,cricket,,,,
2672,Barbara Martin,2010,12,15,Female,12672,6.1,7.8,1.4,6.3,8A,Talent,8,singing,,,,,,,,
2673,Karen Moore,2007,4,25,Female,12673,8.1,0.9,4.7,6.7,11A,Talent,11,drama,,,,,,,,
2674,William Garcia,2006,3,4,Male,12674,4.5,0.6,2.3,10.0,12C,Scholar,12,,71-83-72,mathematics,,,,,,
2675,Sarah Brown,2009,2,21,Female,12675,8.7,3.8,7.1,8.0,9B,Scholar,9,,52-77-96,mathematics,,,,,,
2676,Michelle Martinez,2006,6,17,Female,12676,9.0,9.4,7.7,6.9,12C,Scholar,12,,92-65-70,mathematics,,,,,,
2677,Samantha Moore,2012,9,19,Female,12677,5.9,3.4,8.0,7.1,6C,Scholar,6,,60-63-68,mathematics,,,,,,
2678,Daniel Hernandez,2010,10,24,Male,12678,5.4,0.2,0.2,8.6,8C,Scholar,8,,71-69-54,science,,,,,,
2679,John Smith,2011,4,15,Male,12679,2.8,5.2,3.5,7.1,7C,Talent,7,drama,,,,,,,,
2680,James Martin,2010,8,1,Male,12680,8.1,2.5,2.8,9.0,8A,Scholar,8,,69-79-80,science,,,,,,
2681,Sandra Lopez,2008,7,19,Female,12681,3.8,1.6,8.3,8.4,10A,Talent,10,singing,,,,,,,,
2682,Kenneth Brown,2011,5,5,Male,12682,1.1,0.6,4.9,8.9,7A,Talent,7,singing,,,,,,,,
2683,Elizabeth Martin,2008,5,19,Female,12683,6.2,9.1,1.4,8.4,10B,Scholar,10,,94-92-80,mathematics,,,,,,
2684,Susan Moore,2007,5,5,Female,12684,1.7,3.5,7.2,9.9,11A,Sports,11,,,,80.8,cricket,,,,
2685,Lisa Anderson,2008,6,24,Female,12685,5.1,9.3,5.6,8.6,10B,Scholar,10,,98-64-83,mathematics,,,,,,
2686,John Wilson,2008,1,17,Male,12686,2.8,5.3,0.2,6.3,10B,Sports,10,,,,56.4,cricket,,,,
2687,William Anderson,2012,3,19,Male,12687,4.8,2.0,8.3,7.2,6A,Sports,6,,,,59.1,chess,,,,
2688,Michelle Garcia,2012,5,26,Female,12688,0.9,7.9,3.4,7.2,6B,Scholar,6,,64-80-51,mathematics,,,,,,
2689,Christine Thomas,2006,2,11,Female,12689,5.7,2.8,4.0,6.4,12B,Sports,12,,,,61.1,cricket,,,,
2690,James Martinez,2009,12,23,Male,12690,3.5,6.6,7.7,7.4,9B,Sports,9,,,,77.5,chess,,,,
2691,Laura Smith,2007,3,28,Female,12691,3.5,9.0,2.1,8.3,11C,Scholar,11,,90-77-70,mathematics,,,,,,
2692,Emma Jones,2010,4,9,Female,12692,3.2,2.0,6.1,7.9,8B,Scholar,8,,56-99-57,mathematics,,,,,,
2693,Mary Miller,2012,6,10,Female,12693,5.0,5.3,3.3,7.8,6B,Scholar,6,,86-86-79,mathematics,,,,,,
2694,John Davis,2008,4,12,Male,12694,2.5,4.9,0.3,6.7,10C,Talent,10,singing,,,,,,,,
2695,Andrew Johnson,2010,11,9,Male,12695,1.4,9.1,7.8,6.3,8B,Scholar,8,,100-64-97,mathematics,,,,,,
2696,Christine Williams,2010,7,2,Female,12696,3.2,8.7,4.8,9.6,8C,Talent,8,singing,,,,,,,,
2697,Anna Wilson,2010,1,28,Female,12697,7.5,4.8,2.2,9.9,8B,Scholar,8,,96-60-56,mathematics,,,,,,
2698,Donald Brown,2011,5,10,Male,12698,4.1,3.7,6.9,6.8,7B,Talent,7,drama,,,,,,,,
2699,Christine Miller,2011,8,22,Female,12699,8.9,8.6,8.0,6.2,7C,Talent,7,dance,,,,,,,,
2700,Charles Jones,2009,7,17,Male,12700,8.6,9.5,2.4,7.1,9A,Scholar,9,,99-73-64,mathematics,,,,,,
2701,Michelle Lopez,2008,7,25,Female,12701,1.3,0.8,6.7,9.4,10C,Sports,10,,,,88.0,chess,,,,
2702,Michelle Thomas,2008,2,13,Female,12702,1.0,2.8,1.4,8.0,10C,Scholar,10,,78-60-75,science,,,,,,
2703,Maria Hernandez,2009,10,27,Female,12703,4.2,3.7,4.1,9.6,9A,Talent,9,drama,,,,,,,,
2704,Jennifer Davis,2007,7,1,Female,12704,4.8,4.5,7.8,6.5,11A,Talent,11,dance,,,,,,,,
2705,Maria Williams,2007,11,13,Female,12705,3.8,6.5,1.5,9.3,11C,Sports,11,,,,85.5,cricket,,,,
2706,Jessica Johnson,2007,4,15,Female,12706,0.4,8.5,6.3,7.7,11C,Sports,11,,,,68.0,chess,,,,
2707,Linda Martinez,2011,6,16,Female,12707,4.8,2.0,5.3,7.8,7A,Scholar,7,,96-75-96,mathematics,,,,,,
2708,David Garcia,2008,8,21,Male,12708,5.4,3.6,0.5,7.8,10A,Sports,10,,,,81.0,chess,,,,
2709,Mary Anderson,2012,10,27,Female,12709,5.0,8.5,1.1,9.9,6B,Sports,6,,,,84.1,chess,,,,
2710,Anna Smith,2011,10,28,Female,12710,9.5,4.7,5.8,6.3,7B,Scholar,7,,75-94-69,mathematics,,,,,,
2711,Charles Martinez,2006,11,8,Male,12711,0.3,5.2,0.6,9.0,12B,Talent,12,dance,,,,,,,,
2712,Karen Jones,2010,3,24,Female,12712,2.5,4.0,8.0,6.1,8A,Talent,8,drama,,,,,,,,
2713,James Anderson,2007,3,19,Male,12713,6.4,2.7,8.6,7.0,11A,Talent,11,drama,,,,,,,,
2714,Michelle Jones,2011,1,16,Female,12714,6.9,0.1,2.6,9.1,7A,Scholar,7,,67-84-80,science,,,,,,
2715,George Garcia,2008,9,5,Male,12715,1.1,4.0,7.6,8.8,10B,Talent,10,dance,,,,,,,,
2716,Jessica Miller,2009,2,1,Female,12716,2.6,4.6,7.1,8.2,9A,Sports,9,,,,85.5,cricket,,,,
2717,George Thomas,2007,10,20,Male,12717,2.8,2.4,2.1,6.9,11C,Talent,11,drama,,,,,,,,
2718,Kenneth Anderson,2006,5,7,Male,12718,4.2,0.4,5.8,7.1,12C,Scholar,12,,57-77-87,science,,,,,,
2719,Christine Rodriguez,2009,9,22,Female,12719,3.3,5.1,8.0,6.2,9A,Talent,9,singing,,,,,,,,
2720,Sarah Gonzalez,2007,8,8,Female,12720,5.9,8.3,3.2,9.8,11A,Sports,11,,,,88.6,chess,,,,
2721,Thomas Hernandez,2011,1,12,Male,12721,7.0,2.3,3.4,6.6,7C,Sports,7,,,,83.8,chess,,,,
2722,Steven Jones,2006,7,14,Male,12722,8.1,2.6,8.1,6.4,12C,Scholar,12,,80-91-87,mathematics,,,,,,
2723,Steven Johnson,2007,8,22,Male,12723,8.4,5.8,5.3,8.1,11B,Talent,11,singing,,,,,,,,
2724,Laura Wilson,2009,4,3,Female,12724,3.0,5.9,9.3,8.8,9A,Sports,9,,,,80.0,cricket,,,,
2725,George Smith,2011,9,22,Male,12725,3.5,5.1,5.6,7.0,7C,Sports,7,,,,64.5,cricket,,,,
2726,Joseph Thomas,2012,12,4,Male,12726,0.8,7.0,4.6,9.1,6B,Talent,6,drama,,,,,,,,
2727,Donald Jackson,2011,6,21,Male,12727,7.8,1.7,0.5,6.7,7C,Scholar,7,,72-64-57,mathematics,,,,,,
2728,Patricia Rodriguez,2010,12,25,Female,12728,9.0,8.5,7.3,7.1,8C,Scholar,8,,62-94-96,mathematics,,,,,,
2729,Christine Thomas,2012,12,28,Female,12729,8.0,9.5,1.0,6.9,6B,Scholar,6,,82-66-69,mathematics,,,,,,
2730,Daniel Moore,2011,11,11,Male,12730,3.3,2.0,1.9,8.0,7A,Scholar,7,,80-95-79,science,,,,,,
2731,Kenneth Jackson,2010,7,28,Male,12731,3.4,3.2,6.9,6.6,8B,Scholar,8,,74-79-61,science,,,,,,
2732,Susan Lopez,2009,12,27,Female,12732,5.9,3.4,7.3,7.5,9B,Talent,9,dance,,,,,,,,
2733,Mary Jackson,2006,4,7,Female,12733,7.0,6.9,5.9,7.2,12B,Sports,12,,,,96.7,chess,,,,
2734,Patricia Jackson,2007,11,6,Female,12734,3.7,0.9,7.4,9.0,11A,Sports,11,,,,86.8,cricket,,,,
2735,Barbara Lopez,2012,12,2,Female,12735,0.8,5.8,2.5,8.2,6C,Sports,6,,,,69.2,cricket,,,,
2736,Matthew Jones,2010,3,8,Male,12736,4.2,1.5,9.2,7.0,8C,Scholar,8,,71-95-69,science,,,,,,
2737,Patricia Williams,2011,10,11,Female,12737,3.3,7.0,2.5,9.3,7C,Scholar,7,,93-79-59,science,,,,,,
2738,Mary Smith,2007,5,17,Female,12738,2.2,4.7,6.9,9.3,11C,Sports,11,,,,52.1,chess,,,,
2739,Mark Moore,2008,12,28,Male,12739,8.4,5.9,5.2,9.3,10B,Talent,10,drama,,,,,,,,
2740,Lisa Williams,2011,1,27,Female,12740,6.5,2.0,9.2,7.7,7A,Talent,7,singing,,,,,,,,
2741,Karen Martinez,2006,12,19,Female,12741,7.9,3.4,4.7,7.6,12A,Talent,12,drama,,,,,,,,
2742,Joseph Wilson,2010,3,26,Male,12742,1.4,3.3,7.5,7.6,8C,Scholar,8,,85-65-99,mathematics,,,,,,
2743,William Lopez,2009,9,25,Male,12743,4.1,1.3,1.2,9.4,9C,Sports,9,,,,74.1,chess,,,,
2744,Sandra Taylor,2008,9,18,Female,12744,0.8,3.8,0.7,7.2,10B,Scholar,10,,82-91-77,mathematics,,,,,,
2745,Christine Williams,2008,11,3,Female,12745,4.9,5.5,4.0,9.0,10C,Scholar,10,,58-99-96,mathematics,,,,,,
2746,Lisa Taylor,2006,4,10,Female,12746,4.6,5.4,1.1,9.4,12A,Sports,12,,,,78.9,cricket,,,,
2747,David Taylor,2012,1,4,Male,12747,1.5,4.0,3.4,8.5,6C,Talent,6,singing,,,,,,,,
2748,Patricia Martin,2010,12,18,Female,12748,7.1,3.3,1.1,8.7,8A,Talent,8,dance,,,,,,,,
2749,Barbara Wilson,2010,10,5,Female,12749,2.0,1.9,8.4,7.0,8A,Talent,8,singing,,,,,,,,
2750,Helen Williams,2008,8,9,Female,12750,9.5,1.0,1.3,6.1,10A,Sports,10,,,,92.1,cricket,,,,
2751,Elizabeth Williams,2007,8,10,Female,12751,2.4,8.7,6.8,9.7,11B,Talent,11,drama,,,,,,,,
2752,Mary Johnson,2012,8,25,Female,12752,6.7,5.8,4.4,7.6,6B,Sports,6,,,,71.2,cricket,,,,
2753,David Rodriguez,2012,10,18,Male,12753,3.3,2.2,6.2,9.0,6B,Sports,6,,,,74.7,cricket,,,,
2754,Anthony Martinez,2009,7,7,Male,12754,1.9,7.2,7.9,9.6,9C,Scholar,9,,98-59-95,mathematics,,,,,,
2755,Daniel Gonzalez,2011,5,20,Male,12755,3.1,6.9,4.0,8.3,7C,Sports,7,,,,65.2,chess,,,,
2756,Mary Hernandez,2008,12,25,Female,12756,3.7,6.6,1.8,10.0,10B,Scholar,10,,68-96-72,mathematics,,,,,,
2757,Samantha Thomas,2006,12,18,Female,12757,6.7,6.1,6.9,6.4,12C,Talent,12,dance,,,,,,,,
2758,Linda Rodriguez,2008,2,17,Female,12758,3.7,5.0,5.5,7.2,10B,Scholar,10,,77-79-56,mathematics,,,,,,
2759,Elizabeth Davis,2007,9,4,Female,12759,0.0,8.9,7.4,7.8,11B,Sports,11,,,,60.7,chess,,,,
2760,Sarah Garcia,2009,3,28,Female,12760,0.6,8.9,4.5,8.6,9A,Scholar,9,,85-62-80,science,,,,,,
2761,Patricia Martinez,2008,12,1,Female,12761,8.2,2.1,4.4,9.4,10C,Talent,10,singing,,,,,,,,
2762,Anna Rodriguez,2007,3,12,Female,12762,6.8,5.6,7.3,6.5,11C,Talent,11,dance,,,,,,,,
2763,William Anderson,2010,5,15,Male,12763,8.1,0.8,3.4,8.5,8C,Talent,8,drama,,,,,,,,
2764,Elizabeth Johnson,2012,2,1,Female,12764,9.1,1.2,5.9,6.2,6A,Talent,6,singing,,,,,,,,
2765,Michelle Thomas,2008,4,19,Female,12765,4.5,4.0,1.4,9.1,10B,Sports,10,,,,54.8,chess,,,,
2766,Andrew Williams,2012,7,7,Male,12766,3.0,0.6,5.5,7.0,6A,Scholar,6,,80-90-66,mathematics,,,,,,
2767,Charles Davis,2012,8,5,Male,12767,6.1,6.9,7.4,8.8,6C,Scholar,6,,53-67-58,mathematics,,,,,,
2768,Robert Jackson,2009,12,18,Male,12768,2.0,9.2,5.6,8.0,9A,Talent,9,dance,,,,,,,,
2769,Robert Moore,2007,7,14,Male,12769,2.7,5.2,3.0,8.4,11B,Sports,11,,,,62.4,chess,,,,
2770,David Johnson,2007,5,8,Male,12770,6.4,8.8,3.2,8.5,11A,Talent,11,drama,,,,,,,,
2771,Sarah Thomas,2010,7,11,Female,12771,1.7,5.5,3.0,6.3,8C,Scholar,8,,83-70-84,science,,,,,,
2772,Elizabeth Johnson,2012,3,17,Female,12772,6.9,5.2,5.0,7.1,6C,Scholar,6,,67-80-52,mathematics,,,,,,
2773,Lisa Taylor,2008,5,20,Female,12773,5.4,7.8,1.9,8.3,10A,Scholar,10,,50-76-81,mathematics,,,,,,
2774,Sarah Moore,2012,1,2,Female,12774,7.5,7.7,9.0,7.1,6C,Talent,6,drama,,,,,,,,
2775,Emma Jackson,2012,11,21,Female,12775,5.1,4.8,9.1,9.4,6A,Talent,6,dance,,,,,,,,
2776,Robert Moore,2006,2,10,Male,12776,2.6,9.3,9.2,8.6,12C,Sports,12,,,,56.7,chess,,,,
2777,Joseph Taylor,2012,5,17,Male,12777,7.4,4.5,1.5,7.0,6A,Talent,6,drama,,,,,,,,
2778,Maria Williams,2008,10,24,Female,12778,1.1,1.5,9.0,7.9,10C,Scholar,10,,79-96-64,mathematics,,,,,,
2779,Sandra Moore,2011,3,5,Female,12779,8.9,3.7,7.1,6.4,7A,Scholar,7,,97-99-99,science,,,,,,
2780,Charles Garcia,2008,2,22,Male,12780,4.7,5.8,3.5,9.7,10A,Scholar,10,,55-54-98,mathematics,,,,,,
2781,Anthony Martin,2012,11,7,Male,12781,1.9,3.6,4.7,9.0,6B,Talent,6,singing,,,,,,,,
2782,David Jackson,2009,9,1,Male,12782,2.3,4.5,7.8,7.3,9C,Sports,9,,,,69.9,chess,,,,
2783,Linda Anderson,2007,10,1,Female,12783,5.3,1.4,2.1,8.0,11B,Scholar,11,,75-80-96,mathematics,,,,,,
2784,Donald Davis,2007,8,12,Male,12784,6.5,5.9,0.0,9.6,11B,Scholar,11,,50-81-59,mathematics,,,,,,
2785,Richard Johnson,2009,9,26,Male,12785,5.4,8.5,6.2,9.6,9C,Sports,9,,,,83.2,cricket,,,,
2786,Helen Anderson,2009,4,14,Female,12786,7.1,9.3,8.1,7.7,9B,Sports,9,,,,74.2,chess,,,,
2787,Mark Jones,2009,9,17,Male,12787,4.8,6.5,1.2,7.8,9C,Sports,9,,,,57.3,cricket,,,,
2788,Susan Brown,2008,6,18,Female,12788,9.3,2.4,6.1,7.0,10B,Talent,10,singing,,,,,,,,
2789,Elizabeth Moore,2012,6,28,Female,12789,2.0,1.7,2.3,7.9,6C,Scholar,6,,93-95-84,mathematics,,,,,,
2790,Robert Lopez,2006,5,25,Male,12790,2.8,9.3,4.9,6.4,12A,Talent,12,dance,,,,,,,,
2791,Christine Jones,2009,2,18,Female,12791,0.3,1.0,7.8,8.2,9A,Scholar,9,,76-56-91,science,,,,,,
2792,Mary Garcia,2011,5,25,Female,12792,2.9,3.5,3.5,8.3,7A,Sports,7,,,,58.8,chess,,,,
2793,Thomas Martinez,2009,5,11,Male,12793,6.5,2.9,6.7,8.2,9B,Talent,9,dance,,,,,,,,
2794,Steven Garcia,2008,4,13,Male,12794,1.5,3.8,7.7,9.2,10A,Sports,10,,,,51.7,cricket,,,,
2795,Maria Lopez,2010,12,25,Female,12795,6.9,4.5,7.3,7.7,8C,Talent,8,dance,,,,,,,,
2796,John Miller,2008,5,8,Male,12796,5.1,5.5,1.1,9.3,10C,Scholar,10,,69-72-66,science,,,,,,
2797,Patricia Brown,2006,6,12,Female,12797,3.8,4.2,0.4,9.5,12C,Sports,12,,,,87.2,cricket,,,,
2798,Christine Jones,2007,10,10,Female,12798,6.0,4.4,8.6,7.8,11C,Talent,11,dance,,,,,,,,
2799,Samantha Lopez,2012,5,8,Female,12799,9.2,0.4,3.3,8.9,6B,Scholar,6,,52-82-77,science,,,,,,
2800,William Lopez,2009,5,7,Male,12800,6.9,3.6,6.3,9.7,9C,Sports,9,,,,54.7,chess,,,,
2801,Kenneth Brown,2009,10,21,Male,12801,4.2,1.5,2.3,8.8,9A,Talent,9,dance,,,,,,,,
2802,Lisa Smith,2012,6,20,Female,12802,8.5,0.3,9.0,9.6,6B,Talent,6,dance,,,,,,,,
2803,Michael Anderson,2010,5,2,Male,12803,1.2,7.7,4.1,6.3,8A,Sports,8,,,,75.4,cricket,,,,
2804,Karen Rodriguez,2008,10,5,Female,12804,5.9,3.1,8.4,8.7,10A,Scholar,10,,63-60-78,mathematics,,,,,,
2805,Christine Wilson,2006,7,27,Female,12805,1.4,5.7,2.9,9.9,12C,Scholar,12,,83-59-73,science,,,,,,
2806,Christine Moore,2008,8,26,Female,12806,7.3,7.0,0.2,8.6,10C,Sports,10,,,,73.2,chess,,,,
2807,Donald Taylor,2008,5,13,Male,12807,6.3,6.6,0.0,6.1,10A,Scholar,10,,84-71-71,mathematics,,,,,,
2808,Lisa Garcia,2006,3,24,Female,12808,2.5,6.0,4.6,6.6,12C,Scholar,12,,71-85-80,mathematics,,,,,,
2809,Mark Jackson,2009,5,6,Male,12809,7.7,1.7,3.6,7.2,9A,Talent,9,singing,,,,,,,,
2810,Richard Lopez,2010,5,23,Male,12810,6.1,6.4,3.8,9.7,8B,Scholar,8,,81-99-80,science,,,,,,
2811,Sarah Wilson,2009,8,8,Female,12811,6.0,4.6,3.8,6.4,9B,Sports,9,,,,68.4,chess,,,,
2812,Anna Rodriguez,2010,7,26,Female,12812,5.4,7.3,8.5,9.7,8C,Sports,8,,,,88.7,chess,,,,
2813,Barbara Brown,2010,10,24,Female,12813,1.9,1.1,1.8,6.1,8A,Sports,8,,,,73.2,cricket,,,,
2814,Anthony Brown,2007,5,24,Male,12814,0.3,0.1,5.9,9.5,11B,Sports,11,,,,53.1,cricket,,,,
2815,Emma Hernandez,2006,7,7,Female,12815,3.2,8.6,8.1,6.7,12C,Sports,12,,,,58.6,chess,,,,
2816,Helen Hernandez,2008,8,14,Female,12816,5.2,1.9,4.8,9.3,10C,Scholar,10,,79-68-96,science,,,,,,
2817,Robert Davis,2009,4,18,Male,12817,6.4,3.2,6.1,6.2,9A,Sports,9,,,,58.5,cricket,,,,
2818,Daniel Gonzalez,2008,7,17,Male,12818,8.1,1.5,3.3,9.6,10B,Sports,10,,,,91.4,chess,,,,
2819,Anna Johnson,2009,3,19,Female,12819,2.3,1.9,2.9,9.9,9B,Talent,9,drama,,,,,,,,
2820,William Brown,2006,9,5,Male,12820,1.5,0.3,0.3,9.1,12B,Talent,12,singing,,,,,,,,
2821,Helen Wilson,2007,1,18,Female,12821,8.0,4.4,4.8,9.5,11B,Talent,11,dance,,,,,,,,
2822,Jessica Wilson,2009,1,5,Female,12822,9.5,0.6,3.0,9.1,9C,Talent,9,singing,,,,,,,,
2823,Mark Martin,2010,9,2,Male,12823,8.2,5.6,6.0,7.1,8C,Talent,8,dance,,,,,,,,
2824,Donald Garcia,2008,1,20,Male,12824,7.6,2.2,1.3,7.0,10C,Scholar,10,,90-88-73,science,,,,,,
2825,James Garcia,2006,10,5,Male,12825,0.3,4.3,7.7,7.0,12A,Scholar,12,,51-70-79,science,,,,,,
2826,Donald Garcia,2008,1,5,Male,12826,7.7,2.7,1.7,8.9,10A,Talent,10,drama,,,,,,,,
2827,Kenneth Gonzalez,2006,6,18,Male,12827,1.4,8.8,2.9,8.5,12A,Sports,12,,,,56.5,cricket,,,,
2828,Sandra Rodriguez,2010,12,13,Female,12828,5.4,7.4,0.1,7.8,8B,Sports,8,,,,96.8,chess,,,,
2829,Richard Rodriguez,2008,5,6,Male,12829,1.1,9.3,6.3,9.7,10C,Talent,10,singing,,,,,,,,
2830,Emma Moore,2007,5,22,Female,12830,5.7,3.3,7.4,7.4,11C,Talent,11,dance,,,,,,,,
2831,Anna Lopez,2010,8,17,Female,12831,6.1,4.8,5.7,9.8,8A,Sports,8,,,,62.5,chess,,,,
2832,Paul Thomas,2008,3,19,Male,12832,1.0,3.3,3.3,9.4,10A,Sports,10,,,,56.9,chess,,,,
2833,Richard Smith,2007,6,6,Male,12833,8.0,7.5,5.8,8.4,11C,Scholar,11,,52-54-54,science,,,,,,
2834,Thomas Brown,2007,1,2,Male,12834,8.5,1.5,4.9,9.0,11A,Talent,11,dance,,,,,,,,
2835,George Miller,2006,7,6,Male,12835,3.1,4.5,4.1,8.3,12C,Talent,12,singing,,,,,,,,
2836,Steven Martinez,2012,5,25,Male,12836,0.2,3.9,6.7,9.5,6C,Sports,6,,,,81.5,chess,,,,
2837,Emma Jones,2009,7,20,Female,12837,3.8,7.7,6.1,8.1,9C,Scholar,9,,66-69-54,mathematics,,,,,,
2838,Sandra Smith,2012,8,28,Female,12838,5.3,3.3,3.5,8.6,6C,Scholar,6,,87-67-94,science,,,,,,
2839,Sarah Hernandez,2010,3,23,Female,12839,4.0,5.0,7.7,9.3,8B,Scholar,8,,75-82-78,science,,,,,,
2840,Karen Martinez,2009,11,10,Female,12840,1.4,9.5,3.5,6.5,9A,Scholar,9,,87-76-81,science,,,,,,
2841,Jennifer Johnson,2009,7,26,Female,12841,1.9,5.0,4.6,9.5,9C,Talent,9,drama,,,,,,,,
2842,Anthony Davis,2010,2,14,Male,12842,5.2,2.1,1.8,7.9,8B,Scholar,8,,93-61-90,science,,,,,,
2843,Jessica Davis,2010,6,8,Female,12843,1.9,8.0,0.8,9.2,8B,Scholar,8,,82-55-54,mathematics,,,,,,
2844,John Hernandez,2007,10,6,Male,12844,8.9,1.2,2.0,9.8,11B,Talent,11,singing,,,,,,,,
2845,Linda Moore,2006,2,13,Female,12845,3.2,5.8,2.0,9.9,12B,Sports,12,,,,71.0,chess,,,,
2846,Linda Garcia,2010,6,6,Female,12846,1.9,4.9,7.9,6.9,8B,Scholar,8,,67-100-54,science,,,,,,
2847,Jennifer Jackson,2006,11,1,Female,12847,4.9,5.8,6.1,6.9,12B,Scholar,12,,66-64-72,science,,,,,,
2848,Donald Williams,2012,5,6,Male,12848,0.9,2.9,4.2,8.9,6B,Scholar,6,,92-68-76,mathematics,,,,,,
2849,John Taylor,2012,6,4,Male,12849,5.1,2.9,8.5,8.5,6C,Talent,6,dance,,,,,,,,
2850,Laura Davis,2009,2,19,Female,12850,4.3,0.8,3.3,9.6,9B,Scholar,9,,96-99-84,science,,,,,,
2851,Linda Brown,2010,9,4,Female,12851,5.6,5.4,5.8,7.5,8B,Sports,8,,,,87.4,chess,,,,
2852,Donald Williams,2011,5,1,Male,12852,9.5,8.2,7.2,8.6,7C,Sports,7,,,,83.5,chess,,,,
2853,Helen Jones,2006,1,22,Female,12853,8.0,4.8,8.0,9.5,12C,Scholar,12,,99-82-84,science,,,,,,
2854,Steven Williams,2008,10,18,Male,12854,9.0,5.2,0.6,6.6,10C,Scholar,10,,68-63-58,mathematics,,,,,,
2855,Elizabeth Smith,2009,6,23,Female,12855,3.3,3.7,6.2,9.1,9B,Talent,9,drama,,,,,,,,
2856,William Martin,2006,5,17,Male,12856,4.0,7.7,5.9,6.9,12C,Scholar,12,,72-95-55,mathematics,,,,,,
2857,Andrew Martinez,2007,7,8,Male,12857,3.5,3.3,5.2,6.2,11B,Scholar,11,,79-91-66,science,,,,,,
2858,Emma Johnson,2006,7,15,Female,12858,2.1,1.9,9.4,8.3,12A,Sports,12,,,,51.1,cricket,,,,
2859,James Jackson,2010,3,23,Male,12859,9.4,8.8,6.2,6.7,8C,Talent,8,drama,,,,,,,,
2860,Patricia Williams,2006,12,23,Female,12860,1.2,3.5,1.8,6.6,12B,Talent,12,dance,,,,,,,,
2861,James Lopez,2007,4,2,Male,12861,9.4,7.6,1.6,8.2,11B,Talent,11,drama,,,,,,,,
2862,William Lopez,2008,2,15,Male,12862,7.5,5.8,7.4,6.8,10C,Talent,10,singing,,,,,,,,
2863,Karen Taylor,2008,7,2,Female,12863,4.0,3.2,7.1,6.3,10B,Talent,10,drama,,,,,,,,
2864,Lisa Brown,2010,1,6,Female,12864,5.0,1.7,6.9,6.3,8A,Scholar,8,,74-73-72,mathematics,,,,,,
2865,Donald Garcia,2010,1,17,Male,12865,7.2,5.5,8.3,8.1,8C,Scholar,8,,62-73-90,mathematics,,,,,,
2866,Samantha Lopez,2010,10,12,Female,12866,2.7,2.0,8.3,8.5,8A,Talent,8,dance,,,,,,,,
2867,Patricia Gonzalez,2010,3,6,Female,12867,4.7,5.7,7.0,8.6,8A,Talent,8,drama,,,,,,,,
2868,Mary Davis,2006,3,16,Female,12868,6.5,4.6,7.8,8.2,12B,Sports,12,,,,72.9,cricket,,,,
2869,Daniel Hernandez,2008,6,23,Male,12869,5.5,8.1,3.8,6.5,10C,Talent,10,drama,,,,,,,,
2870,William Hernandez,2007,7,7,Male,12870,8.7,1.4,3.9,8.7,11C,Sports,11,,,,81.3,cricket,,,,
2871,Steven Davis,2007,11,12,Male,12871,5.0,3.2,3.1,9.2,11C,Sports,11,,,,89.7,cricket,,,,
2872,Anna Moore,2007,4,23,Female,12872,5.2,7.2,5.2,8.2,11B,Talent,11,drama,,,,,,,,
2873,Sarah Lopez,2006,12,24,Female,12873,7.1,1.9,6.3,6.8,12B,Scholar,12,,100-88-76,mathematics,,,,,,
2874,Jessica Rodriguez,2007,3,18,Female,12874,2.4,7.9,5.7,7.9,11A,Talent,11,drama,,,,,,,,
2875,Susan Williams,2011,9,7,Female,12875,5.3,2.8,3.2,6.4,7B,Scholar,7,,59-54-51,science,,,,,,
2876,Samantha Taylor,2011,12,17,Female,12876,5.1,7.0,8.6,6.6,7B,Scholar,7,,58-50-59,mathematics,,,,,,
2877,Michael Rodriguez,2006,7,23,Male,12877,6.2,0.3,0.7,8.7,12A,Sports,12,,,,68.4,cricket,,,,
2878,Matthew Lopez,2012,8,12,Male,12878,0.4,2.5,4.3,6.8,6C,Scholar,6,,96-53-67,science,,,,,,
2879,Joseph Martinez,2012,4,7,Male,12879,0.1,4.6,8.5,7.5,6A,Scholar,6,,79-85-80,mathematics,,,,,,
2880,Maria Martinez,2008,6,9,Female,12880,1.8,2.1,5.2,6.5,10B,Talent,10,singing,,,,,,,,
2881,Emma Thomas,2011,4,6,Female,12881,8.5,1.4,8.4,6.5,7C,Scholar,7,,58-58-96,science,,,,,,
2882,Robert Lopez,2006,1,21,Male,12882,2.0,6.1,9.2,6.7,12A,Talent,12,singing,,,,,,,,
2883,Lisa Gonzalez,2007,1,3,Female,12883,8.3,8.8,5.3,6.7,11C,Talent,11,singing,,,,,,,,
2884,Helen Martinez,2008,4,24,Female,12884,2.6,3.6,3.5,6.9,10C,Scholar,10,,83-62-82,science,,,,,,
2885,Kenneth Rodriguez,2011,2,20,Male,12885,3.0,5.2,4.8,7.9,7B,Sports,7,,,,65.8,cricket,,,,
2886,Joseph Williams,2009,11,26,Male,12886,2.9,5.6,2.3,7.6,9A,Scholar,9,,78-97-85,mathematics,,,,,,
2887,Helen Williams,2006,1,7,Female,12887,6.7,5.6,2.4,8.6,12A,Talent,12,drama,,,,,,,,
2888,Anthony Moore,2012,4,26,Male,12888,4.7,7.1,2.7,7.2,6A,Talent,6,singing,,,,,,,,
2889,Sandra Thomas,2012,10,16,Female,12889,7.0,5.0,2.8,6.3,6C,Talent,6,singing,,,,,,,,
2890,Karen Jackson,2009,4,26,Female,12890,5.3,4.6,0.8,8.4,9C,Scholar,9,,100-77-68,science,,,,,,
2891,James Hernandez,2012,9,24,Male,12891,8.4,7.5,5.9,8.6,6A,Sports,6,,,,55.0,chess,,,,
2892,Laura Smith,2012,7,14,Female,12892,9.2,0.3,2.9,8.8,6A,Scholar,6,,51-69-89,science,,,,,,
2893,Lisa Martin,2006,7,15,Female,12893,8.5,5.7,3.6,8.9,12C,Talent,12,drama,,,,,,,,
2894,Christine Davis,2012,11,21,Female,12894,3.4,9.4,2.6,7.3,6A,Talent,6,singing,,,,,,,,
2895,Donald Thomas,2012,2,23,Male,12895,4.2,5.3,3.0,6.7,6A,Sports,6,,,,77.9,chess,,,,
2896,Matthew Jackson,2006,11,13,Male,12896,9.1,8.1,6.1,6.1,12B,Scholar,12,,73-53-87,science,,,,,,
2897,Sandra Jackson,2009,8,9,Female,12897,7.7,8.7,4.0,7.6,9A,Sports,9,,,,92.1,cricket,,,,
2898,Joseph Moore,2012,10,1,Male,12898,4.5,9.4,7.3,8.1,6C,Sports,6,,,,89.0,chess,,,,
2899,Mary Gonzalez,2009,5,20,Female,12899,9.2,8.1,5.3,9.3,9C,Talent,9,singing,,,,,,,,
2900,Kenneth Rodriguez,2007,12,4,Male,12900,8.2,9.0,0.2,6.8,11A,Sports,11,,,,84.6,cricket,,,,
2901,Elizabeth Lopez,2010,6,24,Female,12901,3.5,8.2,3.1,6.4,8A,Talent,8,dance,,,,,,,,
2902,Christine Martinez,2010,4,20,Female,12902,6.9,5.1,3.4,8.2,8B,Scholar,8,,94-73-93,science,,,,,,
2903,Susan Garcia,2011,12,21,Female,12903,2.9,4.7,0.6,6.9,7C,Sports,7,,,,75.9,cricket,,,,
2904,Samantha Moore,2007,10,2,Female,12904,5.3,9.2,7.4,7.3,11B,Scholar,11,,87-62-77,science,,,,,,
2905,Emma Williams,2011,3,15,Female,12905,1.4,4.6,3.6,9.7,7C,Scholar,7,,59-63-60,mathematics,,,,,,
2906,Michael Miller,2006,9,23,Male,12906,1.4,8.0,1.5,8.6,12C,Scholar,12,,81-89-72,mathematics,,,,,,
2907,Barbara Miller,2012,11,1,Female,12907,6.0,2.0,3.6,9.6,6C,Talent,6,singing,,,,,,,,
2908,Sandra Thomas,2010,2,12,Female,12908,7.3,8.2,1.7,8.8,8A,Sports,8,,,,94.2,chess,,,,
2909,Lisa Anderson,2011,8,3,Female,12909,8.3,6.1,7.9,8.6,7B,Scholar,7,,62-77-58,mathematics,,,,,,
2910,Maria Garcia,2012,9,7,Female,12910,2.2,2.3,1.3,6.1,6A,Scholar,6,,97-61-67,mathematics,,,,,,
2911,Andrew Johnson,2012,12,24,Male,12911,1.5,3.3,7.7,9.9,6C,Scholar,6,,94-98-77,mathematics,,,,,,
2912,Michelle Jones,2007,9,28,Female,12912,6.5,9.2,0.2,8.4,11C,Scholar,11,,82-73-70,science,,,,,,
2913,Christine Brown,2006,4,13,Female,12913,0.7,6.7,7.9,7.0,12C,Scholar,12,,70-97-59,mathematics,,,,,,
2914,Steven Martinez,2010,11,14,Male,12914,1.2,8.5,9.0,8.7,8A,Talent,8,dance,,,,,,,,
2915,Sandra Martin,2011,4,26,Female,12915,5.1,2.2,7.4,7.9,7A,Sports,7,,,,94.4,chess,,,,
2916,Susan Martinez,2010,9,27,Female,12916,4.3,1.0,9.0,7.5,8B,Scholar,8,,80-51-95,science,,,,,,
2917,James Martinez,2008,10,3,Male,12917,9.3,1.2,3.2,6.4,10C,Scholar,10,,82-96-60,science,,,,,,
2918,Mary Jackson,2010,9,20,Female,12918,6.4,3.7,8.1,8.3,8A,Sports,8,,,,55.8,cricket,,,,
2919,Mary Anderson,2006,8,22,Female,12919,8.0,6.0,4.4,9.7,12C,Talent,12,singing,,,,,,,,
2920,Laura Garcia,2006,2,4,Female,12920,4.9,2.5,6.3,7.4,12A,Scholar,12,,74-57-75,science,,,,,,
2921,Karen Anderson,2011,11,14,Female,12921,5.1,5.6,6.3,7.7,7A,Scholar,7,,74-94-63,science,,,,,,
2922,John Hernandez,2009,1,8,Male,12922,1.2,4.6,2.3,7.1,9B,Sports,9,,,,68.4,cricket,,,,
2923,Mary Gonzalez,2012,5,11,Female,12923,3.7,9.2,8.9,9.8,6B,Scholar,6,,76-60-79,science,,,,,,
2924,David Smith,2007,5,18,Male,12924,5.9,7.9,6.9,9.4,11B,Scholar,11,,90-52-95,mathematics,,,,,,
2925,Mark Thomas,2006,7,27,Male,12925,7.4,0.4,0.4,6.6,12B,Scholar,12,,77-73-69,mathematics,,,,,,
2926,Sarah Brown,2009,4,15,Female,12926,1.2,0.0,5.9,7.6,9B,Scholar,9,,67-59-98,science,,,,,,
2927,Maria Smith,2010,7,20,Female,12927,5.0,6.2,4.7,9.0,8A,Talent,8,drama,,,,,,,,
2928,Donald Lopez,2006,9,15,Male,12928,5.1,4.1,7.7,8.1,12A,Talent,12,drama,,,,,,,,
2929,Lisa Martin,2009,7,26,Female,12929,4.4,8.9,6.3,7.0,9B,Sports,9,,,,74.2,chess,,,,
2930,Jessica Jackson,2009,7,19,Female,12930,6.5,3.0,4.8,7.8,9B,Scholar,9,,73-85-100,science,,,,,,
2931,Mary Davis,2008,1,14,Female,12931,9.4,6.5,1.8,6.7,10B,Sports,10,,,,79.3,chess,,,,
2932,Mark Jackson,2006,3,22,Male,12932,2.6,6.9,5.6,9.4,12B,Sports,12,,,,80.3,cricket,,,,
2933,Charles Thomas,2012,3,6,Male,12933,8.5,9.3,5.1,9.2,6C,Talent,6,drama,,,,,,,,
2934,James Moore,2010,6,20,Male,12934,6.4,6.7,6.1,7.1,8C,Talent,8,singing,,,,,,,,
2935,George Thomas,2010,5,18,Male,12935,7.7,2.0,7.4,8.8,8A,Talent,8,dance,,,,,,,,
2936,Laura Wilson,2008,1,14,Female,12936,6.2,7.3,0.9,7.2,10C,Scholar,10,,99-72-81,mathematics,,,,,,
2937,David Thomas,2006,9,10,Male,12937,6.0,5.3,3.2,7.1,12A,Sports,12,,,,87.4,cricket,,,,
2938,Linda Anderson,2012,11,25,Female,12938,0.7,1.6,5.4,6.7,6B,Sports,6,,,,89.0,chess,,,,
2939,Maria Williams,2012,4,23,Female,12939,9.3,0.6,7.5,7.1,6B,Sports,6,,,,59.3,cricket,,,,
2940,John Taylor,2012,4,26,Male,12940,5.3,4.3,6.0,9.9,6A,Scholar,6,,55-51-83,mathematics,,,,,,
2941,Daniel Taylor,2008,9,27,Male,12941,1.3,0.3,3.7,9.8,10C,Scholar,10,,71-79-61,science,,,,,,
2942,Kenneth Martinez,2012,5,17,Male,12942,6.7,8.9,5.9,6.4,6A,Talent,6,drama,,,,,,,,
2943,Mark Hernandez,2011,10,9,Male,12943,3.8,7.9,4.4,7.4,7C,Scholar,7,,90-66-78,mathematics,,,,,,
2944,Joseph Smith,2011,7,27,Male,12944,1.3,2.1,8.7,9.3,7C,Talent,7,dance,,,,,,,,
2945,Kenneth Brown,2012,4,14,Male,12945,3.9,5.0,8.8,7.1,6C,Sports,6,,,,67.2,cricket,,,,
2946,Karen Williams,2012,7,6,Female,12946,0.3,0.5,6.5,8.6,6B,Talent,6,dance,,,,,,,,
2947,Christine Rodriguez,2006,5,10,Female,12947,1.1,0.1,8.2,9.8,12B,Scholar,12,,74-54-77,science,,,,,,
2948,Jessica Hernandez,2007,6,22,Female,12948,6.0,3.4,7.3,7.0,11C,Sports,11,,,,70.3,chess,,,,
2949,Daniel Rodriguez,2010,12,5,Male,12949,7.5,6.0,6.3,6.3,8B,Scholar,8,,65-67-77,science,,,,,,
2950,Elizabeth Hernandez,2008,7,20,Female,12950,1.6,1.7,6.3,9.0,10A,Scholar,10,,65-80-89,science,,,,,,
2951,Jessica Davis,2011,2,15,Female,12951,5.4,6.3,7.3,9.2,7A,Scholar,7,,85-82-65,science,,,,,,
2952,Thomas Martinez,2011,8,28,Male,12952,6.1,1.7,0.1,8.5,7B,Talent,7,dance,,,,,,,,
2953,Thomas Jones,2008,9,23,Male,12953,5.0,2.7,0.4,7.8,10C,Sports,10,,,,74.1,chess,,,,
2954,David Martinez,2011,3,16,Male,12954,0.3,6.1,8.4,10.0,7C,Sports,7,,,,88.6,cricket,,,,
2955,Susan Williams,2008,7,18,Female,12955,9.1,3.6,7.3,9.2,10B,Sports,10,,,,90.9,cricket,,,,
2956,Jessica Anderson,2008,8,15,Female,12956,3.7,1.1,3.7,7.5,10A,Sports,10,,,,77.1,chess,,,,
2957,Maria Davis,2007,12,21,Female,12957,4.0,2.4,5.1,7.2,11A,Sports,11,,,,70.0,cricket,,,,
2958,Laura Jones,2006,11,26,Female,12958,8.2,1.7,9.3,7.3,12A,Scholar,12,,92-91-57,mathematics,,,,,,
2959,Karen Martin,2008,5,22,Female,12959,4.0,4.2,5.3,6.6,10B,Sports,10,,,,60.9,chess,,,,
2960,Jennifer Jackson,2012,8,28,Female,12960,4.4,4.4,6.3,6.9,6A,Talent,6,singing,,,,,,,,
2961,Charles Smith,2010,4,5,Male,12961,2.1,2.3,4.7,8.4,8B,Scholar,8,,88-73-55,mathematics,,,,,,
2962,Christine Johnson,2006,1,10,Female,12962,5.8,8.9,4.1,10.0,12B,Scholar,12,,70-80-96,science,,,,,,
2963,Emma Anderson,2006,2,23,Female,12963,8.9,7.6,9.4,8.2,12C,Scholar,12,,57-75-100,science,,,,,,
2964,Mark Gonzalez,2006,4,5,Male,12964,8.5,4.1,5.2,8.1,12B,Scholar,12,,86-74-98,mathematics,,,,,,
2965,Elizabeth Taylor,2011,5,14,Female,12965,6.9,7.1,9.0,8.0,7B,Talent,7,singing,,,,,,,,
2966,John Taylor,2010,3,24,Male,12966,1.9,2.7,0.1,9.9,8C,Talent,8,dance,,,,,,,,
2967,Barbara Williams,2012,9,19,Female,12967,7.9,6.8,2.3,9.8,6B,Sports,6,,,,60.4,chess,,,,
2968,William Rodriguez,2012,3,26,Male,12968,7.8,3.1,7.5,7.2,6A,Sports,6,,,,91.9,cricket,,,,
2969,Samantha Lopez,2011,8,17,Female,12969,2.1,0.2,8.5,8.4,7B,Scholar,7,,89-71-64,science,,,,,,
2970,Daniel Taylor,2011,3,23,Male,12970,5.8,2.5,6.9,7.2,7A,Talent,7,dance,,,,,,,,
2971,Michael Jones,2010,12,17,Male,12971,4.6,0.6,7.4,9.5,8C,Scholar,8,,88-63-73,science,,,,,,
2972,Patricia Smith,2006,9,7,Female,12972,0.7,5.0,6.5,6.9,12B,Talent,12,singing,,,,,,,,
2973,Matthew Smith,2007,7,24,Male,12973,2.5,9.4,3.8,8.5,11A,Talent,11,dance,,,,,,,,
2974,Richard Johnson,2011,10,1,Male,12974,8.2,5.0,8.1,9.1,7A,Scholar,7,,82-58-89,mathematics,,,,,,
2975,Emma Williams,2007,7,2,Female,12975,3.9,2.9,2.0,6.3,11B,Sports,11,,,,58.9,chess,,,,
2976,David Jones,2010,5,3,Male,12976,0.2,1.1,8.1,9.1,8B,Scholar,8,,81-57-77,science,,,,,,
2977,Steven Jackson,2008,4,6,Male,12977,7.1,7.8,7.7,9.7,10A,Scholar,10,,88-69-74,mathematics,,,,,,
2978,Lisa Moore,2009,4,6,Female,12978,4.2,4.8,1.2,6.7,9C,Scholar,9,,68-53-93,mathematics,,,,,,
2979,Thomas Martin,2006,1,23,Male,12979,0.6,4.8,2.2,9.2,12A,Scholar,12,,52-93-66,science,,,,,,
2980,Steven Martin,2010,8,18,Male,12980,7.8,1.6,8.2,6.4,8B,Talent,8,dance,,,,,,,,
2981,Sarah Thomas,2010,8,27,Female,12981,5.6,3.5,5.2,7.2,8B,Scholar,8,,52-50-63,science,,,,,,
2982,Paul Martinez,2011,1,15,Male,12982,0.3,8.6,9.3,9.1,7B,Talent,7,singing,,,,,,,,
2983,Laura Moore,2012,12,8,Female,12983,2.3,8.0,8.0,9.6,6C,Sports,6,,,,53.1,cricket,,,,
2984,Sarah Lopez,2007,8,13,Female,12984,5.4,7.9,3.6,6.6,11A,Scholar,11,,59-60-72,mathematics,,,,,,
2985,Michael Smith,2006,5,14,Male,12985,0.6,0.3,1.6,7.8,12C,Sports,12,,,,59.7,chess,,,,
2986,Daniel Rodriguez,2006,12,27,Male,12986,3.7,5.1,3.4,7.9,12B,Scholar,12,,78-97-100,mathematics,,,,,,
2987,Sandra Martinez,2009,6,7,Female,12987,5.6,5.7,1.2,6.8,9A,Sports,9,,,,63.5,chess,,,,
2988,Daniel Taylor,2007,5,15,Male,12988,4.0,0.5,2.4,8.4,11B,Sports,11,,,,69.9,cricket,,,,
2989,Linda Williams,2007,11,15,Female,12989,1.9,3.0,7.1,7.4,11A,Scholar,11,,71-93-74,science,,,,,,
2990,Mary Anderson,2012,7,13,Female,12990,6.9,6.7,9.2,8.9,6B,Scholar,6,,59-82-62,science,,,,,,
2991,Thomas Rodriguez,2012,7,28,Male,12991,6.6,0.7,5.2,7.2,6A,Scholar,6,,56-65-67,science,,,,,,
2992,Donald Martinez,2008,7,4,Male,12992,8.3,0.7,1.5,8.5,10A,Scholar,10,,73-79-69,science,,,,,,
2993,Anna Jones,2008,9,6,Female,12993,3.9,6.7,0.4,9.5,10A,Sports,10,,,,94.2,cricket,,,,
2994,William Wilson,2007,10,15,Male,12994,5.7,8.8,5.2,8.2,11A,Sports,11,,,,64.4,cricket,,,,
2995,Patricia Johnson,2008,1,5,Female,12995,7.8,7.6,6.4,9.0,10C,Talent,10,drama,,,,,,,,
2996,James Brown,2012,1,21,Male,12996,6.0,4.5,9.4,7.7,6A,Talent,6,singing,,,,,,,,
2997,Karen Martinez,2009,6,3,Female,12997,5.2,1.1,3.0,8.7,9C,Talent,9,drama,,,,,,,,
2998,Richard Wilson,2007,6,27,Male,12998,0.2,2.9,9.2,6.2,11A,Talent,11,dance,,,,,,,,
2999,Maria Hernandez,2006,8,11,Female,12999,1.5,2.9,4.0,7.7,12B,Sports,12,,,,58.5,cricket,,,,
3000,George Gonzalez,2009,1,16,Male,13000,8.4,4.9,4.4,8.2,9A,Sports,9,,,,58.4,chess,,,,
3001,Christine Garcia,2008,11,19,Female,13001,0.2,7.4,8.3,7.6,10A,Talent,10,singing,,,,,,,,
3002,Emma Jackson,2010,4,26,Female,13002,0.2,9.1,7.9,7.7,8C,Sports,8,,,,64.3,cricket,,,,
3003,Joseph Taylor,2006,6,9,Male,13003,5.7,1.3,3.8,10.0,12B,Talent,12,drama,,,,,,,,
3004,Mary Wilson,2010,2,2,Female,13004,6.4,4.7,2.2,8.6,8C,Talent,8,dance,,,,,,,,
3005,Daniel Martinez,2010,9,5,Male,13005,2.6,3.0,1.0,9.1,8A,Talent,8,drama,,,,,,,,
3006,Steven Taylor,2007,8,20,Male,13006,3.8,8.9,0.9,8.9,11B,Sports,11,,,,52.0,cricket,,,,
3007,Karen Rodriguez,2007,7,12,Female,13007,9.4,6.5,1.2,6.1,11B,Sports,11,,,,66.5,cricket,,,,
3008,Anna Hernandez,2008,10,13,Female,13008,3.3,7.7,1.0,6.2,10B,Talent,10,dance,,,,,,,,
3009,Michelle Taylor,2007,2,7,Female,13009,7.2,4.7,5.6,6.3,11B,Talent,11,drama,,,,,,,,
3010,Paul Jackson,2007,2,12,Male,13010,7.8,2.2,7.0,7.6,11C,Talent,11,drama,,,,,,,,
3011,Laura Brown,2010,1,23,Female,13011,3.6,2.5,1.7,8.1,8B,Talent,8,dance,,,,,,,,
3012,William Lopez,2009,6,2,Male,13012,2.7,8.3,1.7,6.5,9C,Talent,9,drama,,,,,,,,
3013,Mark Williams,2007,12,9,Male,13013,1.6,6.9,8.7,7.1,11C,Scholar,11,,87-66-58,science,,,,,,
3014,Jessica Lopez,2006,3,14,Female,13014,2.4,7.3,3.2,7.5,12C,Talent,12,drama,,,,,,,,
3015,Karen Jackson,2008,3,26,Female,13015,2.0,6.6,0.5,7.4,10C,Sports,10,,,,69.9,chess,,,,
3016,Robert Thomas,2009,1,10,Male,13016,8.2,0.3,2.7,6.7,9B,Sports,9,,,,71.9,cricket,,,,
3017,Samantha Lopez,2010,3,22,Female,13017,4.6,5.1,2.8,9.7,8B,Sports,8,,,,57.4,cricket,,,,
3018,David Jackson,2011,9,6,Male,13018,9.4,7.2,3.6,8.6,7A,Scholar,7,,75-89-77,mathematics,,,,,,
3019,Samantha Garcia,2012,5,5,Female,13019,1.1,9.5,9.3,9.2,6C,Talent,6,singing,,,,,,,,
3020,George Garcia,2011,6,16,Male,13020,5.4,6.7,0.7,7.5,7A,Talent,7,drama,,,,,,,,
3021,Sarah Davis,2008,12,11,Female,13021,3.6,0.4,3.4,8.5,10B,Talent,10,drama,,,,,,,,
3022,Barbara Martin,2008,10,26,Female,13022,4.1,4.0,0.8,7.4,10A,Sports,10,,,,70.9,chess,,,,
3023,Andrew Jones,2011,6,3,Male,13023,5.9,2.6,6.0,8.1,7A,Scholar,7,,74-62-69,mathematics,,,,,,
3024,Richard Lopez,2008,9,23,Male,13024,8.7,0.1,4.8,8.1,10A,Scholar,10,,85-83-50,mathematics,,,,,,
3025,Charles Anderson,2006,7,14,Male,13025,0.4,3.7,2.4,8.6,12B,Sports,12,,,,73.4,chess,,,,
3026,Lisa Jones,2012,1,13,Female,13026,9.4,0.3,2.0,6.8,6C,Talent,6,singing,,,,,,,,
3027,Andrew Martin,2006,11,12,Male,13027,4.9,2.4,2.7,6.9,12C,Talent,12,singing,,,,,,,,
3028,Donald Garcia,2010,6,25,Male,13028,8.8,7.1,8.5,7.7,8A,Talent,8,dance,,,,,,,,
3029,Christine Hernandez,2010,8,1,Female,13029,4.0,7.7,2.1,7.7,8B,Scholar,8,,71-71-92,science,,,,,,
3030,Daniel Moore,2006,9,8,Male,13030,0.6,2.8,0.2,8.3,12A,Talent,12,dance,,,,,,,,
3031,Joseph Taylor,2010,1,19,Male,13031,6.4,1.0,4.4,8.2,8B,Scholar,8,,77-64-80,science,,,,,,
3032,Susan Williams,2008,1,16,Female,13032,7.3,0.9,8.5,9.4,10A,Sports,10,,,,97.0,chess,,,,
3033,Patricia Lopez,2007,3,24,Female,13033,3.4,4.4,4.4,7.6,11B,Talent,11,drama,,,,,,,,
3034,Sandra Davis,2009,4,21,Female,13034,0.4,6.7,8.2,6.6,9B,Scholar,9,,79-52-79,science,,,,,,
3035,Anthony Thomas,2008,3,17,Male,13035,9.4,5.7,0.7,9.8,10A,Talent,10,drama,,,,,,,,
3036,Maria Martinez,2006,4,17,Female,13036,3.5,8.0,5.0,9.5,12A,Scholar,12,,88-72-50,science,,,,,,
3037,Sarah Jones,2009,12,26,Female,13037,4.7,4.4,5.4,7.9,9C,Sports,9,,,,69.9,chess,,,,
3038,Lisa Wilson,2010,6,18,Female,13038,5.8,2.2,6.3,6.4,8A,Sports,8,,,,50.9,chess,,,,
3039,Susan Hernandez,2007,7,13,Female,13039,5.2,0.0,3.3,9.6,11C,Scholar,11,,99-63-91,science,,,,,,
3040,James Davis,2009,11,4,Male,13040,1.8,0.3,1.9,7.6,9C,Scholar,9,,51-74-60,mathematics,,,,,,
3041,Mark Lopez,2011,8,18,Male,13041,3.0,2.5,6.8,7.1,7A,Talent,7,dance,,,,,,,,
3042,David Garcia,2007,2,19,Male,13042,5.0,4.4,4.3,7.0,11C,Talent,11,drama,,,,,,,,
3043,Richard Moore,2007,4,6,Male,13043,9.0,0.5,2.7,6.1,11C,Scholar,11,,59-82-61,mathematics,,,,,,
3044,Steven Taylor,2007,8,24,Male,13044,0.4,7.8,8.0,8.2,11C,Sports,11,,,,93.8,chess,,,,
3045,Barbara Wilson,2008,12,17,Female,13045,4.1,5.3,0.5,6.6,10C,Talent,10,singing,,,,,,,,
3046,Patricia Davis,2011,2,1,Female,13046,3.1,6.3,2.0,7.1,7B,Scholar,7,,79-91-99,mathematics,,,,,,
3047,Charles Martinez,2011,10,25,Male,13047,1.9,4.8,4.3,9.9,7C,Talent,7,drama,,,,,,,,
3048,Michelle Lopez,2007,4,11,Female,13048,6.8,8.5,8.9,9.9,11B,Scholar,11,,93-62-90,science,,,,,,
3049,Michelle Jones,2006,7,19,Female,13049,7.6,7.5,6.4,6.1,12C,Scholar,12,,87-87-65,science,,,,,,
3050,Laura Moore,2012,4,21,Female,13050,0.3,6.0,1.1,9.2,6B,Sports,6,,,,67.1,chess,,,,
3051,Sarah Rodriguez,2009,9,7,Female,13051,0.9,5.2,8.7,7.5,9C,Scholar,9,,62-80-100,mathematics,,,,,,
3052,Paul Moore,2009,5,10,Male,13052,2.1,3.4,2.7,7.4,9B,Talent,9,drama,,,,,,,,
3053,Mark Wilson,2011,10,20,Male,13053,2.7,6.2,1.2,6.7,7B,Sports,7,,,,85.5,chess,,,,
3054,Anthony Brown,2010,8,26,Male,13054,8.1,8.0,3.9,7.3,8B,Talent,8,drama,,,,,,,,
3055,David Hernandez,2007,12,27,Male,13055,1.8,0.6,8.8,6.0,11A,Sports,11,,,,97.4,chess,,,,
3056,Barbara Williams,2012,1,2,Female,13056,5.3,8.6,3.3,8.6,6A,Talent,6,drama,,,,,,,,
3057,Anthony Hernandez,2008,5,5,Male,13057,1.9,9.1,4.5,9.2,10C,Sports,10,,,,87.6,chess,,,,
3058,Elizabeth Davis,2012,5,3,Female,13058,0.9,3.2,3.9,8.8,6A,Sports,6,,,,79.9,chess,,,,
3059,Thomas Brown,2009,10,7,Male,13059,8.6,8.7,8.1,8.0,9B,Sports,9,,,,76.2,cricket,,,,
3060,David Smith,2011,2,15,Male,13060,0.7,4.3,4.7,7.1,7B,Talent,7,dance,,,,,,,,
3061,Mary Hernandez,2012,3,6,Female,13061,4.4,0.8,9.3,7.9,6C,Sports,6,,,,85.6,cricket,,,,
3062,Thomas Martin,2010,10,25,Male,13062,4.9,4.9,7.9,6.5,8A,Talent,8,singing,,,,,,,,
3063,Steven Miller,2012,6,25,Male,13063,6.7,7.0,2.5,7.4,6B,Scholar,6,,98-56-78,science,,,,,,
3064,Lisa Anderson,2010,10,28,Female,13064,0.3,0.7,2.3,7.4,8B,Talent,8,dance,,,,,,,,
3065,Sarah Davis,2008,8,18,Female,13065,4.6,5.1,0.6,7.7,10B,Scholar,10,,70-96-94,mathematics,,,,,,
3066,George Johnson,2006,11,9,Male,13066,8.7,7.7,3.8,7.2,12C,Scholar,12,,59-57-51,mathematics,,,,,,
3067,Donald Taylor,2008,11,23,Male,13067,8.4,5.5,2.9,7.2,10C,Talent,10,drama,,,,,,,,
3068,Christine Johnson,2012,7,11,Female,13068,1.9,8.8,5.5,9.2,6A,Scholar,6,,63-81-100,science,,,,,,
3069,Paul Jones,2009,4,26,Male,13069,5.3,6.8,7.1,7.1,9A,Scholar,9,,92-79-97,science,,,,,,
3070,Paul Anderson,2008,7,15,Male,13070,9.4,1.9,1.2,7.9,10B,Sports,10,,,,89.3,cricket,,,,
3071,Michelle Hernandez,2009,7,17,Female,13071,7.8,2.0,9.1,6.6,9A,Talent,9,drama,,,,,,,,
3072,Donald Rodriguez,2007,3,13,Male,13072,2.7,1.1,1.7,9.4,11C,Sports,11,,,,92.1,chess,,,,
3073,Emma Thomas,2011,6,18,Female,13073,5.1,6.7,2.9,6.5,7A,Scholar,7,,82-90-55,science,,,,,,
3074,Donald Davis,2011,12,1,Male,13074,4.4,4.4,8.9,7.2,7C,Scholar,7,,74-59-60,mathematics,,,,,,
3075,Jessica Jackson,2007,9,10,Female,13075,1.4,3.6,7.7,8.0,11A,Scholar,11,,81-77-94,science,,,,,,
3076,Jessica Garcia,2011,2,4,Female,13076,7.6,6.6,5.4,8.1,7B,Sports,7,,,,81.8,cricket,,,,
3077,David Hernandez,2012,5,7,Male,13077,3.9,8.0,1.1,8.8,6A,Sports,6,,,,55.7,cricket,,,,
3078,Samantha Miller,2011,9,26,Female,13078,8.4,7.2,1.8,7.8,7A,Talent,7,dance,,,,,,,,
3079,William Thomas,2007,10,1,Male,13079,3.7,3.0,3.1,8.1,11C,Talent,11,dance,,,,,,,,
3080,Samantha Smith,2008,7,3,Female,13080,4.8,6.2,4.6,7.7,10B,Talent,10,singing,,,,,,,,
3081,Christine Hernandez,2008,6,7,Female,13081,3.9,1.0,6.5,6.2,10A,Scholar,10,,79-76-82,science,,,,,,
3082,Daniel Smith,2012,12,18,Male,13082,3.5,4.4,6.1,9.8,6C,Talent,6,singing,,,,,,,,
3083,Donald Jones,2007,7,7,Male,13083,6.1,0.4,2.1,6.6,11C,Sports,11,,,,59.5,cricket,,,,
3084,Emma Hernandez,2006,9,26,Female,13084,2.5,4.9,7.8,9.4,12C,Talent,12,drama,,,,,,,,
3085,Charles Jackson,2009,6,4,Male,13085,6.0,0.5,1.5,8.8,9C,Sports,9,,,,94.5,cricket,,,,
3086,George Gonzalez,2008,5,18,Male,13086,0.1,8.5,0.5,6.2,10B,Sports,10,,,,93.6,chess,,,,
3087,John Moore,2008,9,3,Male,13087,4.7,5.9,3.1,9.1,10B,Sports,10,,,,75.2,cricket,,,,
3088,Joseph Hernandez,2011,11,11,Male,13088,8.1,2.4,2.8,7.2,7C,Talent,7,dance,,,,,,,,
3089,Emma Jones,2009,6,22,Female,13089,2.7,1.2,8.8,6.2,9B,Scholar,9,,91-94-96,mathematics,,,,,,
3090,Steven Davis,2010,6,16,Male,13090,5.5,9.0,4.8,7.3,8B,Sports,8,,,,54.2,chess,,,,
3091,Robert Hernandez,2009,2,4,Male,13091,8.8,0.1,5.2,9.7,9B,Talent,9,singing,,,,,,,,
3092,Elizabeth Hernandez,2008,1,18,Female,13092,5.3,4.6,7.1,7.0,10C,Talent,10,drama,,,,,,,,
3093,Sandra Garcia,2012,1,19,Female,13093,5.5,5.1,8.9,6.4,6C,Scholar,6,,94-75-83,science,,,,,,
3094,Barbara Smith,2008,3,25,Female,13094,3.8,7.3,2.4,8.5,10C,Talent,10,dance,,,,,,,,
3095,Steven Taylor,2012,7,2,Male,13095,7.9,3.8,8.4,8.3,6B,Sports,6,,,,92.8,cricket,,,,
3096,Maria Jones,2012,9,2,Female,13096,4.1,2.5,4.5,7.1,6A,Talent,6,dance,,,,,,,,
3097,Daniel Brown,2007,6,18,Male,13097,1.3,3.3,2.7,8.4,11C,Sports,11,,,,66.0,cricket,,,,
3098,Lisa Davis,2006,12,17,Female,13098,3.7,4.3,9.4,8.1,12C,Sports,12,,,,72.3,chess,,,,
3099,Karen Rodriguez,2010,6,13,Female,13099,0.8,3.7,5.2,9.4,8A,Sports,8,,,,61.0,chess,,,,
3100,Patricia Gonzalez,2011,11,26,Female,13100,3.2,4.8,6.5,6.4,7B,Talent,7,singing,,,,,,,,
3101,Helen Hernandez,2008,1,3,Female,13101,5.6,2.6,9.3,7.3,10B,Scholar,10,,71-56-76,science,,,,,,
3102,Anthony Taylor,2009,8,27,Male,13102,1.4,5.1,8.0,7.9,9B,Sports,9,,,,55.3,chess,,,,
3103,Patricia Moore,2009,5,27,Female,13103,3.1,4.6,7.8,9.9,9B,Scholar,9,,51-96-85,science,,,,,,
3104,Anna Rodriguez,2006,4,13,Female,13104,9.3,2.5,2.7,8.5,12A,Talent,12,dance,,,,,,,,
3105,Mark Davis,2010,10,8,Male,13105,4.0,9.3,0.2,8.7,8A,Sports,8,,,,79.4,cricket,,,,
3106,George Miller,2007,12,17,Male,13106,2.6,5.5,0.0,6.2,11C,Scholar,11,,93-98-68,science,,,,,,
3107,Susan Jackson,2009,6,13,Female,13107,1.5,5.7,6.4,9.9,9B,Talent,9,dance,,,,,,,,
3108,Mary Davis,2007,10,8,Female,13108,8.1,8.3,5.2,6.8,11C,Talent,11,singing,,,,,,,,
3109,Patricia Lopez,2007,7,16,Female,13109,5.0,1.6,3.2,9.2,11C,Sports,11,,,,73.7,cricket,,,,
3110,Laura Anderson,2012,11,16,Female,13110,1.0,8.0,5.5,8.5,6B,Sports,6,,,,61.7,chess,,,,
3111,Emma Wilson,2008,9,5,Female,13111,3.1,6.5,9.1,7.6,10B,Talent,10,singing,,,,,,,,
3112,Patricia Jackson,2011,11,1,Female,13112,9.1,0.5,4.6,6.5,7B,Scholar,7,,71-80-73,science,,,,,,
3113,Michael Smith,2009,1,6,Male,13113,6.1,3.3,4.3,9.3,9A,Talent,9,dance,,,,,,,,
3114,Kenneth Davis,2012,6,23,Male,13114,2.9,1.9,5.7,10.0,6B,Sports,6,,,,84.3,cricket,,,,
3115,Michelle Williams,2010,7,28,Female,13115,3.6,3.4,4.4,6.4,8C,Talent,8,drama,,,,,,,,
3116,Samantha Jones,2006,1,20,Female,13116,2.8,5.9,6.9,6.8,12B,Sports,12,,,,58.7,cricket,,,,
3117,Thomas Rodriguez,2011,12,3,Male,13117,3.2,8.3,0.0,7.1,7B,Scholar,7,,74-92-91,science,,,,,,
3118,Donald Wilson,2011,6,2,Male,13118,5.4,7.8,5.6,7.4,7B,Talent,7,drama,,,,,,,,
3119,Robert Miller,2011,3,2,Male,13119,3.1,5.6,6.9,9.5,7C,Scholar,7,,74-62-63,mathematics,,,,,,
3120,Jennifer Rodriguez,2011,1,28,Female,13120,7.5,6.3,8.1,8.8,7C,Scholar,7,,100-72-53,mathematics,,,,,,
3121,Robert Martinez,2010,10,20,Male,13121,5.3,4.9,0.7,7.4,8A,Sports,8,,,,94.2,chess,,,,
3122,Mary Martinez,2007,5,4,Female,13122,1.9,8.3,8.3,8.9,11A,Sports,11,,,,57.6,chess,,,,
3123,Mary Hernandez,2010,4,16,Female,13123,1.1,0.5,4.9,8.8,8B,Sports,8,,,,52.9,chess,,,,
3124,Sarah Lopez,2012,11,7,Female,13124,6.0,6.9,7.3,8.6,6B,Sports,6,,,,76.9,cricket,,,,
3125,Karen Anderson,2012,1,28,Female,13125,7.0,2.1,7.5,10.0,6B,Sports,6,,,,72.5,cricket,,,,
3126,Elizabeth Lopez,2009,5,28,Female,13126,6.3,7.5,5.4,9.0,9C,Sports,9,,,,90.0,cricket,,,,
3127,Karen Martin,2008,10,9,Female,13127,4.7,4.4,5.9,9.3,10C,Scholar,10,,89-97-79,science,,,,,,
3128,Charles Davis,2012,2,25,Male,13128,2.1,6.6,6.8,6.4,6A,Scholar,6,,100-74-91,science,,,,,,
3129,James Rodriguez,2009,6,13,Male,13129,6.6,1.3,9.5,7.6,9B,Scholar,9,,94-64-50,science,,,,,,
3130,Emma Williams,2010,4,4,Female,13130,4.0,4.3,2.6,6.9,8C,Scholar,8,,59-51-95,mathematics,,,,,,
3131,Mark Lopez,2009,7,8,Male,13131,3.5,8.2,5.7,7.8,9A,Talent,9,dance,,,,,,,,
3132,Christine Hernandez,2012,9,11,Female,13132,5.0,6.6,7.1,10.0,6C,Sports,6,,,,80.4,chess,,,,
3133,Sandra Garcia,2009,3,16,Female,13133,6.3,7.9,5.2,9.4,9B,Scholar,9,,64-90-63,mathematics,,,,,,
3134,Christine Miller,2009,8,22,Female,13134,4.4,5.7,8.8,9.4,9B,Sports,9,,,,81.0,cricket,,,,
3135,Sarah Moore,2007,12,15,Female,13135,1.8,1.2,2.4,8.7,11C,Sports,11,,,,54.6,chess,,,,
3136,Anthony Miller,2010,1,20,Male,13136,3.9,1.7,2.8,7.1,8B,Sports,8,,,,95.5,chess,,,,
3137,Anthony Hernandez,2008,5,4,Male,13137,2.5,2.0,5.3,7.2,10B,Sports,10,,,,53.9,chess,,,,
3138,John Miller,2008,5,6,Male,13138,9.2,5.5,5.2,8.9,10A,Sports,10,,,,68.1,chess,,,,
3139,Helen Martin,2008,11,5,Female,13139,0.5,0.8,5.6,9.2,10B,Talent,10,singing,,,,,,,,
3140,David Smith,2007,3,14,Male,13140,8.5,8.7,9.2,6.1,11C,Scholar,11,,72-58-77,science,,,,,,
3141,Matthew Garcia,2007,6,24,Male,13141,6.9,2.8,2.4,6.5,11B,Talent,11,singing,,,,,,,,
3142,Steven Miller,2006,7,14,Male,13142,0.4,6.1,9.0,8.1,12C,Sports,12,,,,85.8,chess,,,,
3143,Sarah Davis,2010,2,1,Female,13143,3.4,2.7,0.0,9.7,8B,Sports,8,,,,67.7,cricket,,,,
3144,Joseph Garcia,2012,5,8,Male,13144,1.8,9.3,4.2,9.0,6A,Sports,6,,,,75.3,cricket,,,,
3145,Barbara Jackson,2008,8,28,Female,13145,1.5,8.8,5.6,8.1,10B,Sports,10,,,,69.1,chess,,,,
3146,Richard Garcia,2006,11,13,Male,13146,6.1,0.1,6.0,7.4,12B,Talent,12,dance,,,,,,,,
3147,Michael Jackson,2008,4,13,Male,13147,0.1,7.5,8.6,7.5,10B,Sports,10,,,,74.8,cricket,,,,
3148,Barbara Smith,2008,2,12,Female,13148,7.7,3.8,0.4,6.1,10A,Scholar,10,,83-96-92,mathematics,,,,,,
3149,Michael Jones,2012,10,23,Male,13149,3.0,9.4,1.4,6.9,6C,Scholar,6,,94-80-55,mathematics,,,,,,
3150,Joseph Wilson,2012,9,2,Male,13150,2.8,9.0,8.0,9.4,6B,Sports,6,,,,94.0,cricket,,,,
3151,Mary Miller,2011,10,16,Female,13151,3.2,0.5,0.9,9.5,7A,Talent,7,singing,,,,,,,,
3152,George Martinez,2011,5,15,Male,13152,0.1,8.4,1.1,7.9,7B,Talent,7,drama,,,,,,,,
3153,Maria Taylor,2010,10,12,Female,13153,8.4,8.0,3.8,8.8,8B,Talent,8,singing,,,,,,,,
3154,Christine Williams,2007,10,27,Female,13154,2.9,5.4,8.3,7.0,11C,Sports,11,,,,96.2,chess,,,,
3155,Richard Garcia,2009,12,5,Male,13155,1.3,7.3,7.4,7.0,9B,Talent,9,dance,,,,,,,,
3156,Patricia Davis,2007,12,18,Female,13156,7.4,5.9,3.6,6.5,11A,Scholar,11,,76-70-99,science,,,,,,
3157,Michael Rodriguez,2008,12,20,Male,13157,3.6,5.6,7.6,8.1,10A,Sports,10,,,,50.6,cricket,,,,
3158,Patricia Williams,2010,10,2,Female,13158,0.4,2.9,6.5,7.8,8A,Talent,8,dance,,,,,,,,
3159,Helen Lopez,2007,5,18,Female,13159,1.3,2.1,9.0,9.3,11C,Scholar,11,,99-55-78,science,,,,,,
3160,Donald Brown,2011,1,24,Male,13160,1.4,9.3,5.1,9.7,7B,Scholar,7,,89-69-52,science,,,,,,
3161,David Anderson,2011,10,8,Male,13161,8.4,2.2,0.5,9.8,7C,Scholar,7,,80-100-77,mathematics,,,,,,
3162,Susan Thomas,2009,12,7,Female,13162,7.9,8.0,5.3,9.4,9B,Scholar,9,,56-74-95,mathematics,,,,,,
3163,Anna Jones,2011,7,19,Female,13163,1.2,3.3,0.5,7.3,7B,Talent,7,singing,,,,,,,,
3164,Susan Miller,2009,8,2,Female,13164,7.1,1.8,8.4,7.6,9C,Talent,9,singing,,,,,,,,
3165,Thomas Rodriguez,2011,10,22,Male,13165,3.7,0.4,9.4,7.3,7A,Sports,7,,,,71.3,chess,,,,
3166,Steven Jackson,2010,6,14,Male,13166,5.2,1.8,0.7,7.4,8B,Scholar,8,,73-51-93,mathematics,,,,,,
3167,Samantha Williams,2008,10,25,Female,13167,8.0,1.8,6.8,8.4,10C,Scholar,10,,96-100-58,mathematics,,,,,,
3168,Jessica Garcia,2010,1,1,Female,13168,6.0,7.6,2.4,6.5,8A,Sports,8,,,,65.1,cricket,,,,
3169,Donald Miller,2011,6,3,Male,13169,6.9,1.3,6.7,8.8,7A,Scholar,7,,88-94-66,mathematics,,,,,,
3170,Linda Miller,2008,11,4,Female,13170,1.2,7.1,1.2,9.8,10A,Talent,10,dance,,,,,,,,
3171,Joseph Martinez,2009,6,25,Male,13171,6.2,2.4,4.9,7.6,9C,Talent,9,singing,,,,,,,,
3172,Samantha Hernandez,2009,12,21,Female,13172,0.0,5.3,5.0,6.9,9A,Scholar,9,,97-97-64,mathematics,,,,,,
3173,Linda Hernandez,2009,3,8,Female,13173,6.7,9.2,1.5,6.4,9C,Scholar,9,,66-63-97,mathematics,,,,,,
3174,Emma Miller,2007,6,27,Female,13174,3.3,4.8,6.7,7.2,11A,Talent,11,singing,,,,,,,,
3175,Paul Wilson,2012,4,17,Male,13175,3.3,6.7,2.7,9.3,6B,Sports,6,,,,58.5,chess,,,,
3176,Karen Wilson,2009,8,19,Female,13176,1.5,3.0,9.3,7.1,9B,Sports,9,,,,88.2,cricket,,,,
3177,James Moore,2009,10,24,Male,13177,4.9,3.8,8.0,7.6,9B,Sports,9,,,,53.8,chess,,,,
3178,Daniel Rodriguez,2010,12,13,Male,13178,2.8,9.4,3.8,7.4,8B,Talent,8,dance,,,,,,,,
3179,Helen Martin,2009,5,2,Female,13179,7.2,5.7,5.0,7.1,9A,Sports,9,,,,97.7,chess,,,,
3180,David Gonzalez,2009,9,27,Male,13180,1.2,4.3,8.0,8.5,9C,Talent,9,singing,,,,,,,,
3181,Barbara Lopez,2010,5,27,Female,13181,2.9,9.0,4.9,9.6,8A,Talent,8,dance,,,,,,,,
3182,Mary Miller,2009,7,23,Female,13182,3.0,1.3,8.3,8.4,9C,Scholar,9,,70-99-80,mathematics,,,,,,
3183,Samantha Smith,2009,6,10,Female,13183,8.4,7.6,4.2,6.9,9B,Scholar,9,,64-68-60,science,,,,,,
3184,Jessica Martin,2012,3,1,Female,13184,2.6,0.8,6.1,9.0,6A,Scholar,6,,83-70-92,mathematics,,,,,,
3185,Karen Jones,2012,6,23,Female,13185,9.4,0.7,3.1,6.6,6B,Talent,6,singing,,,,,,,,
3186,Samantha Davis,2010,5,24,Female,13186,1.3,6.5,0.7,8.8,8C,Talent,8,dance,,,,,,,,
3187,Patricia Hernandez,2008,5,28,Female,13187,7.2,5.6,8.3,7.2,10A,Scholar,10,,71-98-57,science,,,,,,
3188,Paul Davis,2011,3,16,Male,13188,9.2,6.9,7.2,7.1,7A,Talent,7,dance,,,,,,,,
3189,Linda Anderson,2011,7,12,Female,13189,4.6,7.1,8.8,7.0,7B,Sports,7,,,,81.3,chess,,,,
3190,Laura Martin,2008,7,3,Female,13190,5.5,0.9,0.6,6.0,10C,Sports,10,,,,67.1,chess,,,,
3191,Jennifer Jackson,2012,4,13,Female,13191,8.4,5.5,7.8,8.9,6C,Scholar,6,,50-62-55,science,,,,,,
3192,John Davis,2007,4,17,Male,13192,6.5,4.1,9.0,8.5,11B,Talent,11,singing,,,,,,,,
3193,David Johnson,2006,9,1,Male,13193,0.2,3.2,5.2,8.5,12C,Scholar,12,,90-73-96,mathematics,,,,,,
3194,Jessica Hernandez,2010,1,23,Female,13194,7.9,2.0,4.6,9.5,8B,Scholar,8,,88-83-78,mathematics,,,,,,
3195,Patricia Smith,2007,8,16,Female,13195,5.3,7.5,6.2,6.3,11B,Scholar,11,,88-62-72,science,,,,,,
3196,David Davis,2012,12,24,Male,13196,2.9,5.7,3.8,6.2,6C,Scholar,6,,99-59-80,science,,,,,,
3197,Sandra Taylor,2008,10,15,Female,13197,8.4,3.3,6.8,7.9,10A,Scholar,10,,55-88-63,mathematics,,,,,,
3198,Laura Taylor,2008,9,8,Female,13198,7.6,1.2,3.9,8.3,10A,Talent,10,dance,,,,,,,,
3199,Karen Wilson,2012,6,20,Female,13199,9.4,8.8,2.6,7.8,6A,Sports,6,,,,75.8,cricket,,,,
3200,Jennifer Anderson,2006,4,1,Female,13200,3.3,7.4,6.2,8.9,12B,Sports,12,,,,59.2,cricket,,,,
3201,Samantha Brown,2006,4,5,Female,13201,6.1,5.2,1.4,8.7,12C,Sports,12,,,,88.3,chess,,,,
3202,Barbara Martinez,2007,11,4,Female,13202,1.7,0.0,0.3,6.4,11A,Sports,11,,,,54.9,chess,,,,
3203,Richard Taylor,2008,12,20,Male,13203,5.1,9.2,4.1,7.1,10B,Sports,10,,,,88.0,chess,,,,
3204,Susan Davis,2012,7,11,Female,13204,4.4,8.1,7.6,9.3,6B,Sports,6,,,,61.8,cricket,,,,
3205,Michelle Brown,2011,5,2,Female,13205,2.3,1.0,8.2,9.9,7C,Talent,7,singing,,,,,,,,
3206,Richard Williams,2007,4,6,Male,13206,3.7,4.8,3.1,6.5,11B,Scholar,11,,56-84-85,mathematics,,,,,,
3207,Daniel Wilson,2006,2,21,Male,13207,1.3,5.5,4.9,7.5,12B,Sports,12,,,,51.3,cricket,,,,
3208,Susan Garcia,2008,6,13,Female,13208,0.3,1.3,6.6,9.7,10B,Sports,10,,,,76.1,cricket,,,,
3209,Donald Johnson,2008,11,24,Male,13209,5.0,7.7,8.0,9.2,10B,Sports,10,,,,72.9,chess,,,,
3210,Thomas Rodriguez,2006,12,27,Male,13210,0.5,1.9,0.9,6.7,12A,Talent,12,singing,,,,,,,,
3211,Barbara Anderson,2006,1,23,Female,13211,1.2,4.3,2.6,6.9,12A,Talent,12,drama,,,,,,,,
3212,Helen Moore,2007,11,6,Female,13212,0.6,7.0,2.9,9.0,11A,Scholar,11,,84-69-92,science,,,,,,
3213,Daniel Martinez,2009,5,24,Male,13213,7.8,7.5,7.8,7.4,9A,Talent,9,dance,,,,,,,,
3214,Paul Jones,2012,4,6,Male,13214,6.0,7.7,0.2,7.8,6A,Sports,6,,,,86.7,cricket,,,,
3215,Samantha Taylor,2009,3,27,Female,13215,3.3,6.9,5.8,7.1,9B,Sports,9,,,,55.6,cricket,,,,
3216,Helen Jones,2011,3,5,Female,13216,3.2,5.7,4.7,6.7,7B,Sports,7,,,,82.2,chess,,,,
3217,Matthew Wilson,2007,4,1,Male,13217,6.3,0.2,9.0,6.7,11C,Talent,11,drama,,,,,,,,
3218,Daniel Lopez,2009,3,14,Male,13218,2.4,1.3,5.9,7.9,9A,Sports,9,,,,88.2,chess,,,,
3219,Anthony Wilson,2012,5,25,Male,13219,0.3,6.1,6.1,7.8,6A,Scholar,6,,66-75-81,mathematics,,,,,,
3220,Andrew Williams,2008,12,3,Male,13220,8.0,8.8,2.8,6.3,10B,Scholar,10,,58-63-75,mathematics,,,,,,
3221,Samantha Davis,2010,10,17,Female,13221,6.5,9.0,8.5,9.9,8B,Scholar,8,,60-69-74,science,,,,,,
3222,Mary Brown,2007,1,14,Female,13222,2.9,3.1,9.2,7.0,11B,Talent,11,singing,,,,,,,,
3223,Michelle Brown,2010,10,7,Female,13223,7.8,2.9,0.2,8.8,8B,Scholar,8,,86-80-93,mathematics,,,,,,
3224,David Johnson,2010,6,12,Male,13224,4.5,5.3,5.1,6.4,8A,Scholar,8,,58-95-79,science,,,,,,
3225,John Williams,2009,6,14,Male,13225,8.7,3.3,1.3,8.5,9C,Scholar,9,,94-74-69,science,,,,,,
3226,Christine Johnson,2011,12,7,Female,13226,0.2,7.2,9.5,10.0,7A,Scholar,7,,64-62-90,mathematics,,,,,,
3227,Linda Brown,2008,11,20,Female,13227,5.7,5.0,8.6,7.6,10B,Talent,10,singing,,,,,,,,
3228,Sarah Miller,2007,8,17,Female,13228,6.6,3.3,3.8,8.0,11B,Talent,11,singing,,,,,,,,
3229,Thomas Miller,2011,9,23,Male,13229,9.5,2.8,4.2,7.2,7C,Scholar,7,,59-50-74,mathematics,,,,,,
3230,John Lopez,2012,10,19,Male,13230,0.4,8.5,0.4,9.9,6C,Talent,6,singing,,,,,,,,
3231,George Rodriguez,2006,7,16,Male,13231,1.3,4.5,5.7,8.7,12C,Scholar,12,,68-89-79,science,,,,,,
3232,Jennifer Wilson,2008,4,4,Female,13232,2.5,1.0,3.0,7.0,10B,Sports,10,,,,51.5,cricket,,,,
3233,Michael Davis,2012,12,8,Male,13233,0.5,8.4,8.7,7.1,6A,Talent,6,drama,,,,,,,,
3234,Barbara Moore,2010,3,22,Female,13234,6.5,3.6,3.4,8.6,8C,Scholar,8,,51-62-56,mathematics,,,,,,
3235,Karen Brown,2010,1,17,Female,13235,6.4,2.4,3.8,7.3,8A,Scholar,8,,59-82-100,mathematics,,,,,,
3236,Linda Williams,2011,2,16,Female,13236,8.8,0.7,7.6,7.5,7A,Scholar,7,,58-78-80,science,,,,,,
3237,Linda Thomas,2009,12,16,Female,13237,1.7,7.8,8.0,7.6,9C,Scholar,9,,67-84-98,science,,,,,,
3238,Samantha Rodriguez,2011,10,17,Female,13238,9.1,5.1,5.7,9.5,7C,Sports,7,,,,94.9,cricket,,,,
3239,Daniel Gonzalez,2011,5,2,Male,13239,0.8,4.2,8.2,9.0,7C,Scholar,7,,87-82-63,science,,,,,,
3240,James Lopez,2012,12,9,Male,13240,1.8,0.6,4.5,8.7,6B,Scholar,6,,90-77-86,mathematics,,,,,,
3241,Emma Martinez,2009,4,14,Female,13241,3.0,3.6,4.3,8.8,9B,Talent,9,drama,,,,,,,,
3242,Thomas Thomas,2011,5,16,Male,13242,4.3,9.1,4.5,9.2,7C,Talent,7,singing,,,,,,,,
3243,Robert Martinez,2012,5,12,Male,13243,5.9,3.2,5.5,8.3,6C,Talent,6,drama,,,,,,,,
3244,Sandra Miller,2011,1,24,Female,13244,8.6,8.9,2.5,8.5,7B,Sports,7,,,,74.1,chess,,,,
3245,Joseph Thomas,2006,1,21,Male,13245,6.1,6.5,3.4,7.8,12B,Scholar,12,,68-77-57,mathematics,,,,,,
3246,Mark Miller,2010,8,15,Male,13246,6.4,9.3,2.4,6.9,8B,Sports,8,,,,65.1,cricket,,,,
3247,George Jackson,2009,2,15,Male,13247,2.8,3.6,6.9,6.7,9A,Scholar,9,,50-63-85,mathematics,,,,,,
3248,Michael Martinez,2007,11,19,Male,13248,7.6,8.3,0.8,9.1,11B,Sports,11,,,,77.0,chess,,,,
3249,William Miller,2010,2,16,Male,13249,2.3,3.7,5.0,9.7,8C,Scholar,8,,69-82-65,science,,,,,,
3250,Linda Taylor,2011,4,13,Female,13250,6.5,3.6,4.6,8.6,7A,Scholar,7,,82-70-87,science,,,,,,
3251,Laura Anderson,2012,7,2,Female,13251,2.3,4.8,0.8,7.0,6A,Scholar,6,,95-60-53,science,,,,,,
3252,George Miller,2012,5,22,Male,13252,4.5,5.2,4.7,6.6,6B,Talent,6,singing,,,,,,,,
3253,William Smith,2010,10,28,Male,13253,7.9,7.4,5.4,7.6,8A,Talent,8,singing,,,,,,,,
3254,Jennifer Johnson,2010,7,14,Female,13254,8.6,1.6,3.0,7.0,8B,Talent,8,dance,,,,,,,,
3255,James Jones,2009,9,22,Male,13255,8.9,3.9,8.0,9.6,9C,Sports,9,,,,62.1,chess,,,,
3256,Charles Jackson,2009,5,18,Male,13256,0.2,8.4,8.6,6.1,9B,Talent,9,singing,,,,,,,,
3257,Matthew Garcia,2010,7,16,Male,13257,5.4,7.6,0.4,9.5,8B,Sports,8,,,,71.3,cricket,,,,
3258,Jennifer Lopez,2012,1,23,Female,13258,1.5,8.6,6.5,8.7,6C,Scholar,6,,98-84-50,science,,,,,,
3259,Mark Williams,2006,9,21,Male,13259,5.6,1.4,1.1,9.4,12B,Sports,12,,,,73.1,cricket,,,,
3260,Matthew Smith,2006,1,9,Male,13260,2.2,3.3,1.5,8.9,12B,Scholar,12,,90-87-84,mathematics,,,,,,
3261,Karen Moore,2010,7,25,Female,13261,9.0,0.8,1.4,6.9,8A,Sports,8,,,,61.9,chess,,,,
3262,Anthony Hernandez,2011,6,28,Male,13262,7.8,4.8,6.2,8.0,7A,Sports,7,,,,86.2,chess,,,,
3263,Robert Martinez,2010,12,20,Male,13263,3.2,0.4,0.7,9.7,8A,Scholar,8,,93-97-88,mathematics,,,,,,
3264,Helen Rodriguez,2011,5,25,Female,13264,0.0,8.8,5.3,6.7,7A,Sports,7,,,,63.2,chess,,,,
3265,David Brown,2011,3,19,Male,13265,1.1,5.5,4.3,9.1,7A,Talent,7,drama,,,,,,,,
3266,Anna Martin,2006,8,2,Female,13266,0.7,1.8,7.5,6.7,12B,Scholar,12,,53-99-90,mathematics,,,,,,
3267,Laura Hernandez,2009,5,15,Female,13267,9.0,7.7,7.5,9.2,9C,Sports,9,,,,50.7,chess,,,,
3268,Sandra Miller,2008,3,9,Female,13268,7.6,1.9,2.2,6.8,10C,Sports,10,,,,57.0,cricket,,,,
3269,Michael Wilson,2010,1,10,Male,13269,9.0,1.2,3.4,7.5,8A,Sports,8,,,,80.4,chess,,,,
3270,Jennifer Smith,2010,7,21,Female,13270,5.1,8.8,6.7,9.2,8B,Sports,8,,,,85.2,cricket,,,,
3271,Michael Williams,2007,9,15,Male,13271,3.7,8.8,7.8,8.4,11C,Talent,11,singing,,,,,,,,
3272,Helen Thomas,2009,4,13,Female,13272,0.1,6.8,0.7,9.2,9B,Talent,9,singing,,,,,,,,
3273,Karen Martin,2010,1,21,Female,13273,7.0,5.1,3.0,6.7,8B,Scholar,8,,64-100-79,mathematics,,,,,,
3274,Sarah Lopez,2009,6,3,Female,13274,2.8,8.5,6.2,9.3,9C,Talent,9,dance,,,,,,,,
3275,George Moore,2007,1,9,Male,13275,9.5,3.4,2.2,7.2,11A,Scholar,11,,61-59-88,science,,,,,,
3276,Susan Johnson,2012,11,5,Female,13276,4.2,0.4,6.4,8.3,6B,Talent,6,dance,,,,,,,,
3277,Patricia Miller,2007,12,19,Female,13277,9.0,0.6,2.2,6.2,11C,Scholar,11,,71-84-75,science,,,,,,
3278,Mary Wilson,2006,8,24,Female,13278,1.8,1.7,2.9,6.1,12B,Scholar,12,,70-76-62,science,,,,,,
3279,Michelle Thomas,2012,8,4,Female,13279,2.8,8.7,4.6,8.5,6B,Scholar,6,,89-83-81,science,,,,,,
3280,Jessica Thomas,2012,1,5,Female,13280,3.3,6.5,6.3,8.9,6C,Sports,6,,,,77.9,chess,,,,
3281,Paul Anderson,2008,7,17,Male,13281,4.0,7.6,1.7,6.7,10B,Talent,10,drama,,,,,,,,
3282,Lisa Moore,2008,7,11,Female,13282,8.7,3.2,5.9,9.1,10B,Talent,10,dance,,,,,,,,
3283,Sandra Miller,2007,4,1,Female,13283,7.9,8.8,8.2,9.7,11B,Talent,11,drama,,,,,,,,
3284,Anna Hernandez,2012,6,28,Female,13284,7.1,5.4,6.0,7.4,6A,Talent,6,singing,,,,,,,,
3285,Jessica Davis,2007,6,27,Female,13285,9.5,3.5,9.0,6.8,11A,Sports,11,,,,87.2,cricket,,,,
3286,Sarah Miller,2010,8,22,Female,13286,0.1,4.8,0.8,6.4,8A,Talent,8,drama,,,,,,,,
3287,Richard Williams,2006,2,8,Male,13287,2.5,6.9,5.9,9.0,12C,Talent,12,drama,,,,,,,,
3288,Joseph Brown,2010,5,7,Male,13288,5.9,6.3,4.2,6.0,8B,Talent,8,singing,,,,,,,,
3289,Maria Rodriguez,2012,12,27,Female,13289,6.2,7.5,8.8,6.9,6B,Talent,6,dance,,,,,,,,
3290,Michelle Wilson,2008,2,10,Female,13290,3.9,2.8,6.6,7.1,10C,Talent,10,singing,,,,,,,,
3291,Sarah Hernandez,2008,2,14,Female,13291,5.6,0.1,8.5,6.3,10A,Sports,10,,,,75.8,cricket,,,,
3292,John Jones,2008,12,17,Male,13292,8.9,3.9,1.6,8.2,10B,Talent,10,singing,,,,,,,,
3293,Paul Rodriguez,2012,8,22,Male,13293,2.4,4.8,3.7,7.5,6A,Scholar,6,,96-91-56,mathematics,,,,,,
3294,Daniel Jackson,2007,12,2,Male,13294,7.6,2.9,2.0,9.2,11C,Talent,11,dance,,,,,,,,
3295,Daniel Hernandez,2009,10,13,Male,13295,7.9,0.6,1.4,9.5,9B,Talent,9,drama,,,,,,,,
3296,Daniel Anderson,2008,1,1,Male,13296,4.0,8.6,7.2,8.5,10A,Scholar,10,,85-73-92,mathematics,,,,,,
3297,Matthew Rodriguez,2010,12,4,Male,13297,8.6,6.2,0.6,8.5,8B,Scholar,8,,62-61-88,mathematics,,,,,,
3298,William Jones,2006,10,7,Male,13298,7.6,8.2,0.2,9.2,12A,Talent,12,singing,,,,,,,,
3299,Maria Gonzalez,2010,4,18,Female,13299,7.6,1.9,1.4,6.5,8C,Talent,8,drama,,,,,,,,
3300,Kenneth Hernandez,2011,6,9,Male,13300,5.3,0.8,7.9,9.3,7C,Talent,7,dance,,,,,,,,
3301,Laura Martinez,2012,7,12,Female,13301,5.9,1.1,9.1,6.8,6C,Sports,6,,,,93.8,chess,,,,
3302,Karen Rodriguez,2010,9,18,Female,13302,7.5,2.9,0.2,7.6,8B,Scholar,8,,83-78-50,mathematics,,,,,,
3303,Jessica Moore,2008,5,20,Female,13303,9.0,8.1,1.5,8.2,10C,Sports,10,,,,91.9,chess,,,,
3304,Donald Garcia,2010,1,1,Male,13304,3.6,4.9,6.7,8.6,8C,Sports,8,,,,59.8,chess,,,,
3305,Maria Smith,2008,2,25,Female,13305,4.4,8.6,3.4,7.2,10A,Sports,10,,,,55.7,chess,,,,
3306,Mary Martinez,2008,1,18,Female,13306,1.4,7.5,2.8,8.8,10A,Sports,10,,,,88.7,cricket,,,,
3307,Andrew Miller,2010,3,25,Male,13307,0.3,1.2,4.7,6.5,8C,Sports,8,,,,53.0,chess,,,,
3308,Joseph Martin,2006,4,15,Male,13308,8.8,9.1,0.5,6.6,12C,Scholar,12,,61-99-97,science,,,,,,
3309,Robert Garcia,2011,6,5,Male,13309,2.5,1.2,4.9,6.6,7A,Sports,7,,,,81.1,chess,,,,
3310,William Thomas,2011,1,17,Male,13310,2.7,7.2,7.2,8.2,7A,Talent,7,singing,,,,,,,,
3311,Samantha Martinez,2011,11,9,Female,13311,8.2,7.7,7.5,9.7,7C,Talent,7,singing,,,,,,,,
3312,Mary Martinez,2008,3,9,Female,13312,5.0,3.7,6.0,8.1,10B,Sports,10,,,,80.6,chess,,,,
3313,Donald Martin,2008,9,19,Male,13313,8.8,6.4,8.8,9.5,10A,Scholar,10,,64-55-88,science,,,,,,
3314,Jessica Brown,2011,6,7,Female,13314,6.1,3.3,5.9,8.1,7A,Scholar,7,,86-87-63,mathematics,,,,,,
3315,John Martinez,2006,12,17,Male,13315,5.1,6.9,0.7,6.8,12A,Talent,12,dance,,,,,,,,
3316,Steven Williams,2008,9,19,Male,13316,3.9,6.7,0.4,7.6,10A,Scholar,10,,54-86-53,mathematics,,,,,,
3317,David Garcia,2007,10,11,Male,13317,2.1,3.0,2.2,7.9,11C,Scholar,11,,63-72-64,mathematics,,,,,,
3318,Donald Martin,2010,5,14,Male,13318,1.7,6.7,1.1,9.5,8A,Sports,8,,,,82.4,chess,,,,
3319,Paul Johnson,2007,8,9,Male,13319,1.3,7.8,2.0,6.7,11B,Talent,11,singing,,,,,,,,
3320,Barbara Jones,2007,7,15,Female,13320,7.0,2.6,8.4,9.5,11C,Sports,11,,,,84.0,cricket,,,,
3321,Daniel Smith,2006,12,8,Male,13321,3.4,7.6,4.7,9.0,12A,Talent,12,drama,,,,,,,,
3322,Steven Taylor,2011,12,4,Male,13322,3.5,3.4,8.0,8.9,7B,Talent,7,singing,,,,,,,,
3323,Joseph Rodriguez,2010,5,15,Male,13323,4.1,1.1,8.6,7.5,8C,Talent,8,dance,,,,,,,,
3324,Sarah Jackson,2008,9,5,Female,13324,3.0,7.7,2.5,7.2,10C,Scholar,10,,59-88-85,science,,,,,,
3325,Joseph Miller,2007,11,12,Male,13325,9.2,4.7,1.3,7.7,11A,Talent,11,drama,,,,,,,,
3326,Jessica Hernandez,2008,9,27,Female,13326,4.2,5.3,0.8,7.4,10C,Sports,10,,,,88.3,cricket,,,,
3327,Susan Hernandez,2010,11,5,Female,13327,8.8,1.9,6.6,9.7,8C,Sports,8,,,,96.6,cricket,,,,
3328,Thomas Martin,2006,5,26,Male,13328,5.9,6.0,2.6,8.1,12C,Sports,12,,,,50.2,chess,,,,
3329,Andrew Gonzalez,2012,11,12,Male,13329,5.8,5.7,8.2,7.3,6A,Talent,6,singing,,,,,,,,
3330,Mary Hernandez,2009,3,2,Female,13330,8.3,5.4,4.8,9.8,9A,Sports,9,,,,94.9,cricket,,,,
3331,John Thomas,2011,5,23,Male,13331,1.6,2.0,7.4,8.6,7A,Sports,7,,,,91.2,chess,,,,
3332,Patricia Rodriguez,2006,12,8,Female,13332,3.3,8.3,5.6,7.2,12B,Talent,12,dance,,,,,,,,
3333,Susan Moore,2012,4,19,Female,13333,8.1,9.1,4.5,9.3,6B,Scholar,6,,50-51-78,science,,,,,,
3334,Steven Martinez,2009,6,1,Male,13334,2.8,5.9,2.8,6.9,9A,Scholar,9,,87-70-93,science,,,,,,
3335,Andrew Anderson,2009,9,26,Male,13335,8.6,4.3,1.3,6.6,9C,Talent,9,singing,,,,,,,,
3336,Patricia Taylor,2009,6,16,Female,13336,9.0,3.5,9.1,9.4,9B,Scholar,9,,98-68-88,science,,,,,,
3337,Emma Moore,2010,8,17,Female,13337,6.7,6.9,4.0,6.4,8B,Scholar,8,,72-96-88,mathematics,,,,,,
3338,Richard Johnson,2011,10,19,Male,13338,3.9,3.1,8.6,9.2,7C,Sports,7,,,,69.8,cricket,,,,
3339,David Miller,2008,10,2,Male,13339,5.2,8.1,4.1,9.7,10C,Sports,10,,,,71.4,chess,,,,
3340,Andrew Martinez,2011,8,11,Male,13340,5.0,8.8,5.9,8.4,7C,Talent,7,dance,,,,,,,,
3341,Lisa Garcia,2008,4,3,Female,13341,8.0,4.9,3.2,6.2,10C,Scholar,10,,62-99-67,mathematics,,,,,,
3342,Laura Martinez,2011,1,5,Female,13342,1.0,4.1,9.5,7.3,7B,Scholar,7,,86-63-75,mathematics,,,,,,
3343,Sarah Jones,2012,5,5,Female,13343,8.2,5.7,1.4,8.4,6B,Scholar,6,,82-71-89,mathematics,,,,,,
3344,David Miller,2009,8,16,Male,13344,4.2,7.4,2.3,8.1,9B,Sports,9,,,,70.7,cricket,,,,
3345,Michelle Anderson,2011,8,3,Female,13345,1.9,4.2,4.3,9.5,7A,Scholar,7,,73-56-89,mathematics,,,,,,
3346,Mark Martinez,2010,7,15,Male,13346,5.1,7.8,8.0,8.5,8B,Sports,8,,,,94.1,cricket,,,,
3347,Laura Jones,2011,5,23,Female,13347,4.2,5.5,2.3,7.9,7A,Scholar,7,,80-83-92,mathematics,,,,,,
3348,Charles Smith,2010,1,9,Male,13348,7.4,5.0,1.7,6.6,8C,Sports,8,,,,77.8,cricket,,,,
3349,Emma Davis,2009,5,5,Female,13349,6.7,3.7,5.3,7.9,9C,Scholar,9,,56-98-90,science,,,,,,
3350,Karen Garcia,2008,6,3,Female,13350,8.5,9.1,1.4,7.7,10B,Sports,10,,,,85.5,cricket,,,,
3351,Maria Rodriguez,2007,7,1,Female,13351,8.7,1.4,7.4,8.7,11A,Sports,11,,,,60.1,chess,,,,
3352,Jennifer Brown,2010,9,28,Female,13352,1.7,9.4,3.7,6.6,8A,Sports,8,,,,66.0,chess,,,,
3353,Donald Williams,2010,10,4,Male,13353,4.1,0.3,3.8,6.6,8A,Sports,8,,,,96.5,chess,,,,
3354,Robert Taylor,2011,6,9,Male,13354,6.7,9.1,5.5,9.9,7A,Sports,7,,,,97.5,chess,,,,
3355,Matthew Davis,2006,3,16,Male,13355,5.2,6.8,1.7,9.0,12B,Scholar,12,,69-79-93,science,,,,,,
3356,Joseph Thomas,2010,8,28,Male,13356,1.5,2.0,2.5,8.9,8C,Scholar,8,,83-53-69,science,,,,,,
3357,Karen Williams,2012,3,5,Female,13357,9.3,3.2,4.1,9.6,6B,Scholar,6,,69-69-63,science,,,,,,
3358,Elizabeth Williams,2006,4,23,Female,13358,3.1,5.5,3.1,7.4,12A,Talent,12,dance,,,,,,,,
3359,Charles Thomas,2012,5,10,Male,13359,0.3,3.7,7.5,7.7,6A,Scholar,6,,64-77-83,mathematics,,,,,,
3360,David Garcia,2011,8,21,Male,13360,3.8,8.1,6.5,10.0,7C,Talent,7,singing,,,,,,,,
3361,Anthony Smith,2012,12,6,Male,13361,4.3,3.2,0.9,6.8,6B,Talent,6,drama,,,,,,,,
3362,Emma Smith,2009,11,27,Female,13362,6.7,4.8,9.2,6.4,9A,Sports,9,,,,76.0,cricket,,,,
3363,Samantha Williams,2011,12,28,Female,13363,6.1,2.4,7.8,6.3,7C,Scholar,7,,92-82-66,science,,,,,,
3364,Emma Hernandez,2006,2,23,Female,13364,6.6,5.1,7.9,7.4,12B,Scholar,12,,93-93-61,mathematics,,,,,,
3365,Karen Johnson,2006,10,27,Female,13365,3.9,3.3,5.1,8.1,12A,Scholar,12,,62-57-91,mathematics,,,,,,
3366,William Martin,2009,2,22,Male,13366,3.2,0.5,4.6,8.6,9C,Sports,9,,,,58.2,cricket,,,,
3367,Samantha Davis,2011,10,16,Female,13367,0.0,0.8,2.1,9.9,7B,Scholar,7,,81-78-70,mathematics,,,,,,
3368,Michelle Rodriguez,2011,3,28,Female,13368,0.8,0.4,6.9,9.9,7A,Talent,7,dance,,,,,,,,
3369,Helen Martin,2008,7,18,Female,13369,9.5,4.5,1.8,8.0,10A,Sports,10,,,,95.0,chess,,,,
3370,Samantha Martin,2009,10,21,Female,13370,0.6,5.7,2.4,8.2,9A,Sports,9,,,,87.3,cricket,,,,
3371,Robert Davis,2011,6,11,Male,13371,4.2,5.3,2.6,8.7,7C,Talent,7,drama,,,,,,,,
3372,Andrew Anderson,2007,1,28,Male,13372,3.1,4.8,8.5,7.7,11C,Scholar,11,,82-73-64,science,,,,,,
3373,Michael Smith,2007,5,5,Male,13373,4.1,8.8,8.8,6.1,11B,Sports,11,,,,74.3,cricket,,,,
3374,Jennifer Thomas,2010,10,2,Female,13374,8.9,1.4,0.6,7.0,8C,Talent,8,drama,,,,,,,,
3375,Jessica Jones,2006,7,10,Female,13375,1.6,1.3,5.7,6.0,12C,Talent,12,dance,,,,,,,,
3376,Helen Jackson,2012,3,8,Female,13376,1.4,5.9,6.7,6.7,6B,Sports,6,,,,59.9,chess,,,,
3377,Emma Wilson,2006,11,12,Female,13377,2.1,8.2,5.5,6.2,12A,Sports,12,,,,55.0,chess,,,,
3378,Richard Hernandez,2010,6,27,Male,13378,4.6,4.6,2.3,9.4,8C,Sports,8,,,,90.5,cricket,,,,
3379,Sandra Davis,2010,8,18,Female,13379,2.3,7.8,6.0,8.7,8A,Scholar,8,,54-50-84,science,,,,,,
3380,John Martin,2010,2,2,Male,13380,6.8,6.8,8.7,6.2,8B,Scholar,8,,58-93-97,science,,,,,,
3381,Maria Moore,2008,11,18,Female,13381,6.8,0.2,7.6,8.5,10B,Talent,10,dance,,,,,,,,
3382,Matthew Lopez,2011,1,18,Male,13382,0.9,6.9,0.7,8.9,7A,Talent,7,dance,,,,,,,,
3383,Michelle Wilson,2006,6,4,Female,13383,5.2,0.6,9.0,6.2,12B,Scholar,12,,87-51-89,mathematics,,,,,,
3384,Patricia Rodriguez,2008,7,24,Female,13384,0.6,2.3,8.9,9.8,10C,Sports,10,,,,75.5,chess,,,,
3385,Helen Taylor,2009,11,1,Female,13385,0.9,1.2,8.6,9.0,9B,Talent,9,dance,,,,,,,,
3386,Anthony Davis,2010,12,28,Male,13386,9.1,7.5,2.9,9.1,8A,Scholar,8,,64-50-66,science,,,,,,
3387,Donald Jones,2008,4,5,Male,13387,4.8,4.2,7.5,6.9,10C,Scholar,10,,70-98-85,mathematics,,,,,,
3388,Mark Jackson,2010,9,6,Male,13388,7.5,3.9,1.9,9.3,8A,Talent,8,drama,,,,,,,,
3389,Sarah Miller,2011,5,26,Female,13389,7.6,7.9,5.9,6.7,7B,Scholar,7,,89-79-54,mathematics,,,,,,
3390,Mark Williams,2007,8,2,Male,13390,7.6,4.0,1.1,8.6,11C,Talent,11,drama,,,,,,,,
3391,Sarah Rodriguez,2011,5,9,Female,13391,4.0,5.7,7.4,6.0,7B,Scholar,7,,92-83-51,mathematics,,,,,,
3392,Robert Wilson,2010,1,16,Male,13392,0.8,3.1,6.9,7.2,8C,Talent,8,singing,,,,,,,,
3393,Kenneth Miller,2010,7,15,Male,13393,6.7,3.7,2.7,9.6,8B,Talent,8,dance,,,,,,,,
3394,Susan Johnson,2006,11,18,Female,13394,4.9,5.5,6.5,8.2,12B,Talent,12,singing,,,,,,,,
3395,Barbara Thomas,2010,11,24,Female,13395,5.7,8.8,4.0,8.5,8B,Sports,8,,,,63.7,cricket,,,,
3396,Mark Hernandez,2011,2,9,Male,13396,8.1,9.3,6.7,6.6,7C,Talent,7,singing,,,,,,,,
3397,William Thomas,2012,12,26,Male,13397,0.4,3.3,6.3,10.0,6C,Talent,6,singing,,,,,,,,
3398,Paul Taylor,2008,8,26,Male,13398,8.8,8.9,0.6,7.1,10A,Scholar,10,,68-73-87,science,,,,,,
3399,Steven Moore,2006,4,27,Male,13399,0.7,1.8,2.9,8.6,12A,Talent,12,singing,,,,,,,,
3400,Emma Gonzalez,2006,12,10,Female,13400,0.6,2.0,7.8,7.8,12B,Scholar,12,,74-100-58,science,,,,,,
3401,Andrew Anderson,2007,5,21,Male,13401,7.6,2.5,6.2,6.3,11C,Sports,11,,,,51.5,cricket,,,,
3402,Mark Smith,2012,12,1,Male,13402,1.5,9.5,5.3,8.0,6C,Sports,6,,,,63.4,chess,,,,
3403,Sarah Gonzalez,2007,5,2,Female,13403,4.9,3.8,3.5,10.0,11B,Sports,11,,,,67.7,cricket,,,,
3404,Patricia Lopez,2012,4,2,Female,13404,5.3,4.6,4.5,7.1,6B,Sports,6,,,,79.9,cricket,,,,
3405,William Johnson,2009,9,16,Male,13405,2.6,9.0,7.3,9.4,9C,Scholar,9,,79-89-50,mathematics,,,,,,
3406,Karen Garcia,2006,2,26,Female,13406,2.4,2.4,1.9,7.2,12B,Sports,12,,,,63.1,chess,,,,
3407,Barbara Thomas,2007,5,7,Female,13407,5.1,2.4,5.7,7.9,11B,Talent,11,singing,,,,,,,,
3408,Karen Martin,2008,6,4,Female,13408,5.1,5.8,3.2,6.6,10B,Sports,10,,,,68.6,cricket,,,,
3409,Christine Anderson,2009,7,9,Female,13409,3.7,5.6,5.8,6.5,9B,Talent,9,singing,,,,,,,,
3410,Michelle Rodriguez,2010,10,24,Female,13410,4.7,7.8,8.8,9.5,8C,Scholar,8,,62-76-70,science,,,,,,
3411,Charles Rodriguez,2009,9,27,Male,13411,8.0,3.7,8.2,6.6,9C,Sports,9,,,,58.5,chess,,,,
3412,Daniel Lopez,2011,3,3,Male,13412,6.6,2.0,4.5,9.5,7C,Sports,7,,,,66.6,chess,,,,
3413,Mary Jones,2006,1,16,Female,13413,1.4,0.2,1.7,9.8,12B,Sports,12,,,,71.9,cricket,,,,
3414,Emma Lopez,2010,4,1,Female,13414,4.6,4.4,4.4,9.4,8A,Sports,8,,,,71.7,chess,,,,
3415,Jennifer Martin,2007,1,8,Female,13415,0.5,5.6,9.3,9.1,11B,Talent,11,dance,,,,,,,,
3416,Andrew Johnson,2007,12,21,Male,13416,9.2,6.8,1.3,7.2,11C,Scholar,11,,100-94-70,mathematics,,,,,,
3417,Matthew Gonzalez,2010,6,1,Male,13417,5.1,5.1,6.5,6.2,8A,Talent,8,drama,,,,,,,,
3418,Sandra Martin,2010,8,3,Female,13418,1.5,7.5,4.6,6.2,8A,Talent,8,drama,,,,,,,,
3419,Mark Jackson,2010,7,7,Male,13419,6.1,7.9,1.5,7.8,8C,Talent,8,singing,,,,,,,,
3420,Susan Lopez,2012,12,7,Female,13420,9.3,3.2,6.1,8.7,6A,Talent,6,dance,,,,,,,,
3421,Daniel Smith,2010,3,2,Male,13421,2.3,6.1,2.6,8.3,8B,Talent,8,singing,,,,,,,,
3422,Maria Jackson,2008,12,6,Female,13422,1.0,7.5,8.8,8.0,10A,Sports,10,,,,90.4,chess,,,,
3423,Maria Moore,2007,4,2,Female,13423,4.9,3.2,0.7,8.2,11C,Sports,11,,,,84.7,chess,,,,
3424,Anthony Davis,2012,5,15,Male,13424,3.1,8.4,8.7,6.3,6C,Talent,6,singing,,,,,,,,
3425,Andrew Smith,2006,7,10,Male,13425,6.2,3.8,9.4,8.2,12A,Scholar,12,,85-69-88,mathematics,,,,,,
3426,Laura Thomas,2007,5,9,Female,13426,5.7,6.2,6.5,6.1,11C,Sports,11,,,,84.0,cricket,,,,
3427,Christine Wilson,2012,1,1,Female,13427,0.7,1.8,2.4,8.6,6B,Talent,6,drama,,,,,,,,
3428,Maria Garcia,2012,1,9,Female,13428,5.0,7.8,4.6,8.0,6A,Sports,6,,,,68.5,chess,,,,
3429,Andrew Garcia,2007,3,20,Male,13429,3.6,5.3,5.2,7.9,11B,Sports,11,,,,97.1,chess,,,,
3430,William Thomas,2006,7,2,Male,13430,8.6,7.6,3.5,9.3,12A,Sports,12,,,,92.4,chess,,,,
3431,Patricia Johnson,2008,10,11,Female,13431,4.8,2.5,6.5,7.2,10B,Talent,10,drama,,,,,,,,
3432,Karen Smith,2007,9,18,Female,13432,3.5,6.6,5.3,7.0,11C,Talent,11,singing,,,,,,,,
3433,Mary Lopez,2007,8,12,Female,13433,6.2,0.4,0.8,9.8,11A,Sports,11,,,,75.8,cricket,,,,
3434,Charles Williams,2012,4,8,Male,13434,5.6,1.9,4.6,8.4,6B,Scholar,6,,74-98-73,science,,,,,,
3435,David Hernandez,2012,11,21,Male,13435,7.8,0.2,9.2,9.7,6A,Sports,6,,,,74.6,chess,,,,
3436,Maria Smith,2007,3,17,Female,13436,4.8,5.8,4.0,8.1,11A,Scholar,11,,70-95-58,science,,,,,,
3437,Paul Garcia,2006,9,28,Male,13437,5.9,1.0,3.8,9.2,12A,Talent,12,dance,,,,,,,,
3438,Patricia Martinez,2011,12,21,Female,13438,7.0,5.9,8.0,6.2,7A,Scholar,7,,85-69-56,science,,,,,,
3439,Maria Williams,2007,10,3,Female,13439,8.1,8.7,9.1,8.3,11B,Talent,11,drama,,,,,,,,
3440,Steven Garcia,2006,1,22,Male,13440,2.5,5.0,5.9,9.7,12C,Sports,12,,,,50.8,chess,,,,
3441,Matthew Davis,2011,8,1,Male,13441,5.7,6.8,5.8,8.4,7C,Scholar,7,,64-92-66,mathematics,,,,,,
3442,John Martinez,2010,9,9,Male,13442,7.0,4.7,8.9,9.7,8B,Scholar,8,,92-87-100,mathematics,,,,,,
3443,Matthew Williams,2007,7,6,Male,13443,5.0,3.5,7.4,7.0,11C,Sports,11,,,,51.8,cricket,,,,
3444,David Jackson,2012,7,11,Male,13444,1.1,0.6,9.4,8.0,6B,Sports,6,,,,87.6,chess,,,,
3445,Susan Johnson,2010,8,15,Female,13445,4.4,8.3,8.1,9.8,8B,Talent,8,drama,,,,,,,,
3446,Helen Davis,2006,11,14,Female,13446,5.2,9.3,8.9,6.5,12C,Scholar,12,,61-57-55,mathematics,,,,,,
3447,Susan Martinez,2010,2,26,Female,13447,1.8,7.7,8.9,7.6,8A,Talent,8,drama,,,,,,,,
3448,Susan Garcia,2011,5,1,Female,13448,4.6,8.5,7.3,7.5,7C,Scholar,7,,55-79-65,mathematics,,,,,,
3449,Anthony Rodriguez,2009,3,16,Male,13449,2.9,4.2,4.6,9.6,9A,Talent,9,singing,,,,,,,,
3450,Laura Jones,2012,6,27,Female,13450,2.9,0.6,4.9,6.8,6B,Scholar,6,,88-57-98,mathematics,,,,,,
3451,Steven Brown,2011,2,23,Male,13451,4.9,9.0,2.7,6.3,7B,Scholar,7,,72-57-99,mathematics,,,,,,
3452,Sandra Gonzalez,2008,8,10,Female,13452,7.2,0.8,9.0,9.1,10A,Sports,10,,,,50.1,cricket,,,,
3453,Michael Brown,2008,11,11,Male,13453,2.5,2.0,9.1,8.5,10C,Scholar,10,,97-60-77,mathematics,,,,,,
3454,Sandra Thomas,2008,7,1,Female,13454,2.5,0.2,8.6,6.8,10C,Scholar,10,,92-55-90,science,,,,,,
3455,Paul Anderson,2006,11,3,Male,13455,2.6,5.2,4.2,8.0,12C,Talent,12,dance,,,,,,,,
3456,Paul Garcia,2009,8,8,Male,13456,8.7,3.2,6.4,9.5,9A,Talent,9,drama,,,,,,,,
3457,Samantha Davis,2010,9,27,Female,13457,3.2,2.2,9.2,7.9,8A,Talent,8,dance,,,,,,,,
3458,Linda Garcia,2010,11,20,Female,13458,8.3,7.9,2.8,8.9,8B,Scholar,8,,100-55-73,mathematics,,,,,,
3459,George Rodriguez,2007,3,9,Male,13459,2.3,2.8,7.2,7.7,11A,Scholar,11,,60-79-70,mathematics,,,,,,
3460,Christine Martinez,2008,1,13,Female,13460,1.9,3.8,7.9,7.8,10A,Talent,10,dance,,,,,,,,
3461,Anthony Gonzalez,2008,1,27,Male,13461,8.2,8.1,8.2,7.5,10A,Talent,10,dance,,,,,,,,
3462,Elizabeth Hernandez,2012,12,25,Female,13462,8.9,0.7,8.4,8.3,6C,Talent,6,drama,,,,,,,,
3463,William Taylor,2010,9,27,Male,13463,5.1,6.3,9.0,7.0,8B,Scholar,8,,63-65-72,science,,,,,,
3464,Charles Miller,2012,12,11,Male,13464,9.3,7.5,1.4,7.3,6A,Sports,6,,,,66.8,cricket,,,,
3465,Anthony Anderson,2012,5,4,Male,13465,2.7,7.5,2.7,7.8,6B,Scholar,6,,55-58-50,science,,,,,,
3466,James Moore,2009,12,26,Male,13466,2.4,9.1,8.6,6.5,9A,Scholar,9,,71-84-99,mathematics,,,,,,
3467,Matthew Lopez,2006,5,9,Male,13467,0.1,3.5,3.6,8.6,12C,Sports,12,,,,93.1,chess,,,,
3468,Andrew Brown,2009,1,8,Male,13468,5.3,9.5,3.1,8.7,9B,Scholar,9,,69-52-72,science,,,,,,
3469,Joseph Taylor,2011,7,3,Male,13469,5.3,1.1,2.3,8.0,7C,Sports,7,,,,58.2,cricket,,,,
3470,Thomas Hernandez,2011,1,26,Male,13470,1.2,5.7,7.0,9.5,7C,Talent,7,drama,,,,,,,,
3471,Joseph Brown,2008,11,5,Male,13471,8.2,7.6,6.0,8.1,10C,Sports,10,,,,96.9,cricket,,,,
3472,Daniel Miller,2011,11,27,Male,13472,2.7,1.1,8.3,6.5,7C,Scholar,7,,59-68-58,science,,,,,,
3473,Kenneth Moore,2011,2,18,Male,13473,2.9,8.9,9.3,6.2,7B,Sports,7,,,,83.9,cricket,,,,
3474,Daniel Taylor,2007,5,9,Male,13474,9.1,2.1,6.0,8.5,11B,Sports,11,,,,89.8,cricket,,,,
3475,Christine Gonzalez,2010,5,28,Female,13475,3.4,5.1,0.2,9.7,8A,Talent,8,dance,,,,,,,,
3476,Richard Rodriguez,2009,11,12,Male,13476,2.0,7.3,8.8,9.4,9A,Talent,9,dance,,,,,,,,
3477,Elizabeth Johnson,2009,2,4,Female,13477,5.5,9.2,9.2,8.3,9B,Talent,9,singing,,,,,,,,
3478,Andrew Johnson,2011,11,1,Male,13478,0.9,6.3,5.4,6.1,7C,Sports,7,,,,51.9,chess,,,,
3479,Michael Smith,2010,10,6,Male,13479,6.1,8.6,7.9,6.8,8B,Scholar,8,,70-73-91,mathematics,,,,,,
3480,Laura Taylor,2011,3,22,Female,13480,8.6,6.6,2.8,8.1,7B,Scholar,7,,89-97-83,mathematics,,,,,,
3481,Elizabeth Rodriguez,2009,10,3,Female,13481,3.9,7.9,8.5,9.7,9A,Scholar,9,,82-64-70,mathematics,,,,,,
3482,Emma Gonzalez,2010,1,15,Female,13482,2.2,1.5,4.3,7.9,8B,Scholar,8,,69-51-54,science,,,,,,
3483,Steven Martin,2007,2,16,Male,13483,6.8,7.8,6.5,6.6,11A,Talent,11,dance,,,,,,,,
3484,Steven Martinez,2012,3,5,Male,13484,6.0,4.2,2.5,9.4,6C,Sports,6,,,,63.5,chess,,,,
3485,Andrew Gonzalez,2007,10,15,Male,13485,2.9,0.3,1.2,9.0,11B,Scholar,11,,59-75-52,science,,,,,,
3486,Michelle Lopez,2006,1,20,Female,13486,2.0,6.3,3.7,7.0,12B,Sports,12,,,,95.0,chess,,,,
3487,Kenneth Johnson,2008,2,13,Male,13487,5.2,3.8,7.9,9.9,10C,Sports,10,,,,69.7,cricket,,,,
3488,Anna Johnson,2008,6,19,Female,13488,7.3,9.0,9.2,7.8,10B,Talent,10,singing,,,,,,,,
3489,Laura Davis,2006,2,25,Female,13489,8.9,7.4,6.0,7.8,12A,Talent,12,singing,,,,,,,,
3490,Joseph Martinez,2006,9,18,Male,13490,8.4,2.4,6.6,7.3,12C,Talent,12,singing,,,,,,,,
3491,Sarah Williams,2008,2,10,Female,13491,0.2,6.2,3.2,9.3,10B,Scholar,10,,98-73-70,science,,,,,,
3492,Elizabeth Jackson,2009,7,19,Female,13492,5.9,4.8,9.2,8.6,9B,Talent,9,singing,,,,,,,,
3493,Robert Miller,2012,9,18,Male,13493,1.5,1.0,3.3,8.1,6A,Sports,6,,,,62.6,cricket,,,,
3494,Michelle Lopez,2011,7,6,Female,13494,0.5,5.4,9.1,9.2,7A,Scholar,7,,54-92-74,science,,,,,,
3495,Sandra Gonzalez,2010,9,9,Female,13495,0.9,0.8,7.9,6.8,8A,Talent,8,singing,,,,,,,,
3496,Sarah Martinez,2008,3,2,Female,13496,5.0,3.0,5.4,6.8,10B,Sports,10,,,,57.8,chess,,,,
3497,Michael Rodriguez,2009,2,17,Male,13497,2.4,9.3,7.7,7.4,9C,Talent,9,drama,,,,,,,,
3498,Anna Jones,2006,4,13,Female,13498,2.1,9.2,2.6,7.4,12C,Scholar,12,,60-63-54,mathematics,,,,,,
3499,William Wilson,2012,10,27,Male,13499,4.6,9.5,4.8,8.3,6A,Sports,6,,,,89.4,chess,,,,
3500,Mary Moore,2012,1,13,Female,13500,1.9,2.4,7.5,7.4,6A,Sports,6,,,,71.3,chess,,,,
3501,Mark Brown,2007,2,26,Male,13501,0.8,7.4,7.7,7.2,11A,Sports,11,,,,50.9,cricket,,,,
3502,Mary Rodriguez,2008,2,12,Female,13502,7.3,2.3,4.8,7.3,10B,Sports,10,,,,80.1,chess,,,,
3503,Anthony Martin,2010,2,10,Male,13503,8.6,6.9,2.6,9.4,8C,Talent,8,singing,,,,,,,,
3504,Susan Williams,2008,9,20,Female,13504,5.2,2.8,7.2,8.8,10C,Sports,10,,,,57.2,cricket,,,,
3505,Donald Garcia,2010,10,28,Male,13505,4.9,5.8,8.7,8.9,8B,Scholar,8,,95-90-81,mathematics,,,,,,
3506,Laura Smith,2006,2,28,Female,13506,4.0,7.8,5.0,9.3,12A,Scholar,12,,70-94-93,science,,,,,,
3507,Christine Martinez,2011,4,15,Female,13507,9.1,2.8,7.7,6.7,7B,Talent,7,dance,,,,,,,,
3508,Emma Jones,2009,2,11,Female,13508,1.5,9.2,5.0,7.2,9B,Talent,9,singing,,,,,,,,
3509,Robert Garcia,2007,1,9,Male,13509,7.3,8.1,3.6,8.5,11B,Scholar,11,,73-85-85,science,,,,,,
3510,George Miller,2010,9,7,Male,13510,4.4,4.9,7.9,10.0,8A,Sports,8,,,,78.4,chess,,,,
3511,Kenneth Martin,2012,4,6,Male,13511,5.5,8.9,3.0,7.0,6C,Sports,6,,,,97.1,chess,,,,
3512,Mark Martinez,2009,2,10,Male,13512,8.1,3.8,6.9,9.7,9B,Talent,9,singing,,,,,,,,
3513,Daniel Miller,2010,5,11,Male,13513,1.1,2.0,9.3,6.3,8B,Sports,8,,,,66.1,chess,,,,
3514,Richard Martinez,2010,2,28,Male,13514,5.9,8.0,4.9,8.1,8C,Scholar,8,,67-74-54,science,,,,,,
3515,Steven Martinez,2008,5,5,Male,13515,7.7,7.2,4.8,9.5,10B,Talent,10,dance,,,,,,,,
3516,John Lopez,2008,9,4,Male,13516,7.1,9.5,1.2,7.1,10B,Talent,10,drama,,,,,,,,
3517,Jessica Taylor,2008,7,9,Female,13517,6.6,6.2,9.3,8.3,10C,Talent,10,drama,,,,,,,,
3518,Samantha Rodriguez,2007,12,9,Female,13518,0.0,3.6,8.0,6.5,11C,Sports,11,,,,74.6,chess,,,,
3519,Anthony Jones,2007,12,8,Male,13519,3.0,1.3,6.6,8.6,11C,Talent,11,singing,,,,,,,,
3520,George Anderson,2007,4,1,Male,13520,0.7,0.2,1.4,8.7,11B,Talent,11,drama,,,,,,,,
3521,Mary Rodriguez,2010,5,18,Female,13521,8.6,6.8,6.1,8.8,8B,Scholar,8,,55-83-69,mathematics,,,,,,
3522,Michelle Johnson,2010,7,1,Female,13522,3.6,7.2,6.7,9.2,8C,Talent,8,dance,,,,,,,,
3523,Jennifer Lopez,2007,5,15,Female,13523,2.5,2.8,7.3,8.3,11B,Sports,11,,,,69.3,cricket,,,,
3524,Susan Lopez,2010,10,20,Female,13524,1.8,9.2,8.6,9.4,8A,Sports,8,,,,62.6,chess,,,,
3525,Donald Jackson,2011,9,22,Male,13525,7.9,2.6,0.3,7.8,7C,Sports,7,,,,82.6,cricket,,,,
3526,Elizabeth Garcia,2011,12,27,Female,13526,4.6,2.2,7.3,6.8,7C,Scholar,7,,54-65-63,science,,,,,,
3527,Andrew Smith,2012,7,20,Male,13527,0.1,0.8,1.7,7.5,6C,Talent,6,dance,,,,,,,,
3528,Andrew Wilson,2010,8,9,Male,13528,8.9,1.9,5.4,6.2,8A,Talent,8,singing,,,,,,,,
3529,Patricia Gonzalez,2007,2,15,Female,13529,5.3,3.2,6.9,9.1,11B,Sports,11,,,,81.2,cricket,,,,
3530,Robert Thomas,2011,9,9,Male,13530,4.4,4.0,0.8,9.9,7A,Sports,7,,,,64.1,chess,,,,
3531,William Hernandez,2006,4,17,Male,13531,7.7,7.2,0.4,9.8,12B,Scholar,12,,97-70-54,science,,,,,,
3532,Richard Gonzalez,2008,2,15,Male,13532,1.6,0.5,2.0,6.3,10B,Talent,10,drama,,,,,,,,
3533,Linda Martinez,2009,4,21,Female,13533,5.8,6.8,1.1,9.9,9B,Sports,9,,,,94.8,cricket,,,,
3534,Jennifer Jones,2012,4,4,Female,13534,3.9,2.0,2.8,9.5,6A,Sports,6,,,,71.2,chess,,,,
3535,Sandra Johnson,2009,12,27,Female,13535,6.8,2.8,6.7,7.1,9A,Sports,9,,,,70.3,chess,,,,
3536,William Gonzalez,2009,2,3,Male,13536,0.8,2.0,5.8,7.2,9C,Sports,9,,,,93.9,cricket,,,,
3537,Mark Smith,2006,5,6,Male,13537,5.8,6.1,2.8,8.3,12B,Sports,12,,,,84.8,chess,,,,
3538,Jennifer Wilson,2011,6,14,Female,13538,6.3,1.9,0.9,9.5,7C,Sports,7,,,,97.3,chess,,,,
3539,Susan Rodriguez,2011,6,2,Female,13539,3.7,4.2,5.3,7.9,7A,Scholar,7,,97-85-57,mathematics,,,,,,
3540,Paul Martin,2012,4,25,Male,13540,4.4,3.7,1.7,8.3,6C,Talent,6,drama,,,,,,,,
3541,Joseph Lopez,2006,12,19,Male,13541,4.2,8.2,0.1,9.9,12C,Talent,12,dance,,,,,,,,
3542,Anna Wilson,2008,9,26,Female,13542,4.3,0.0,7.7,6.1,10A,Talent,10,dance,,,,,,,,
3543,Lisa Jackson,2009,10,2,Female,13543,6.0,0.8,4.2,7.1,9C,Talent,9,dance,,,,,,,,
3544,Matthew Martin,2007,8,9,Male,13544,8.7,3.8,0.0,9.0,11A,Scholar,11,,95-98-97,science,,,,,,
3545,John Taylor,2008,4,5,Male,13545,1.9,7.0,2.7,10.0,10B,Talent,10,dance,,,,,,,,
3546,Jessica Taylor,2012,11,4,Female,13546,2.3,3.0,2.9,8.3,6B,Scholar,6,,66-84-71,science,,,,,,
3547,Linda Miller,2010,7,15,Female,13547,3.7,2.0,4.9,8.0,8C,Talent,8,singing,,,,,,,,
3548,Sarah Smith,2011,2,8,Female,13548,7.5,2.7,2.1,6.7,7C,Sports,7,,,,78.0,cricket,,,,
3549,Sarah Jackson,2007,9,23,Female,13549,6.3,0.1,1.5,7.8,11A,Talent,11,drama,,,,,,,,
3550,John Hernandez,2008,1,9,Male,13550,3.3,5.3,0.2,6.1,10A,Sports,10,,,,59.2,chess,,,,
3551,David Wilson,2008,1,14,Male,13551,2.1,1.8,8.9,9.3,10C,Talent,10,singing,,,,,,,,
3552,Michael Miller,2008,10,18,Male,13552,6.0,6.1,7.3,7.9,10A,Talent,10,drama,,,,,,,,
3553,Michael Lopez,2007,1,15,Male,13553,7.9,2.9,0.4,7.9,11C,Sports,11,,,,73.7,chess,,,,
3554,Barbara Lopez,2009,5,20,Female,13554,7.7,8.3,0.5,9.0,9B,Talent,9,dance,,,,,,,,
3555,Elizabeth Johnson,2012,9,17,Female,13555,8.8,5.5,8.7,8.4,6A,Scholar,6,,87-86-92,science,,,,,,
3556,Karen Smith,2007,3,18,Female,13556,9.0,6.6,2.8,6.7,11A,Scholar,11,,57-71-61,science,,,,,,
3557,Samantha Jackson,2007,2,22,Female,13557,7.2,5.6,2.8,7.0,11B,Talent,11,drama,,,,,,,,
3558,Samantha Martinez,2012,11,14,Female,13558,5.8,5.2,0.4,9.3,6A,Scholar,6,,63-92-99,science,,,,,,
3559,Steven Lopez,2009,11,10,Male,13559,1.9,9.5,0.5,6.1,9B,Talent,9,dance,,,,,,,,
3560,Donald Gonzalez,2008,9,1,Male,13560,5.9,0.7,7.6,6.9,10B,Talent,10,singing,,,,,,,,
3561,George Jackson,2006,5,16,Male,13561,4.9,8.6,2.6,8.7,12C,Scholar,12,,58-52-85,science,,,,,,
3562,David Jones,2006,3,3,Male,13562,4.1,2.6,5.7,9.8,12B,Talent,12,drama,,,,,,,,
3563,Steven Johnson,2009,5,23,Male,13563,3.8,2.8,0.5,9.8,9B,Sports,9,,,,56.4,cricket,,,,
3564,David Gonzalez,2010,5,11,Male,13564,9.5,2.8,0.7,6.3,8A,Scholar,8,,71-81-91,mathematics,,,,,,
3565,Maria Williams,2006,4,6,Female,13565,1.5,6.3,4.7,8.7,12C,Talent,12,drama,,,,,,,,
3566,Matthew Moore,2012,12,21,Male,13566,5.6,5.0,9.1,8.7,6A,Talent,6,drama,,,,,,,,
3567,Daniel Rodriguez,2011,11,14,Male,13567,4.5,3.8,5.8,7.8,7B,Scholar,7,,85-57-88,science,,,,,,
3568,Daniel Anderson,2008,9,25,Male,13568,9.4,7.0,5.1,6.2,10A,Sports,10,,,,76.5,cricket,,,,
3569,Helen Miller,2010,4,21,Female,13569,0.6,7.1,1.2,9.4,8A,Sports,8,,,,60.7,cricket,,,,
3570,Sandra Brown,2006,10,16,Female,13570,9.1,1.7,4.6,9.1,12A,Talent,12,singing,,,,,,,,
3571,Charles Jones,2011,7,7,Male,13571,1.4,7.3,8.3,7.2,7B,Scholar,7,,55-85-86,science,,,,,,
3572,Jennifer Williams,2012,4,14,Female,13572,9.5,0.7,3.5,8.0,6B,Sports,6,,,,68.6,chess,,,,
3573,Anthony Johnson,2009,9,7,Male,13573,8.8,7.7,6.1,8.9,9C,Talent,9,drama,,,,,,,,
3574,Sandra Williams,2008,12,6,Female,13574,6.9,3.8,2.7,9.4,10B,Scholar,10,,58-99-86,mathematics,,,,,,
3575,Karen Martin,2011,1,24,Female,13575,8.5,1.3,1.8,6.5,7A,Talent,7,drama,,,,,,,,
3576,Charles Davis,2006,5,11,Male,13576,5.0,0.2,7.6,6.2,12A,Talent,12,singing,,,,,,,,
3577,Anna Martin,2009,2,8,Female,13577,4.8,1.1,6.4,6.5,9B,Scholar,9,,95-95-72,science,,,,,,
3578,George Anderson,2009,7,23,Male,13578,1.7,6.2,5.2,8.8,9C,Talent,9,singing,,,,,,,,
3579,Andrew Smith,2012,6,11,Male,13579,4.1,7.6,4.0,9.6,6B,Scholar,6,,74-91-95,mathematics,,,,,,
3580,Samantha Davis,2008,12,23,Female,13580,8.0,0.1,3.7,8.1,10A,Sports,10,,,,79.1,chess,,,,
3581,Richard Jackson,2008,1,21,Male,13581,1.1,8.5,7.9,7.0,10C,Sports,10,,,,95.4,chess,,,,
3582,Daniel Moore,2010,8,17,Male,13582,0.1,6.4,9.3,8.3,8A,Talent,8,drama,,,,,,,,
3583,Daniel Anderson,2008,12,15,Male,13583,5.2,1.1,3.3,8.2,10C,Sports,10,,,,96.1,chess,,,,
3584,Donald Brown,2006,7,12,Male,13584,3.7,0.8,7.1,9.2,12B,Talent,12,dance,,,,,,,,
3585,Anthony Thomas,2012,8,24,Male,13585,3.3,6.6,3.1,7.0,6C,Scholar,6,,97-66-66,mathematics,,,,,,
3586,Robert Jackson,2007,12,24,Male,13586,2.3,3.3,0.3,6.7,11C,Sports,11,,,,86.1,chess,,,,
3587,Paul Smith,2011,11,28,Male,13587,2.9,7.0,1.1,9.1,7C,Talent,7,singing,,,,,,,,
3588,Mark Jackson,2012,11,26,Male,13588,4.3,5.4,1.5,6.5,6A,Talent,6,dance,,,,,,,,
3589,Mary Rodriguez,2009,7,26,Female,13589,8.0,8.1,1.0,7.7,9A,Sports,9,,,,91.3,chess,,,,
3590,William Williams,2009,7,19,Male,13590,4.1,3.6,4.5,7.2,9A,Sports,9,,,,97.0,cricket,,,,
3591,George Garcia,2012,10,12,Male,13591,5.3,7.3,6.1,7.1,6A,Talent,6,drama,,,,,,,,
3592,Maria Brown,2008,5,18,Female,13592,2.2,8.2,2.6,9.3,10C,Sports,10,,,,56.1,chess,,,,
3593,Anthony Johnson,2012,12,1,Male,13593,1.6,2.0,1.3,8.8,6B,Sports,6,,,,54.8,cricket,,,,
3594,Samantha Rodriguez,2008,11,14,Female,13594,0.5,6.0,3.8,6.5,10B,Scholar,10,,57-68-62,mathematics,,,,,,
3595,Susan Davis,2006,7,1,Female,13595,4.6,6.4,1.1,7.0,12B,Scholar,12,,94-78-77,mathematics,,,,,,
3596,Mark Martin,2012,9,13,Male,13596,5.1,5.0,0.8,6.9,6A,Sports,6,,,,82.0,cricket,,,,
3597,Michael Davis,2010,7,13,Male,13597,3.4,5.9,1.4,8.3,8C,Talent,8,drama,,,,,,,,
3598,Daniel Martinez,2011,3,2,Male,13598,6.2,1.2,0.8,8.6,7A,Scholar,7,,86-99-84,science,,,,,,
3599,Joseph Lopez,2007,7,1,Male,13599,3.2,3.2,8.3,7.8,11A,Scholar,11,,92-58-84,science,,,,,,
3600,Emma Anderson,2010,3,15,Female,13600,9.4,8.5,4.2,8.5,8A,Talent,8,dance,,,,,,,,
3601,Daniel Johnson,2011,10,18,Male,13601,9.3,8.4,2.8,7.8,7B,Scholar,7,,82-78-75,mathematics,,,,,,
3602,Linda Moore,2010,6,22,Female,13602,6.0,5.0,6.9,6.9,8C,Sports,8,,,,68.2,cricket,,,,
3603,Daniel Taylor,2009,2,6,Male,13603,3.8,1.0,4.2,6.4,9A,Scholar,9,,74-70-98,science,,,,,,
3604,Donald Martinez,2012,8,20,Male,13604,4.3,7.1,5.1,7.9,6C,Talent,6,singing,,,,,,,,
3605,Susan Williams,2009,11,17,Female,13605,1.3,4.8,8.0,8.4,9A,Talent,9,dance,,,,,,,,
3606,Sarah Moore,2009,12,4,Female,13606,7.1,9.1,8.6,8.6,9A,Talent,9,dance,,,,,,,,
3607,Thomas Jones,2006,6,7,Male,13607,5.8,1.7,4.7,7.9,12B,Talent,12,singing,,,,,,,,
3608,William Moore,2011,2,23,Male,13608,0.4,5.2,9.3,7.2,7C,Talent,7,singing,,,,,,,,
3609,Sandra Davis,2011,4,18,Female,13609,5.4,3.5,2.8,8.7,7A,Talent,7,singing,,,,,,,,
3610,Charles Martinez,2012,2,15,Male,13610,7.7,8.5,3.3,7.4,6C,Sports,6,,,,74.1,chess,,,,
3611,Joseph Lopez,2010,12,12,Male,13611,6.1,7.9,3.0,9.3,8A,Scholar,8,,76-69-75,science,,,,,,
3612,Anna Jackson,2010,5,12,Female,13612,7.9,3.7,5.5,6.4,8C,Sports,8,,,,53.2,cricket,,,,
3613,Matthew Rodriguez,2010,12,1,Male,13613,1.1,9.0,0.4,6.1,8C,Talent,8,singing,,,,,,,,
3614,Michael Taylor,2007,3,15,Male,13614,1.8,5.5,7.3,6.5,11B,Talent,11,dance,,,,,,,,
3615,Maria Johnson,2007,3,26,Female,13615,4.0,1.5,5.2,6.6,11B,Sports,11,,,,90.9,cricket,,,,
3616,Elizabeth Martinez,2011,1,17,Female,13616,2.3,5.4,4.2,8.6,7A,Sports,7,,,,65.3,chess,,,,
3617,Lisa Gonzalez,2010,4,13,Female,13617,6.7,7.3,4.8,9.4,8A,Sports,8,,,,77.7,chess,,,,
3618,Lisa Lopez,2010,5,20,Female,13618,1.0,5.2,0.6,8.2,8A,Sports,8,,,,97.9,chess,,,,
3619,Laura Moore,2007,9,28,Female,13619,4.5,5.4,2.7,7.4,11C,Scholar,11,,88-55-68,science,,,,,,
3620,Jessica Moore,2007,11,3,Female,13620,8.3,0.0,1.7,6.5,11C,Talent,11,dance,,,,,,,,
3621,Richard Thomas,2009,3,22,Male,13621,8.8,0.1,7.8,9.5,9A,Sports,9,,,,64.8,cricket,,,,
3622,Patricia Wilson,2010,4,3,Female,13622,0.7,2.6,6.7,7.8,8A,Sports,8,,,,69.8,chess,,,,
3623,David Jackson,2012,1,12,Male,13623,4.0,5.6,0.1,8.1,6A,Sports,6,,,,71.5,chess,,,,
3624,Michelle Wilson,2010,8,23,Female,13624,6.9,4.9,0.4,9.5,8C,Sports,8,,,,77.1,cricket,,,,
3625,Sarah Williams,2011,2,16,Female,13625,8.1,2.9,6.2,7.0,7C,Scholar,7,,74-76-66,science,,,,,,
3626,Joseph Smith,2009,10,28,Male,13626,6.3,4.2,8.8,6.3,9B,Scholar,9,,93-63-55,science,,,,,,
3627,Maria Johnson,2009,7,12,Female,13627,3.4,3.8,1.8,6.8,9C,Scholar,9,,79-60-64,science,,,,,,
3628,Donald Jackson,2009,10,23,Male,13628,9.2,7.9,4.5,6.1,9A,Scholar,9,,89-92-74,mathematics,,,,,,
3629,Steven Miller,2008,2,13,Male,13629,5.6,6.1,3.5,9.6,10C,Sports,10,,,,60.8,cricket,,,,
3630,Laura Smith,2010,3,24,Female,13630,8.1,5.6,3.8,8.6,8A,Talent,8,singing,,,,,,,,
3631,Anthony Thomas,2012,4,21,Male,13631,2.4,7.6,8.4,9.5,6B,Talent,6,drama,,,,,,,,
3632,Elizabeth Johnson,2009,9,23,Female,13632,1.3,5.2,6.0,9.0,9A,Talent,9,dance,,,,,,,,
3633,Jennifer Johnson,2011,3,28,Female,13633,7.0,9.4,6.5,8.6,7C,Scholar,7,,71-52-90,mathematics,,,,,,
3634,Emma Jones,2012,4,2,Female,13634,1.1,8.6,3.7,6.5,6C,Sports,6,,,,58.8,cricket,,,,
3635,Karen Smith,2006,7,12,Female,13635,8.6,4.4,2.7,7.9,12B,Scholar,12,,97-92-70,mathematics,,,,,,
3636,David Martin,2007,5,11,Male,13636,2.8,6.4,8.9,7.8,11B,Talent,11,singing,,,,,,,,
3637,Patricia Miller,2007,11,21,Female,13637,5.6,5.7,5.9,7.5,11A,Sports,11,,,,61.5,chess,,,,
3638,James Miller,2012,10,18,Male,13638,7.0,6.6,2.0,8.2,6B,Talent,6,singing,,,,,,,,
3639,Laura Rodriguez,2007,6,19,Female,13639,2.7,0.4,6.6,6.3,11C,Sports,11,,,,51.9,chess,,,,
3640,Patricia Smith,2008,1,16,Female,13640,3.0,6.2,8.7,7.8,10B,Talent,10,dance,,,,,,,,
3641,Mary Thomas,2011,4,28,Female,13641,3.7,7.6,5.8,6.9,7C,Talent,7,dance,,,,,,,,
3642,John Martinez,2012,1,10,Male,13642,1.2,9.0,4.1,7.1,6C,Sports,6,,,,83.7,chess,,,,
3643,Mark Martinez,2009,12,19,Male,13643,5.3,8.1,7.7,6.3,9C,Sports,9,,,,85.6,cricket,,,,
3644,Michelle Martinez,2008,2,23,Female,13644,4.0,8.4,0.4,7.9,10C,Talent,10,dance,,,,,,,,
3645,David Martin,2011,6,22,Male,13645,1.4,0.9,5.0,9.9,7B,Sports,7,,,,50.6,chess,,,,
3646,Paul Gonzalez,2012,1,4,Male,13646,2.8,5.8,7.2,8.4,6C,Scholar,6,,92-65-54,science,,,,,,
3647,Sandra Williams,2010,2,14,Female,13647,0.6,1.4,6.9,7.9,8B,Talent,8,dance,,,,,,,,
3648,Maria Anderson,2010,1,25,Female,13648,1.3,4.2,8.5,8.3,8A,Talent,8,dance,,,,,,,,
3649,Anthony Wilson,2012,4,27,Male,13649,2.6,8.7,2.1,8.7,6C,Sports,6,,,,54.1,chess,,,,
3650,Barbara Martin,2012,4,27,Female,13650,1.5,8.5,2.7,7.1,6C,Talent,6,dance,,,,,,,,
3651,Matthew Anderson,2007,11,10,Male,13651,6.0,8.7,8.3,6.8,11A,Sports,11,,,,95.4,chess,,,,
3652,Mary Taylor,2009,12,19,Female,13652,8.2,4.2,3.3,8.6,9C,Talent,9,drama,,,,,,,,
3653,Lisa Miller,2008,3,22,Female,13653,5.2,5.8,7.3,6.0,10C,Sports,10,,,,79.2,cricket,,,,
3654,Mary Smith,2007,9,16,Female,13654,0.2,9.3,5.4,8.9,11B,Sports,11,,,,50.9,chess,,,,
3655,Anthony Garcia,2011,8,17,Male,13655,0.0,5.4,3.0,6.4,7A,Scholar,7,,91-67-75,mathematics,,,,,,
3656,Michael Jackson,2009,11,6,Male,13656,3.6,5.9,5.4,8.7,9A,Talent,9,dance,,,,,,,,
3657,Sarah Garcia,2012,5,11,Female,13657,0.8,0.0,0.7,6.0,6A,Scholar,6,,97-84-72,science,,,,,,
3658,Patricia Jackson,2011,9,12,Female,13658,1.2,4.0,4.1,6.9,7C,Scholar,7,,53-98-99,science,,,,,,
3659,Lisa Jones,2009,9,4,Female,13659,1.4,2.9,8.7,9.1,9A,Sports,9,,,,72.2,cricket,,,,
3660,Patricia Smith,2012,12,5,Female,13660,8.4,9.5,9.3,8.5,6B,Talent,6,dance,,,,,,,,
3661,George Thomas,2009,5,19,Male,13661,0.3,6.9,7.9,7.3,9B,Sports,9,,,,60.1,chess,,,,
3662,James Garcia,2009,10,4,Male,13662,0.3,6.0,2.1,8.1,9A,Talent,9,singing,,,,,,,,
3663,Anna Moore,2008,4,5,Female,13663,4.6,4.3,8.9,6.4,10A,Sports,10,,,,51.7,cricket,,,,
3664,Joseph Smith,2007,2,6,Male,13664,0.8,9.4,0.9,8.1,11B,Talent,11,singing,,,,,,,,
3665,Anthony Garcia,2011,4,14,Male,13665,6.3,3.8,5.8,7.4,7B,Scholar,7,,58-80-66,mathematics,,,,,,
3666,Thomas Wilson,2006,7,17,Male,13666,5.9,6.8,6.2,9.4,12B,Talent,12,drama,,,,,,,,
3667,Laura Anderson,2008,8,26,Female,13667,0.9,4.0,3.5,6.4,10C,Talent,10,singing,,,,,,,,
3668,Mark Jackson,2012,1,10,Male,13668,0.8,4.9,3.3,9.2,6A,Talent,6,singing,,,,,,,,
3669,Jessica Johnson,2008,2,27,Female,13669,1.2,6.5,2.3,6.3,10C,Scholar,10,,54-93-66,mathematics,,,,,,
3670,Karen Hernandez,2010,12,2,Female,13670,0.1,7.0,3.7,8.0,8B,Sports,8,,,,78.0,cricket,,,,
3671,Jessica Brown,2010,9,24,Female,13671,4.5,3.0,5.9,8.9,8A,Scholar,8,,85-52-58,mathematics,,,,,,
3672,Emma Thomas,2012,4,24,Female,13672,1.7,7.5,6.5,8.0,6B,Sports,6,,,,56.3,chess,,,,
3673,David Jones,2008,11,7,Male,13673,1.0,7.8,7.9,9.5,10C,Talent,10,drama,,,,,,,,
3674,Donald Jackson,2011,9,19,Male,13674,5.8,5.4,6.2,8.9,7B,Scholar,7,,100-95-82,science,,,,,,
3675,Daniel Gonzalez,2009,4,6,Male,13675,7.6,3.1,4.9,6.4,9C,Sports,9,,,,91.9,chess,,,,
3676,Helen Garcia,2007,4,6,Female,13676,6.0,7.9,0.2,9.4,11B,Scholar,11,,72-82-67,science,,,,,,
3677,Linda Johnson,2012,12,7,Female,13677,8.9,1.6,8.9,9.4,6A,Talent,6,dance,,,,,,,,
3678,Kenneth Martin,2008,5,7,Male,13678,7.3,1.2,7.2,6.5,10B,Sports,10,,,,78.5,chess,,,,
3679,Helen Jackson,2010,11,1,Female,13679,2.9,0.6,8.1,7.7,8B,Sports,8,,,,69.9,chess,,,,
3680,David Jones,2010,8,16,Male,13680,0.6,4.4,6.7,6.5,8C,Sports,8,,,,76.2,chess,,,,
3681,Lisa Miller,2008,1,26,Female,13681,8.6,8.3,4.6,9.4,10B,Talent,10,dance,,,,,,,,
3682,Mark Martinez,2012,11,1,Male,13682,7.0,4.9,8.6,7.2,6A,Sports,6,,,,69.6,cricket,,,,
3683,Karen Miller,2009,7,11,Female,13683,3.6,1.8,2.8,9.2,9A,Talent,9,dance,,,,,,,,
3684,James Lopez,2006,12,25,Male,13684,2.8,2.9,9.4,6.8,12A,Talent,12,singing,,,,,,,,
3685,William Garcia,2010,9,18,Male,13685,7.8,6.3,3.9,6.0,8B,Sports,8,,,,61.4,cricket,,,,
3686,Joseph Hernandez,2012,3,17,Male,13686,0.3,2.7,1.5,6.5,6A,Talent,6,dance,,,,,,,,
3687,Michelle Moore,2012,9,19,Female,13687,4.4,3.9,2.1,6.1,6C,Scholar,6,,98-76-87,mathematics,,,,,,
3688,Steven Davis,2012,10,27,Male,13688,3.4,6.5,7.6,8.5,6A,Scholar,6,,53-89-61,mathematics,,,,,,
3689,Mark Rodriguez,2012,8,28,Male,13689,0.7,6.4,4.1,9.2,6B,Scholar,6,,85-61-52,science,,,,,,
3690,Andrew Jones,2011,3,10,Male,13690,5.4,2.9,1.1,9.0,7C,Talent,7,singing,,,,,,,,
3691,Linda Hernandez,2011,9,19,Female,13691,0.2,2.1,4.5,9.4,7B,Scholar,7,,81-65-81,science,,,,,,
3692,Helen Martin,2012,2,10,Female,13692,4.6,1.5,5.1,8.2,6C,Sports,6,,,,61.1,cricket,,,,
3693,Mary Wilson,2011,9,25,Female,13693,5.0,0.8,5.4,8.5,7C,Talent,7,drama,,,,,,,,
3694,Sandra Brown,2006,10,27,Female,13694,2.7,3.1,4.0,6.5,12C,Talent,12,dance,,,,,,,,
3695,Sarah Garcia,2007,5,3,Female,13695,1.1,3.1,1.9,8.9,11B,Scholar,11,,75-54-59,science,,,,,,
3696,Anthony Hernandez,2009,10,5,Male,13696,1.2,1.6,7.1,8.7,9C,Talent,9,dance,,,,,,,,
3697,Mark Jackson,2011,4,27,Male,13697,4.0,6.4,7.0,7.6,7C,Scholar,7,,88-63-70,mathematics,,,,,,
3698,Lisa Brown,2009,10,5,Female,13698,0.6,1.9,2.6,8.2,9A,Talent,9,singing,,,,,,,,
3699,Michelle Hernandez,2012,4,11,Female,13699,3.6,2.8,7.4,7.5,6C,Scholar,6,,68-89-61,mathematics,,,,,,
3700,Maria Garcia,2008,2,2,Female,13700,9.0,6.9,8.0,8.5,10B,Talent,10,dance,,,,,,,,
3701,Anthony Anderson,2010,3,19,Male,13701,6.6,7.7,1.8,9.2,8B,Scholar,8,,97-92-53,mathematics,,,,,,
3702,Joseph Moore,2007,6,16,Male,13702,6.3,3.3,6.5,9.3,11B,Scholar,11,,72-72-79,science,,,,,,
3703,Daniel Martin,2009,5,14,Male,13703,7.7,5.6,3.1,7.7,9C,Scholar,9,,80-51-83,science,,,,,,
3704,Kenneth Jackson,2012,5,28,Male,13704,2.7,8.4,5.9,7.1,6C,Sports,6,,,,88.7,cricket,,,,
3705,Matthew Rodriguez,2007,2,7,Male,13705,2.5,7.6,4.7,8.8,11A,Sports,11,,,,75.8,chess,,,,
3706,Jessica Garcia,2012,3,10,Female,13706,8.7,2.7,0.7,8.5,6B,Scholar,6,,100-53-99,mathematics,,,,,,
3707,Jennifer Lopez,2009,12,9,Female,13707,1.0,4.0,5.2,7.2,9B,Talent,9,singing,,,,,,,,
3708,Barbara Brown,2007,2,10,Female,13708,8.7,9.4,6.7,6.5,11C,Talent,11,singing,,,,,,,,
3709,Thomas Taylor,2006,3,25,Male,13709,5.8,5.7,4.2,9.7,12C,Talent,12,singing,,,,,,,,
3710,Daniel Hernandez,2011,7,16,Male,13710,8.4,3.0,6.6,9.0,7B,Sports,7,,,,60.6,cricket,,,,
3711,Anthony Martinez,2007,9,11,Male,13711,8.2,7.9,2.9,7.9,11A,Talent,11,dance,,,,,,,,
3712,William Lopez,2009,4,24,Male,13712,2.3,3.4,3.5,8.9,9C,Sports,9,,,,82.0,cricket,,,,
3713,John Johnson,2011,5,8,Male,13713,0.2,6.9,9.4,9.6,7B,Talent,7,dance,,,,,,,,
3714,Donald Martinez,2009,12,9,Male,13714,1.9,2.2,4.1,9.5,9B,Sports,9,,,,86.1,cricket,,,,
3715,Kenneth Martinez,2007,9,21,Male,13715,4.0,4.2,9.4,8.7,11C,Sports,11,,,,55.0,chess,,,,
3716,Susan Davis,2009,1,2,Female,13716,3.9,6.9,3.1,8.6,9A,Sports,9,,,,75.1,chess,,,,
3717,Helen Rodriguez,2011,12,17,Female,13717,1.5,1.7,8.2,7.6,7C,Scholar,7,,82-51-85,mathematics,,,,,,
3718,Charles Martinez,2007,2,11,Male,13718,3.5,6.6,1.0,7.9,11C,Talent,11,dance,,,,,,,,
3719,Samantha Moore,2006,3,13,Female,13719,8.5,1.5,0.4,6.9,12A,Sports,12,,,,95.6,chess,,,,
3720,Joseph Davis,2006,2,28,Male,13720,3.8,5.5,1.0,8.1,12A,Scholar,12,,82-90-78,mathematics,,,,,,
3721,Michael Lopez,2010,10,3,Male,13721,5.5,5.2,0.6,8.6,8C,Scholar,8,,76-76-99,mathematics,,,,,,
3722,Kenneth Johnson,2011,9,3,Male,13722,8.0,8.1,1.4,7.4,7C,Scholar,7,,76-73-62,mathematics,,,,,,
3723,Anna Wilson,2006,5,11,Female,13723,5.1,1.7,1.6,6.1,12A,Talent,12,drama,,,,,,,,
3724,Barbara Williams,2006,5,14,Female,13724,3.0,3.8,1.2,7.7,12A,Sports,12,,,,65.6,cricket,,,,
3725,Helen Smith,2010,4,2,Female,13725,4.8,2.4,5.6,7.6,8B,Sports,8,,,,50.3,cricket,,,,
3726,Samantha Davis,2012,4,14,Female,13726,7.7,2.0,1.4,9.8,6B,Sports,6,,,,67.5,chess,,,,
3727,Linda Moore,2006,6,14,Female,13727,7.4,7.4,7.2,9.8,12C,Scholar,12,,50-88-73,science,,,,,,
3728,John Smith,2009,12,25,Male,13728,4.1,7.9,4.2,9.3,9B,Sports,9,,,,91.1,chess,,,,
3729,Helen Johnson,2011,9,2,Female,13729,6.4,3.1,1.0,6.6,7B,Scholar,7,,97-55-53,science,,,,,,
3730,Matthew Lopez,2009,3,17,Male,13730,1.1,0.2,4.7,8.2,9C,Sports,9,,,,89.3,cricket,,,,
3731,Paul Anderson,2010,1,20,Male,13731,2.1,9.0,5.0,7.5,8C,Scholar,8,,67-55-91,mathematics,,,,,,
3732,Kenneth Hernandez,2009,9,5,Male,13732,7.9,8.3,3.1,9.7,9C,Scholar,9,,94-58-77,science,,,,,,
3733,Daniel Lopez,2007,9,17,Male,13733,4.6,7.4,4.3,6.1,11C,Scholar,11,,71-97-80,mathematics,,,,,,
3734,Joseph Jackson,2010,11,23,Male,13734,5.5,8.7,0.7,7.9,8B,Sports,8,,,,67.8,cricket,,,,
3735,Mark Jones,2007,7,13,Male,13735,2.7,6.8,5.8,6.4,11C,Sports,11,,,,63.3,cricket,,,,
3736,William Jones,2007,7,5,Male,13736,3.9,9.3,6.5,7.9,11A,Scholar,11,,65-93-68,mathematics,,,,,,
3737,Susan Jones,2010,12,4,Female,13737,8.0,0.4,1.1,6.0,8C,Talent,8,dance,,,,,,,,
3738,Sandra Moore,2009,4,11,Female,13738,4.5,1.0,1.4,7.3,9C,Scholar,9,,68-71-64,mathematics,,,,,,
3739,Andrew Smith,2007,7,24,Male,13739,1.5,2.2,6.8,9.5,11C,Sports,11,,,,77.6,chess,,,,
3740,Lisa Martinez,2007,11,19,Female,13740,8.6,2.8,8.5,6.8,11B,Scholar,11,,56-60-73,mathematics,,,,,,
3741,Charles Rodriguez,2009,9,27,Male,13741,6.6,9.5,7.9,9.3,9C,Sports,9,,,,68.4,cricket,,,,
3742,Charles Taylor,2009,6,16,Male,13742,2.0,8.5,7.8,9.1,9B,Scholar,9,,85-64-50,mathematics,,,,,,
3743,David Garcia,2011,10,25,Male,13743,7.8,2.6,1.6,8.4,7B,Sports,7,,,,56.6,cricket,,,,
3744,Anna Martinez,2006,8,17,Female,13744,7.5,6.1,0.3,9.3,12B,Scholar,12,,88-50-99,science,,,,,,
3745,Paul Hernandez,2010,11,2,Male,13745,7.2,4.7,3.1,6.2,8A,Talent,8,dance,,,,,,,,
3746,Jennifer Thomas,2008,4,13,Female,13746,0.8,0.0,3.0,6.6,10B,Scholar,10,,94-62-61,mathematics,,,,,,
3747,Charles Gonzalez,2011,8,22,Male,13747,7.0,4.1,8.8,9.8,7A,Talent,7,drama,,,,,,,,
3748,Susan Williams,2009,10,20,Female,13748,1.4,6.8,1.0,7.2,9B,Sports,9,,,,64.7,cricket,,,,
3749,Laura Hernandez,2009,5,21,Female,13749,3.6,2.5,7.9,7.8,9C,Talent,9,dance,,,,,,,,
3750,Linda Davis,2012,1,23,Female,13750,3.3,6.9,0.7,9.8,6C,Sports,6,,,,97.1,chess,,,,
3751,Patricia Davis,2010,9,13,Female,13751,6.6,3.2,4.6,7.5,8B,Sports,8,,,,89.5,cricket,,,,
3752,Susan Jones,2010,11,11,Female,13752,6.2,6.2,4.1,6.8,8B,Scholar,8,,64-57-67,mathematics,,,,,,
3753,Charles Thomas,2009,10,8,Male,13753,5.8,8.8,3.8,7.7,9A,Talent,9,singing,,,,,,,,
3754,Robert Jones,2007,9,4,Male,13754,1.7,6.1,9.3,9.1,11C,Sports,11,,,,73.0,cricket,,,,
3755,Patricia Garcia,2007,11,14,Female,13755,6.4,0.4,3.3,9.3,11C,Sports,11,,,,50.7,chess,,,,
3756,Jennifer Brown,2010,7,11,Female,13756,3.0,7.8,8.3,8.3,8A,Sports,8,,,,95.5,chess,,,,
3757,Samantha Gonzalez,2009,11,28,Female,13757,7.2,5.8,0.8,10.0,9B,Sports,9,,,,66.7,chess,,,,
3758,Donald Wilson,2012,2,23,Male,13758,0.3,0.3,0.4,7.3,6A,Talent,6,dance,,,,,,,,
3759,John Wilson,2012,6,13,Male,13759,5.8,0.0,1.8,8.3,6C,Sports,6,,,,92.3,cricket,,,,
3760,Samantha Anderson,2010,3,3,Female,13760,3.3,2.5,3.8,8.1,8A,Talent,8,dance,,,,,,,,
3761,Susan Martinez,2011,3,16,Female,13761,2.0,8.2,1.9,8.0,7A,Scholar,7,,92-63-75,science,,,,,,
3762,Mary Thomas,2006,5,7,Female,13762,9.2,5.7,8.3,7.0,12A,Scholar,12,,85-97-55,science,,,,,,
3763,Maria Jones,2008,7,9,Female,13763,6.9,6.7,7.5,7.3,10A,Sports,10,,,,94.1,chess,,,,
3764,Michael Wilson,2011,4,27,Male,13764,7.6,3.8,6.3,9.9,7B,Sports,7,,,,64.7,cricket,,,,
3765,Christine Miller,2007,1,11,Female,13765,2.2,2.5,8.5,8.2,11A,Talent,11,singing,,,,,,,,
3766,Joseph Jones,2006,12,14,Male,13766,6.8,1.0,2.8,7.5,12B,Talent,12,drama,,,,,,,,
3767,Emma Jackson,2012,1,19,Female,13767,4.9,3.4,7.1,8.2,6C,Talent,6,dance,,,,,,,,
3768,Karen Taylor,2008,1,13,Female,13768,0.4,2.9,1.5,8.2,10A,Talent,10,singing,,,,,,,,
3769,Mary Davis,2008,12,19,Female,13769,9.3,3.9,5.0,8.6,10C,Scholar,10,,95-77-50,science,,,,,,
3770,Richard Hernandez,2010,7,16,Male,13770,8.9,6.7,9.3,9.4,8C,Scholar,8,,79-75-80,mathematics,,,,,,
3771,Mary Lopez,2009,11,7,Female,13771,6.1,2.7,3.4,6.7,9B,Talent,9,drama,,,,,,,,
3772,Barbara Garcia,2006,5,6,Female,13772,7.5,7.9,0.3,8.5,12A,Sports,12,,,,51.4,cricket,,,,
3773,Robert Martin,2012,4,13,Male,13773,8.5,5.0,5.3,9.1,6B,Scholar,6,,52-72-88,mathematics,,,,,,
3774,David Martin,2010,6,19,Male,13774,6.3,6.3,5.9,8.8,8C,Talent,8,dance,,,,,,,,
3775,Donald Jackson,2007,10,17,Male,13775,1.6,8.3,8.5,9.0,11A,Scholar,11,,81-91-89,science,,,,,,
3776,Andrew Taylor,2007,10,17,Male,13776,7.0,5.0,0.5,8.0,11B,Sports,11,,,,94.5,chess,,,,
3777,Linda Wilson,2012,8,7,Female,13777,0.8,0.3,4.4,9.8,6B,Scholar,6,,82-56-80,science,,,,,,
3778,Samantha Johnson,2010,5,5,Female,13778,1.4,3.6,6.3,8.3,8A,Talent,8,drama,,,,,,,,
3779,George Gonzalez,2006,7,6,Male,13779,1.5,4.5,7.5,9.5,12B,Scholar,12,,86-66-70,mathematics,,,,,,
3780,Jennifer Smith,2008,4,24,Female,13780,9.0,8.1,4.6,9.4,10B,Sports,10,,,,59.3,cricket,,,,
3781,Anthony Lopez,2008,2,21,Male,13781,3.3,6.1,2.4,7.7,10B,Sports,10,,,,88.5,cricket,,,,
3782,Daniel Jackson,2006,1,24,Male,13782,4.1,4.5,4.6,8.0,12C,Talent,12,dance,,,,,,,,
3783,Anna Lopez,2008,7,13,Female,13783,8.2,8.5,4.2,9.5,10A,Sports,10,,,,64.9,chess,,,,
3784,Susan Wilson,2010,12,19,Female,13784,8.9,8.7,2.2,10.0,8C,Scholar,8,,78-90-85,science,,,,,,
3785,Kenneth Martinez,2009,9,14,Male,13785,4.6,9.4,2.2,7.0,9C,Scholar,9,,80-55-52,science,,,,,,
3786,Samantha Taylor,2006,6,8,Female,13786,8.2,7.9,0.0,7.3,12B,Talent,12,singing,,,,,,,,
3787,Steven Wilson,2007,7,14,Male,13787,5.9,6.7,4.1,9.8,11C,Scholar,11,,78-99-53,science,,,,,,
3788,Michelle Williams,2007,2,9,Female,13788,1.7,6.0,5.1,6.6,11B,Sports,11,,,,88.9,chess,,,,
3789,John Wilson,2008,9,5,Male,13789,2.2,8.5,3.7,8.2,10A,Scholar,10,,63-54-73,mathematics,,,,,,
3790,Anthony Wilson,2010,2,6,Male,13790,0.6,7.6,1.1,7.5,8B,Scholar,8,,81-57-76,mathematics,,,,,,
3791,Thomas Martinez,2012,4,23,Male,13791,8.7,0.1,3.5,8.7,6B,Scholar,6,,95-91-54,science,,,,,,
3792,Daniel Martin,2012,5,17,Male,13792,1.7,0.1,3.3,6.4,6C,Talent,6,drama,,,,,,,,
3793,Maria Thomas,2010,10,10,Female,13793,4.6,7.0,7.6,7.9,8B,Talent,8,dance,,,,,,,,
3794,David Miller,2012,8,25,Male,13794,0.7,0.8,8.4,8.3,6B,Sports,6,,,,74.4,chess,,,,
3795,Paul Davis,2006,11,23,Male,13795,1.8,7.9,9.5,6.3,12B,Sports,12,,,,82.7,cricket,,,,
3796,Michael Williams,2010,12,6,Male,13796,1.8,9.2,0.8,9.3,8C,Scholar,8,,57-74-54,science,,,,,,
3797,Samantha Williams,2010,3,21,Female,13797,4.3,7.9,0.4,7.9,8C,Sports,8,,,,71.5,chess,,,,
3798,Matthew Hernandez,2011,4,23,Male,13798,9.1,4.0,0.4,8.3,7A,Scholar,7,,91-58-85,mathematics,,,,,,
3799,Andrew Wilson,2012,10,15,Male,13799,3.9,8.6,7.0,8.7,6C,Sports,6,,,,97.1,cricket,,,,
3800,James Miller,2012,5,23,Male,13800,4.4,5.0,3.2,6.6,6C,Scholar,6,,65-69-69,mathematics,,,,,,
3801,Michelle Smith,2009,8,18,Female,13801,6.1,0.8,7.0,8.6,9B,Talent,9,drama,,,,,,,,
3802,David Martin,2008,6,5,Male,13802,9.1,5.7,2.8,9.1,10C,Sports,10,,,,60.9,chess,,,,
3803,Christine Lopez,2007,12,27,Female,13803,4.1,0.4,4.1,9.9,11C,Talent,11,singing,,,,,,,,
3804,Daniel Lopez,2006,1,15,Male,13804,6.1,4.6,4.8,9.8,12B,Sports,12,,,,93.6,cricket,,,,
3805,Helen Thomas,2011,9,23,Female,13805,5.4,1.1,0.6,8.5,7B,Scholar,7,,73-57-95,science,,,,,,
3806,George Smith,2010,8,17,Male,13806,8.7,1.4,0.2,7.5,8C,Scholar,8,,71-80-55,science,,,,,,
3807,Karen Davis,2008,7,3,Female,13807,3.2,3.2,7.9,8.6,10C,Scholar,10,,87-85-74,mathematics,,,,,,
3808,Helen Taylor,2006,8,28,Female,13808,5.1,5.6,1.9,8.4,12A,Sports,12,,,,76.6,cricket,,,,
3809,Kenneth Hernandez,2008,2,25,Male,13809,6.6,8.7,2.5,6.2,10A,Scholar,10,,52-69-95,mathematics,,,,,,
3810,Emma Jones,2008,3,23,Female,13810,0.6,6.3,2.3,6.8,10A,Scholar,10,,92-95-67,mathematics,,,,,,
3811,Michael Williams,2006,1,6,Male,13811,2.0,9.0,3.9,8.5,12C,Sports,12,,,,88.5,chess,,,,
3812,Matthew Taylor,2012,7,17,Male,13812,1.7,5.8,0.1,7.2,6C,Talent,6,singing,,,,,,,,
3813,Anna Johnson,2009,11,1,Female,13813,1.7,6.5,1.9,9.5,9B,Talent,9,dance,,,,,,,,
3814,Charles Davis,2012,4,9,Male,13814,6.5,4.3,5.3,7.8,6B,Scholar,6,,52-53-66,mathematics,,,,,,
3815,Barbara Anderson,2011,1,11,Female,13815,2.1,7.5,7.7,8.2,7C,Scholar,7,,62-99-75,science,,,,,,
3816,Jessica Smith,2010,1,4,Female,13816,2.5,8.5,7.5,6.8,8C,Scholar,8,,88-93-77,science,,,,,,
3817,Michelle Johnson,2007,2,7,Female,13817,6.8,5.6,5.5,6.7,11A,Scholar,11,,53-97-65,science,,,,,,
3818,Helen Hernandez,2007,8,6,Female,13818,7.7,0.4,0.3,8.7,11B,Sports,11,,,,89.2,chess,,,,
3819,Patricia Davis,2009,8,1,Female,13819,5.8,8.2,4.8,7.3,9C,Scholar,9,,97-85-58,mathematics,,,,,,
3820,Maria Taylor,2011,2,19,Female,13820,5.6,1.8,0.8,8.2,7C,Sports,7,,,,81.6,chess,,,,
3821,Karen Smith,2007,10,15,Female,13821,8.9,7.0,7.4,6.7,11A,Sports,11,,,,97.1,cricket,,,,
3822,Mary Garcia,2007,2,2,Female,13822,7.0,6.7,1.2,8.7,11B,Scholar,11,,65-94-93,mathematics,,,,,,
3823,James Johnson,2012,3,8,Male,13823,0.8,9.4,0.3,7.1,6C,Talent,6,dance,,,,,,,,
3824,Barbara Moore,2009,4,1,Female,13824,5.1,1.7,5.8,7.1,9C,Sports,9,,,,85.4,chess,,,,
3825,Emma Jackson,2008,10,24,Female,13825,5.9,9.4,8.3,6.9,10A,Talent,10,singing,,,,,,,,
3826,Samantha Jones,2007,2,27,Female,13826,1.1,5.8,3.3,9.1,11C,Talent,11,drama,,,,,,,,
3827,Jennifer Thomas,2011,12,15,Female,13827,5.3,2.7,8.6,6.5,7A,Talent,7,dance,,,,,,,,
3828,Jennifer Hernandez,2012,12,27,Female,13828,0.2,1.9,2.6,6.3,6B,Talent,6,dance,,,,,,,,
3829,Steven Jackson,2011,2,11,Male,13829,3.0,5.5,2.9,8.5,7A,Talent,7,dance,,,,,,,,
3830,Richard Anderson,2011,8,9,Male,13830,7.4,3.7,5.3,8.7,7C,Sports,7,,,,68.7,chess,,,,
3831,Richard Martinez,2008,9,4,Male,13831,2.4,1.3,3.9,9.1,10A,Sports,10,,,,53.4,chess,,,,
3832,David Rodriguez,2007,8,9,Male,13832,6.7,5.8,9.2,8.0,11C,Sports,11,,,,52.6,chess,,,,
3833,Elizabeth Martinez,2011,9,22,Female,13833,5.3,9.4,7.8,6.3,7B,Scholar,7,,72-79-66,mathematics,,,,,,
3834,Donald Thomas,2009,8,2,Male,13834,7.7,0.4,4.3,6.3,9A,Talent,9,dance,,,,,,,,
3835,Joseph Martin,2011,6,9,Male,13835,2.1,4.6,2.4,6.5,7B,Talent,7,singing,,,,,,,,
3836,Kenneth Davis,2011,11,28,Male,13836,4.7,2.3,7.2,9.0,7A,Sports,7,,,,75.4,cricket,,,,
3837,Matthew Jackson,2012,8,24,Male,13837,1.2,8.3,0.7,8.3,6B,Scholar,6,,57-68-74,mathematics,,,,,,
3838,John Anderson,2007,2,1,Male,13838,2.0,7.7,7.3,7.5,11C,Talent,11,singing,,,,,,,,
3839,Jessica Davis,2008,7,6,Female,13839,8.1,3.0,3.8,6.9,10C,Talent,10,drama,,,,,,,,
3840,Jessica Thomas,2009,11,5,Female,13840,0.9,1.2,9.1,9.2,9C,Scholar,9,,85-65-86,science,,,,,,
3841,Karen Brown,2010,6,27,Female,13841,5.4,7.9,7.6,6.5,8C,Talent,8,singing,,,,,,,,
3842,Anthony Moore,2006,8,15,Male,13842,6.2,3.0,5.2,6.7,12B,Scholar,12,,90-60-54,mathematics,,,,,,
3843,Kenneth Jones,2006,2,10,Male,13843,2.7,2.0,2.7,7.1,12A,Talent,12,dance,,,,,,,,
3844,Maria Brown,2011,4,22,Female,13844,3.5,0.6,0.9,9.7,7A,Scholar,7,,76-71-72,mathematics,,,,,,
3845,Sarah Taylor,2009,1,12,Female,13845,8.3,7.7,2.5,7.5,9C,Talent,9,dance,,,,,,,,
3846,Michael Martin,2008,6,8,Male,13846,4.3,5.8,3.4,9.4,10B,Sports,10,,,,89.8,cricket,,,,
3847,Laura Martin,2010,4,26,Female,13847,6.1,2.9,4.8,8.4,8C,Talent,8,dance,,,,,,,,
3848,Susan Martin,2006,9,2,Female,13848,1.4,1.5,4.3,8.2,12B,Scholar,12,,82-55-60,mathematics,,,,,,
3849,George Hernandez,2007,7,14,Male,13849,2.3,9.4,2.8,8.8,11C,Talent,11,drama,,,,,,,,
3850,Linda Garcia,2010,5,16,Female,13850,8.4,8.2,7.8,6.2,8C,Scholar,8,,87-93-93,mathematics,,,,,,
3851,William Gonzalez,2010,12,3,Male,13851,4.4,1.1,7.0,9.8,8B,Talent,8,singing,,,,,,,,
3852,Richard Miller,2009,10,4,Male,13852,9.5,5.5,4.1,8.0,9A,Sports,9,,,,86.2,chess,,,,
3853,Mary Rodriguez,2010,7,2,Female,13853,2.3,5.4,4.3,6.5,8B,Scholar,8,,52-80-51,science,,,,,,
3854,Linda Anderson,2012,11,23,Female,13854,5.1,5.0,2.2,9.5,6B,Talent,6,dance,,,,,,,,
3855,Patricia Johnson,2008,6,16,Female,13855,5.0,5.4,1.0,6.0,10B,Sports,10,,,,93.5,cricket,,,,
3856,Laura Garcia,2011,11,12,Female,13856,5.5,9.2,4.2,6.7,7B,Sports,7,,,,72.2,chess,,,,
3857,Matthew Gonzalez,2012,2,5,Male,13857,7.2,3.1,8.7,8.8,6A,Sports,6,,,,87.2,chess,,,,
3858,John Davis,2007,11,2,Male,13858,4.6,7.4,1.2,7.1,11A,Scholar,11,,85-72-77,science,,,,,,
3859,Mark Anderson,2008,12,25,Male,13859,7.7,6.6,4.2,9.9,10A,Talent,10,singing,,,,,,,,
3860,Christine Thomas,2008,2,14,Female,13860,7.5,6.9,0.6,7.6,10C,Sports,10,,,,58.5,chess,,,,
3861,Mark Martin,2010,6,1,Male,13861,9.0,3.6,3.9,8.1,8C,Sports,8,,,,71.2,cricket,,,,
3862,George Lopez,2008,9,18,Male,13862,5.7,3.6,8.5,9.9,10A,Sports,10,,,,54.1,chess,,,,
3863,Sandra Martin,2009,4,6,Female,13863,6.8,5.6,7.4,9.1,9B,Talent,9,drama,,,,,,,,
3864,Jennifer Taylor,2008,8,19,Female,13864,1.4,3.4,8.4,7.4,10B,Talent,10,drama,,,,,,,,
3865,Anthony Williams,2012,6,10,Male,13865,5.4,0.4,0.5,7.3,6B,Scholar,6,,94-59-92,science,,,,,,
3866,Anthony Miller,2008,11,20,Male,13866,0.5,4.5,3.1,8.3,10A,Talent,10,singing,,,,,,,,
3867,Donald Moore,2010,2,7,Male,13867,1.1,2.9,2.1,9.2,8A,Sports,8,,,,64.3,chess,,,,
3868,Barbara Garcia,2012,3,3,Female,13868,2.1,5.2,1.4,8.7,6B,Scholar,6,,54-69-82,mathematics,,,,,,
3869,David Rodriguez,2008,9,10,Male,13869,6.7,1.2,8.3,7.7,10A,Talent,10,drama,,,,,,,,
3870,Patricia Martinez,2006,4,26,Female,13870,9.0,0.6,8.4,7.9,12C,Talent,12,drama,,,,,,,,
3871,Maria Miller,2007,5,11,Female,13871,0.6,6.3,4.6,6.2,11C,Talent,11,drama,,,,,,,,
3872,Mary Gonzalez,2008,11,8,Female,13872,0.7,7.5,6.7,9.0,10B,Scholar,10,,57-94-70,mathematics,,,,,,
3873,Kenneth Jackson,2008,4,14,Male,13873,8.3,4.0,4.7,8.6,10C,Talent,10,singing,,,,,,,,
3874,Elizabeth Smith,2009,7,3,Female,13874,6.4,9.2,2.7,7.9,9A,Scholar,9,,68-59-84,science,,,,,,
3875,Anna Rodriguez,2010,9,2,Female,13875,9.4,1.7,2.4,8.0,8B,Talent,8,drama,,,,,,,,
3876,Linda Jones,2008,9,11,Female,13876,7.2,1.7,9.0,9.9,10B,Sports,10,,,,86.1,cricket,,,,
3877,Charles Garcia,2008,11,2,Male,13877,0.2,7.6,0.9,7.3,10B,Scholar,10,,85-70-61,science,,,,,,
3878,Donald Wilson,2009,3,9,Male,13878,7.3,1.2,1.5,9.8,9C,Sports,9,,,,68.5,chess,,,,
3879,Daniel Thomas,2006,5,11,Male,13879,7.4,3.8,7.7,9.6,12B,Sports,12,,,,63.2,chess,,,,
3880,Joseph Smith,2008,1,14,Male,13880,4.9,6.3,4.1,8.8,10C,Sports,10,,,,76.0,chess,,,,
3881,Elizabeth Garcia,2012,12,11,Female,13881,3.8,3.0,4.8,8.9,6B,Sports,6,,,,64.2,chess,,,,
3882,Sandra Garcia,2007,1,16,Female,13882,8.6,8.8,8.9,9.2,11C,Talent,11,singing,,,,,,,,
3883,Robert Gonzalez,2009,11,15,Male,13883,8.5,4.5,0.8,8.9,9B,Scholar,9,,63-52-77,mathematics,,,,,,
3884,Mark Rodriguez,2010,12,1,Male,13884,7.9,2.8,0.1,7.1,8A,Scholar,8,,59-92-94,science,,,,,,
3885,Mary Rodriguez,2007,2,12,Female,13885,4.3,3.7,4.3,9.9,11A,Talent,11,singing,,,,,,,,
3886,George Wilson,2010,10,15,Male,13886,4.4,3.6,0.9,9.9,8B,Talent,8,drama,,,,,,,,
3887,Thomas Thomas,2012,12,3,Male,13887,6.7,6.5,5.0,9.4,6B,Talent,6,singing,,,,,,,,
3888,Karen Gonzalez,2007,6,28,Female,13888,3.2,6.3,2.4,6.3,11B,Sports,11,,,,90.8,chess,,,,
3889,Richard Martin,2008,1,7,Male,13889,6.5,2.2,9.4,7.6,10A,Sports,10,,,,73.2,cricket,,,,
3890,George Martinez,2009,12,5,Male,13890,9.5,2.1,4.3,6.3,9B,Sports,9,,,,59.8,cricket,,,,
3891,Patricia Rodriguez,2011,5,21,Female,13891,4.3,4.3,5.2,7.4,7C,Talent,7,dance,,,,,,,,
3892,Donald Thomas,2008,12,12,Male,13892,5.1,3.0,7.1,8.5,10A,Talent,10,drama,,,,,,,,
3893,Barbara Williams,2011,5,23,Female,13893,0.3,1.5,8.5,7.4,7A,Talent,7,drama,,,,,,,,
3894,Matthew Davis,2012,3,10,Male,13894,8.0,7.4,4.8,9.9,6B,Sports,6,,,,86.7,chess,,,,
3895,Anthony Johnson,2010,11,10,Male,13895,0.2,1.9,8.1,7.2,8A,Sports,8,,,,97.4,cricket,,,,
3896,Joseph Lopez,2006,3,8,Male,13896,2.0,5.1,2.8,9.0,12A,Scholar,12,,88-93-61,mathematics,,,,,,
3897,Michelle Thomas,2010,10,7,Female,13897,2.5,8.3,1.8,8.7,8C,Talent,8,drama,,,,,,,,
3898,Daniel Thomas,2011,11,25,Male,13898,8.3,1.9,7.0,9.1,7B,Talent,7,singing,,,,,,,,
3899,Emma Martin,2007,6,1,Female,13899,8.9,6.1,2.7,8.0,11A,Scholar,11,,71-54-95,mathematics,,,,,,
3900,Maria Smith,2009,8,1,Female,13900,7.6,3.8,5.0,7.8,9C,Sports,9,,,,84.9,chess,,,,
3901,Andrew Hernandez,2011,8,21,Male,13901,2.4,1.0,1.1,7.3,7A,Talent,7,drama,,,,,,,,
3902,Mark Rodriguez,2011,2,1,Male,13902,7.4,6.8,1.2,8.3,7C,Sports,7,,,,81.9,cricket,,,,
3903,Maria Martin,2012,6,15,Female,13903,4.8,8.0,0.3,6.5,6B,Sports,6,,,,87.3,cricket,,,,
3904,Andrew Gonzalez,2012,6,1,Male,13904,0.3,2.6,5.5,8.1,6C,Sports,6,,,,81.4,chess,,,,
3905,Laura Jones,2011,1,20,Female,13905,0.1,7.2,9.0,8.5,7C,Talent,7,drama,,,,,,,,
3906,Patricia Brown,2007,7,24,Female,13906,5.9,2.3,6.0,6.6,11B,Talent,11,singing,,,,,,,,
3907,Christine Rodriguez,2010,2,8,Female,13907,3.2,8.5,6.5,7.1,8B,Talent,8,singing,,,,,,,,
3908,John Davis,2006,4,23,Male,13908,2.7,7.8,1.6,7.5,12A,Scholar,12,,66-82-99,mathematics,,,,,,
3909,Anthony Davis,2007,11,7,Male,13909,8.8,4.0,1.7,9.5,11A,Scholar,11,,63-65-82,mathematics,,,,,,
3910,Jessica Miller,2010,5,21,Female,13910,2.5,4.3,8.3,8.3,8C,Scholar,8,,84-100-51,science,,,,,,
3911,Maria Martinez,2009,2,9,Female,13911,8.9,0.2,7.2,9.5,9B,Sports,9,,,,76.7,chess,,,,
3912,Jessica Gonzalez,2009,9,20,Female,13912,1.1,0.1,9.1,6.5,9C,Scholar,9,,69-93-94,mathematics,,,,,,
3913,Thomas Jones,2007,10,4,Male,13913,8.5,7.3,4.4,6.8,11A,Sports,11,,,,79.8,chess,,,,
3914,Linda Jones,2006,1,9,Female,13914,6.2,6.8,8.0,9.0,12C,Talent,12,drama,,,,,,,,
3915,Helen Anderson,2012,9,20,Female,13915,0.3,3.9,0.5,8.6,6B,Talent,6,dance,,,,,,,,
3916,Robert Davis,2008,10,25,Male,13916,1.4,8.7,7.2,8.9,10B,Sports,10,,,,73.2,chess,,,,
3917,Sarah Johnson,2008,5,1,Female,13917,7.7,4.5,4.0,6.4,10C,Talent,10,singing,,,,,,,,
3918,Maria Hernandez,2009,8,25,Female,13918,9.2,0.7,0.4,9.6,9C,Sports,9,,,,75.2,cricket,,,,
3919,Sarah Jackson,2007,4,25,Female,13919,9.5,2.8,6.2,8.7,11B,Scholar,11,,73-78-83,science,,,,,,
3920,Daniel Thomas,2010,5,8,Male,13920,7.1,2.6,6.4,8.5,8C,Sports,8,,,,82.3,cricket,,,,
3921,Kenneth Davis,2006,2,17,Male,13921,6.3,9.4,4.9,9.6,12A,Scholar,12,,64-91-75,science,,,,,,
3922,Thomas Johnson,2009,1,17,Male,13922,6.9,5.5,5.8,7.9,9C,Talent,9,singing,,,,,,,,
3923,Sarah Moore,2011,2,8,Female,13923,6.2,0.9,8.1,8.6,7B,Scholar,7,,74-89-73,science,,,,,,
3924,Paul Taylor,2012,12,24,Male,13924,9.3,0.2,8.8,9.6,6A,Talent,6,dance,,,,,,,,
3925,David Johnson,2012,8,6,Male,13925,7.7,1.1,9.1,8.3,6C,Sports,6,,,,80.4,chess,,,,
3926,George Taylor,2012,8,7,Male,13926,3.3,1.7,8.3,8.6,6A,Scholar,6,,94-94-62,science,,,,,,
3927,Anna Martin,2009,12,28,Female,13927,2.2,3.1,1.5,6.0,9C,Talent,9,singing,,,,,,,,
3928,Christine Brown,2009,3,27,Female,13928,7.4,3.7,2.7,8.3,9A,Scholar,9,,98-89-54,science,,,,,,
3929,Thomas Wilson,2006,8,24,Male,13929,3.2,3.1,2.4,7.8,12A,Talent,12,drama,,,,,,,,
3930,Mary Johnson,2011,2,19,Female,13930,9.2,8.8,4.7,9.3,7A,Talent,7,dance,,,,,,,,
3931,Emma Moore,2006,5,6,Female,13931,1.0,4.8,7.1,8.4,12C,Talent,12,singing,,,,,,,,
3932,Maria Garcia,2008,10,17,Female,13932,2.5,4.8,2.8,8.4,10C,Talent,10,dance,,,,,,,,
3933,William Martin,2011,3,7,Male,13933,1.3,9.3,6.5,7.4,7C,Sports,7,,,,95.8,cricket,,,,
3934,Donald Wilson,2006,9,5,Male,13934,0.3,2.5,6.8,8.5,12B,Sports,12,,,,63.0,cricket,,,,
3935,David Thomas,2007,3,25,Male,13935,3.7,5.5,4.9,9.4,11C,Sports,11,,,,72.0,cricket,,,,
3936,Donald Miller,2007,2,22,Male,13936,5.9,5.2,4.6,9.3,11C,Talent,11,dance,,,,,,,,
3937,David Miller,2011,4,2,Male,13937,5.4,4.2,4.8,9.7,7C,Scholar,7,,57-52-56,science,,,,,,
3938,Mark Jackson,2008,5,1,Male,13938,5.3,8.2,3.4,8.3,10B,Scholar,10,,69-97-57,mathematics,,,,,,
3939,Linda Moore,2011,3,3,Female,13939,5.6,8.9,4.2,6.7,7A,Talent,7,singing,,,,,,,,
3940,Thomas Miller,2009,11,21,Male,13940,3.7,8.2,1.6,9.2,9C,Scholar,9,,99-68-83,science,,,,,,
3941,Linda Williams,2008,2,17,Female,13941,7.1,1.9,4.8,9.7,10A,Scholar,10,,54-87-87,science,,,,,,
3942,Jennifer Wilson,2010,8,19,Female,13942,4.8,9.3,3.8,8.3,8A,Talent,8,drama,,,,,,,,
3943,Linda Thomas,2007,12,27,Female,13943,0.9,3.2,4.2,6.9,11A,Sports,11,,,,78.1,cricket,,,,
3944,Emma Lopez,2012,10,16,Female,13944,1.6,2.8,9.2,9.7,6C,Talent,6,dance,,,,,,,,
3945,Susan Williams,2007,2,27,Female,13945,1.8,6.3,2.7,6.2,11B,Sports,11,,,,89.8,chess,,,,
3946,Kenneth Davis,2011,12,9,Male,13946,5.5,9.4,3.7,8.7,7A,Scholar,7,,99-73-95,mathematics,,,,,,
3947,Steven Anderson,2008,7,8,Male,13947,3.5,8.5,5.6,9.2,10A,Sports,10,,,,85.4,chess,,,,
3948,Daniel Johnson,2006,1,16,Male,13948,0.1,7.3,9.3,6.6,12B,Talent,12,singing,,,,,,,,
3949,Barbara Jones,2006,7,21,Female,13949,0.5,7.1,6.6,8.5,12A,Talent,12,dance,,,,,,,,
3950,Jessica Taylor,2012,5,20,Female,13950,0.6,1.1,7.1,6.0,6B,Scholar,6,,71-57-81,science,,,,,,
3951,Andrew Garcia,2009,7,4,Male,13951,8.0,5.0,8.7,8.8,9C,Sports,9,,,,79.2,cricket,,,,
3952,Maria Taylor,2012,8,14,Female,13952,2.8,9.2,3.9,8.2,6A,Sports,6,,,,55.2,cricket,,,,
3953,Donald Wilson,2008,1,19,Male,13953,1.1,8.3,2.3,7.6,10A,Sports,10,,,,67.9,cricket,,,,
3954,George Rodriguez,2010,2,19,Male,13954,5.4,7.9,1.4,7.3,8B,Scholar,8,,72-59-62,science,,,,,,
3955,Susan Smith,2006,12,10,Female,13955,8.9,4.0,9.2,8.7,12C,Sports,12,,,,69.8,cricket,,,,
3956,Samantha Johnson,2006,6,15,Female,13956,9.0,8.4,9.3,8.9,12C,Scholar,12,,65-73-80,mathematics,,,,,,
3957,Richard Hernandez,2007,6,2,Male,13957,0.1,5.8,3.6,8.3,11B,Sports,11,,,,81.4,cricket,,,,
3958,Mary Garcia,2007,3,2,Female,13958,3.9,6.7,2.8,6.6,11B,Scholar,11,,89-64-71,mathematics,,,,,,
3959,Anna Davis,2008,12,1,Female,13959,2.4,7.1,4.9,9.9,10B,Scholar,10,,98-79-61,science,,,,,,
3960,George Lopez,2011,7,13,Male,13960,6.2,5.5,5.1,8.0,7B,Sports,7,,,,69.2,chess,,,,
3961,Donald Williams,2012,12,13,Male,13961,2.3,9.2,7.3,8.2,6A,Scholar,6,,65-88-82,mathematics,,,,,,
3962,Barbara Johnson,2009,5,9,Female,13962,0.5,7.9,0.3,9.6,9A,Sports,9,,,,57.3,chess,,,,
3963,Sandra Brown,2012,5,2,Female,13963,9.2,3.3,0.4,7.2,6A,Sports,6,,,,56.3,cricket,,,,
3964,Steven Hernandez,2009,5,20,Male,13964,7.1,3.1,5.8,9.5,9A,Talent,9,dance,,,,,,,,
3965,Helen Jones,2011,4,2,Female,13965,7.7,0.3,6.6,6.0,7B,Talent,7,drama,,,,,,,,
3966,Jessica Miller,2009,12,20,Female,13966,2.4,9.1,3.0,8.2,9B,Scholar,9,,90-63-70,science,,,,,,
3967,Lisa Anderson,2006,10,20,Female,13967,6.8,4.1,9.0,9.8,12A,Scholar,12,,62-76-87,mathematics,,,,,,
3968,Michael Smith,2008,7,24,Male,13968,9.1,7.5,2.2,6.6,10B,Talent,10,drama,,,,,,,,
3969,Robert Taylor,2006,5,23,Male,13969,0.2,7.9,6.8,9.7,12C,Sports,12,,,,69.2,cricket,,,,
3970,Paul Taylor,2006,4,2,Male,13970,1.6,6.7,0.8,9.6,12A,Talent,12,drama,,,,,,,,
3971,Jennifer Gonzalez,2012,4,4,Female,13971,2.2,9.3,7.5,6.2,6C,Sports,6,,,,74.1,cricket,,,,
3972,George Martin,2012,4,17,Male,13972,5.4,7.8,1.1,6.5,6C,Scholar,6,,54-100-92,science,,,,,,
3973,Richard Moore,2007,4,23,Male,13973,8.9,6.7,4.2,7.7,11B,Scholar,11,,72-96-80,science,,,,,,
3974,Paul Jones,2010,1,6,Male,13974,8.8,4.0,7.5,9.9,8B,Talent,8,drama,,,,,,,,
3975,John Davis,2009,12,11,Male,13975,1.2,6.7,0.6,9.1,9B,Scholar,9,,69-53-84,mathematics,,,,,,
3976,Paul Hernandez,2010,10,9,Male,13976,3.5,6.4,7.0,9.8,8A,Talent,8,dance,,,,,,,,
3977,Patricia Thomas,2009,2,16,Female,13977,3.5,4.5,2.4,9.5,9A,Scholar,9,,92-90-61,mathematics,,,,,,
3978,Anthony Davis,2006,7,27,Male,13978,4.1,7.5,5.4,7.6,12B,Scholar,12,,69-58-75,mathematics,,,,,,
3979,Steven Anderson,2012,3,9,Male,13979,6.3,2.3,8.8,9.6,6A,Scholar,6,,80-85-53,science,,,,,,
3980,John Jackson,2006,6,15,Male,13980,6.2,4.8,7.7,7.6,12A,Sports,12,,,,64.7,chess,,,,
3981,David Miller,2011,10,11,Male,13981,6.9,4.4,6.8,6.9,7A,Scholar,7,,98-97-82,mathematics,,,,,,
3982,Karen Johnson,2006,10,24,Female,13982,2.9,4.9,8.8,6.6,12C,Scholar,12,,52-66-50,science,,,,,,
3983,Jennifer Martinez,2009,4,6,Female,13983,4.6,7.9,8.5,7.8,9C,Sports,9,,,,93.0,cricket,,,,
3984,George Smith,2008,2,3,Male,13984,2.2,9.1,2.3,8.7,10B,Talent,10,dance,,,,,,,,
3985,Anthony Anderson,2009,3,14,Male,13985,3.9,5.3,9.0,6.0,9B,Sports,9,,,,83.8,chess,,,,
3986,Barbara Garcia,2009,12,19,Female,13986,9.3,2.4,9.4,9.2,9A,Talent,9,singing,,,,,,,,
3987,Patricia Anderson,2010,10,27,Female,13987,6.4,7.7,3.3,7.8,8B,Scholar,8,,83-71-60,science,,,,,,
3988,Lisa Jackson,2010,1,28,Female,13988,3.6,6.1,9.4,8.8,8A,Sports,8,,,,94.3,cricket,,,,
3989,Daniel Martin,2007,7,7,Male,13989,5.6,0.0,8.9,8.3,11C,Talent,11,singing,,,,,,,,
3990,Christine Davis,2007,2,24,Female,13990,1.4,4.2,8.2,8.4,11A,Talent,11,dance,,,,,,,,
3991,David Lopez,2011,8,18,Male,13991,7.7,0.8,1.2,6.9,7B,Sports,7,,,,60.6,cricket,,,,
3992,Jennifer Davis,2009,11,13,Female,13992,7.2,7.3,5.7,6.5,9C,Sports,9,,,,60.6,chess,,,,
3993,James Jackson,2009,11,2,Male,13993,2.4,2.1,2.1,7.1,9B,Scholar,9,,59-66-72,mathematics,,,,,,
3994,Andrew Thomas,2009,6,7,Male,13994,4.1,0.4,4.5,7.8,9C,Scholar,9,,89-70-68,mathematics,,,,,,
3995,David Martin,2010,1,18,Male,13995,1.6,5.6,2.3,9.0,8A,Sports,8,,,,64.3,cricket,,,,
3996,Laura Thomas,2011,9,8,Female,13996,8.4,7.5,5.1,6.0,7B,Scholar,7,,82-53-69,mathematics,,,,,,
3997,Laura Martin,2012,5,12,Female,13997,0.4,9.5,8.6,8.8,6C,Scholar,6,,58-80-73,science,,,,,,
3998,Patricia Jackson,2011,6,12,Female,13998,0.5,0.6,0.5,6.0,7B,Sports,7,,,,66.4,cricket,,,,
3999,John Gonzalez,2008,11,19,Male,13999,6.2,3.3,2.2,6.5,10A,Sports,10,,,,70.1,cricket,,,,
4000,Laura Jackson,2010,11,6,Female,14000,8.0,5.9,8.3,7.6,8A,Talent,8,dance,,,,,,,,
4001,Joseph Moore,2008,12,3,Male,14001,8.6,0.1,6.5,9.8,10A,Sports,10,,,,70.4,chess,,,,
4002,Laura Smith,2011,9,13,Female,14002,5.2,0.0,2.6,8.1,7C,Scholar,7,,94-60-96,mathematics,,,,,,
4003,George Jones,2010,2,17,Male,14003,3.6,4.5,0.8,9.6,8B,Scholar,8,,97-86-91,mathematics,,,,,,
4004,George Martin,2009,3,22,Male,14004,6.6,7.7,1.4,8.3,9B,Scholar,9,,90-86-98,mathematics,,,,,,
4005,John Brown,2006,11,26,Male,14005,7.7,1.1,6.6,9.6,12A,Talent,12,dance,,,,,,,,
4006,Michael Anderson,2012,3,12,Male,14006,2.9,5.6,4.0,8.9,6B,Talent,6,dance,,,,,,,,
4007,Susan Brown,2009,5,28,Female,14007,7.0,1.9,3.2,8.9,9B,Scholar,9,,96-95-52,mathematics,,,,,,
4008,George Garcia,2012,11,15,Male,14008,1.6,6.0,6.2,6.7,6B,Sports,6,,,,73.0,chess,,,,
4009,Christine Garcia,2009,7,17,Female,14009,3.0,7.9,1.4,8.9,9B,Sports,9,,,,86.0,cricket,,,,
4010,Patricia Hernandez,2011,1,12,Female,14010,5.5,9.1,9.2,8.2,7B,Sports,7,,,,50.9,cricket,,,,
4011,Jennifer Williams,2006,1,14,Female,14011,8.1,7.1,7.2,9.4,12B,Talent,12,singing,,,,,,,,
4012,Lisa Thomas,2008,6,21,Female,14012,3.7,2.6,3.9,6.9,10B,Scholar,10,,85-100-78,mathematics,,,,,,
4013,Sarah Brown,2012,9,25,Female,14013,5.3,1.9,2.4,8.7,6A,Talent,6,drama,,,,,,,,
4014,Matthew Rodriguez,2011,6,25,Male,14014,1.0,0.7,4.3,8.2,7B,Sports,7,,,,93.1,cricket,,,,
4015,William Lopez,2008,12,11,Male,14015,8.2,7.2,5.5,8.4,10B,Sports,10,,,,86.1,chess,,,,
4016,Christine Jones,2007,11,2,Female,14016,8.5,7.0,6.7,7.5,11C,Talent,11,singing,,,,,,,,
4017,Sarah Jackson,2008,9,3,Female,14017,2.9,7.7,6.7,8.0,10A,Scholar,10,,73-61-78,mathematics,,,,,,
4018,Lisa Brown,2012,11,13,Female,14018,0.0,2.0,9.1,8.7,6C,Scholar,6,,64-94-74,science,,,,,,
4019,Joseph Brown,2007,3,4,Male,14019,1.8,8.3,0.7,9.4,11C,Talent,11,singing,,,,,,,,
4020,Richard Williams,2009,4,18,Male,14020,8.3,7.4,6.0,7.5,9C,Scholar,9,,72-54-82,science,,,,,,
4021,Donald Hernandez,2006,11,6,Male,14021,4.7,0.8,6.7,9.3,12A,Talent,12,drama,,,,,,,,
4022,George Martin,2008,4,3,Male,14022,0.9,4.6,7.0,6.5,10A,Talent,10,dance,,,,,,,,
4023,Robert Brown,2006,6,11,Male,14023,1.2,1.9,4.4,8.1,12C,Talent,12,drama,,,,,,,,
4024,Karen Brown,2012,10,13,Female,14024,4.6,0.3,8.0,9.9,6C,Talent,6,singing,,,,,,,,
4025,Karen Williams,2009,3,21,Female,14025,5.0,3.1,0.5,8.9,9C,Talent,9,singing,,,,,,,,
4026,Helen Jones,2009,3,9,Female,14026,3.9,0.8,4.3,9.0,9A,Talent,9,drama,,,,,,,,
4027,Maria Wilson,2011,4,16,Female,14027,6.2,2.4,6.3,6.6,7B,Sports,7,,,,94.2,cricket,,,,
4028,William Hernandez,2007,7,27,Male,14028,5.7,5.0,2.3,9.9,11A,Scholar,11,,82-76-52,mathematics,,,,,,
4029,Thomas Wilson,2006,7,2,Male,14029,5.3,1.2,0.4,9.2,12C,Sports,12,,,,74.4,cricket,,,,
4030,Michael Jackson,2012,11,9,Male,14030,5.5,7.4,8.6,6.4,6B,Sports,6,,,,73.9,chess,,,,
4031,James Brown,2008,3,3,Male,14031,7.6,0.6,2.2,9.7,10A,Sports,10,,,,66.6,cricket,,,,
4032,William Garcia,2010,9,26,Male,14032,1.8,7.2,6.0,8.4,8B,Talent,8,dance,,,,,,,,
4033,Mark Rodriguez,2007,10,15,Male,14033,9.4,5.7,7.1,8.3,11A,Sports,11,,,,88.6,cricket,,,,
4034,Karen Wilson,2011,5,27,Female,14034,6.8,6.7,1.4,8.7,7C,Sports,7,,,,67.8,chess,,,,
4035,Steven Smith,2008,3,6,Male,14035,7.7,8.1,6.6,8.0,10A,Scholar,10,,88-63-85,science,,,,,,
4036,Jessica Hernandez,2007,1,23,Female,14036,4.4,1.9,7.6,8.0,11A,Scholar,11,,66-59-89,science,,,,,,
4037,Paul Moore,2012,7,20,Male,14037,6.7,1.1,6.3,9.3,6B,Sports,6,,,,56.5,chess,,,,
4038,Kenneth Martinez,2008,2,1,Male,14038,2.0,6.5,7.7,9.1,10C,Talent,10,drama,,,,,,,,
4039,Maria Williams,2010,5,27,Female,14039,2.1,4.5,7.8,8.9,8C,Scholar,8,,53-100-61,science,,,,,,
4040,Thomas Martin,2008,2,4,Male,14040,4.0,1.1,1.4,6.8,10C,Talent,10,singing,,,,,,,,
4041,Andrew Anderson,2009,7,18,Male,14041,6.6,3.6,7.6,6.2,9C,Talent,9,dance,,,,,,,,
4042,Jennifer Hernandez,2006,8,7,Female,14042,3.5,2.5,3.9,8.2,12A,Talent,12,singing,,,,,,,,
4043,Richard Johnson,2012,8,2,Male,14043,1.7,8.2,7.6,8.5,6C,Talent,6,dance,,,,,,,,
4044,Paul Jones,2012,7,10,Male,14044,8.2,4.9,2.2,9.7,6B,Talent,6,singing,,,,,,,,
4045,Michael Davis,2006,8,3,Male,14045,3.8,8.8,3.1,6.2,12A,Scholar,12,,100-52-94,science,,,,,,
4046,Jessica Hernandez,2011,4,18,Female,14046,1.4,6.2,0.3,7.6,7B,Talent,7,dance,,,,,,,,
4047,George Jackson,2012,2,27,Male,14047,6.8,7.6,5.2,6.2,6B,Talent,6,dance,,,,,,,,
4048,Andrew Rodriguez,2009,2,16,Male,14048,4.5,6.1,7.4,8.5,9C,Sports,9,,,,95.4,cricket,,,,
4049,Christine Martin,2009,1,3,Female,14049,2.7,6.1,6.1,9.5,9B,Talent,9,dance,,,,,,,,
4050,Samantha Jones,2008,11,25,Female,14050,3.3,2.5,5.2,9.1,10A,Scholar,10,,64-75-53,science,,,,,,
4051,Barbara Taylor,2011,5,10,Female,14051,1.0,7.7,2.4,7.9,7C,Scholar,7,,96-66-62,mathematics,,,,,,
4052,Elizabeth Brown,2009,12,19,Female,14052,4.5,1.5,8.5,6.9,9A,Sports,9,,,,87.7,cricket,,,,
4053,William Miller,2008,7,27,Male,14053,9.1,9.1,4.9,7.5,10B,Scholar,10,,60-91-93,mathematics,,,,,,
4054,James Brown,2009,11,7,Male,14054,6.5,5.8,8.9,8.5,9C,Talent,9,singing,,,,,,,,
4055,Paul Miller,2008,8,26,Male,14055,8.2,2.1,4.2,9.9,10B,Sports,10,,,,70.3,chess,,,,
4056,James Moore,2008,4,11,Male,14056,2.1,7.7,8.7,8.0,10C,Talent,10,dance,,,,,,,,
4057,William Williams,2009,11,1,Male,14057,1.9,6.9,2.4,9.9,9C,Sports,9,,,,98.0,chess,,,,
4058,Donald Williams,2009,9,28,Male,14058,2.6,5.6,5.2,6.7,9A,Scholar,9,,72-59-98,mathematics,,,,,,
4059,Matthew Jones,2008,4,9,Male,14059,9.3,6.4,1.4,7.1,10C,Scholar,10,,59-56-75,science,,,,,,
4060,Charles Thomas,2009,10,5,Male,14060,0.6,3.4,6.0,9.8,9A,Sports,9,,,,77.3,chess,,,,
4061,Mark Wilson,2010,4,23,Male,14061,2.6,7.8,7.4,6.3,8C,Talent,8,singing,,,,,,,,
4062,Lisa Gonzalez,2012,4,20,Female,14062,5.2,1.4,5.0,6.6,6A,Scholar,6,,67-72-54,science,,,,,,
4063,Barbara Miller,2008,2,15,Female,14063,7.2,5.6,5.6,9.0,10A,Talent,10,singing,,,,,,,,
4064,Richard Garcia,2010,2,25,Male,14064,1.4,9.1,3.0,6.0,8C,Talent,8,dance,,,,,,,,
4065,James Hernandez,2010,3,18,Male,14065,7.4,3.2,8.3,7.5,8B,Scholar,8,,67-54-64,mathematics,,,,,,
4066,Matthew Anderson,2009,5,22,Male,14066,8.8,5.2,5.6,8.8,9C,Scholar,9,,53-57-91,mathematics,,,,,,
4067,Samantha Lopez,2011,10,21,Female,14067,0.9,4.2,7.5,8.9,7A,Scholar,7,,51-75-50,science,,,,,,
4068,Andrew Smith,2010,11,15,Male,14068,2.3,2.9,6.4,7.8,8C,Talent,8,dance,,,,,,,,
4069,Michelle Wilson,2009,3,22,Female,14069,7.8,3.5,2.1,7.4,9B,Scholar,9,,95-72-99,science,,,,,,
4070,James Lopez,2011,1,15,Male,14070,5.6,2.4,9.0,6.5,7A,Sports,7,,,,93.5,chess,,,,
4071,Sandra Jackson,2012,5,1,Female,14071,8.3,4.2,6.3,7.9,6C,Talent,6,singing,,,,,,,,
4072,Laura Wilson,2007,4,4,Female,14072,8.2,0.4,3.6,8.1,11B,Sports,11,,,,67.2,chess,,,,
4073,Charles Williams,2012,5,5,Male,14073,1.7,0.5,2.6,9.0,6C,Scholar,6,,61-51-63,mathematics,,,,,,
4074,Daniel Moore,2006,3,3,Male,14074,6.4,8.2,3.4,6.0,12A,Talent,12,singing,,,,,,,,
4075,Charles Martinez,2012,12,11,Male,14075,2.0,6.5,7.8,9.4,6B,Sports,6,,,,66.3,cricket,,,,
4076,Christine Rodriguez,2011,12,21,Female,14076,7.7,1.1,7.5,9.3,7B,Scholar,7,,96-67-79,mathematics,,,,,,
4077,Robert Davis,2010,8,23,Male,14077,3.4,1.5,8.6,7.0,8B,Talent,8,dance,,,,,,,,
4078,Mary Gonzalez,2008,9,13,Female,14078,5.8,2.7,2.4,9.1,10A,Talent,10,drama,,,,,,,,
4079,Jennifer Martinez,2007,1,19,Female,14079,9.4,2.0,7.9,6.0,11C,Scholar,11,,66-93-95,mathematics,,,,,,
4080,Karen Martinez,2008,12,6,Female,14080,3.3,2.1,6.1,9.9,10A,Talent,10,dance,,,,,,,,
4081,Anthony Garcia,2012,4,9,Male,14081,4.0,5.7,8.8,6.6,6C,Scholar,6,,53-80-81,mathematics,,,,,,
4082,Laura Miller,2008,5,7,Female,14082,1.7,3.6,1.7,9.0,10C,Talent,10,drama,,,,,,,,
4083,Andrew Anderson,2007,6,8,Male,14083,8.7,3.0,3.5,6.6,11C,Sports,11,,,,93.7,cricket,,,,
4084,Andrew Williams,2006,6,3,Male,14084,1.1,8.8,6.6,8.9,12C,Sports,12,,,,86.0,chess,,,,
4085,Thomas Hernandez,2007,3,21,Male,14085,2.8,3.4,3.1,6.1,11B,Scholar,11,,84-92-98,science,,,,,,
4086,Barbara Martinez,2010,9,8,Female,14086,0.2,2.3,6.2,9.8,8B,Talent,8,drama,,,,,,,,
4087,Andrew Hernandez,2011,2,10,Male,14087,7.9,6.9,8.1,8.8,7C,Sports,7,,,,78.2,chess,,,,
4088,Thomas Moore,2006,9,22,Male,14088,4.8,3.9,4.6,7.0,12B,Scholar,12,,85-84-54,mathematics,,,,,,
4089,Emma Johnson,2008,1,4,Female,14089,3.5,1.3,2.6,8.6,10A,Talent,10,dance,,,,,,,,
4090,Kenneth Brown,2006,1,25,Male,14090,7.4,8.6,2.5,10.0,12B,Scholar,12,,73-62-91,mathematics,,,,,,
4091,Susan Miller,2012,1,17,Female,14091,7.3,5.3,1.0,9.2,6C,Talent,6,dance,,,,,,,,
4092,Patricia Jones,2006,10,28,Female,14092,7.3,8.5,4.6,6.7,12A,Talent,12,singing,,,,,,,,
4093,Mary Brown,2006,9,23,Female,14093,8.2,5.0,6.2,6.1,12C,Talent,12,dance,,,,,,,,
4094,Richard Smith,2010,7,13,Male,14094,7.0,0.1,7.8,9.4,8C,Scholar,8,,65-73-56,science,,,,,,
4095,Samantha Hernandez,2007,11,9,Female,14095,2.0,6.7,8.6,9.7,11C,Scholar,11,,63-80-91,mathematics,,,,,,
4096,David Anderson,2010,6,13,Male,14096,2.9,3.0,5.4,8.4,8C,Sports,8,,,,58.1,cricket,,,,
4097,Emma Lopez,2006,6,14,Female,14097,5.1,4.5,7.3,7.6,12C,Talent,12,drama,,,,,,,,
4098,Richard Martinez,2010,7,24,Male,14098,4.6,7.8,5.7,6.5,8A,Talent,8,singing,,,,,,,,
4099,Mark Rodriguez,2011,6,3,Male,14099,4.8,2.9,5.0,8.0,7C,Scholar,7,,60-79-59,mathematics,,,,,,
4100,Joseph Williams,2007,6,7,Male,14100,2.6,6.5,7.8,6.7,11C,Talent,11,dance,,,,,,,,
4101,Barbara Thomas,2012,7,3,Female,14101,5.8,6.8,4.2,9.0,6C,Sports,6,,,,79.3,cricket,,,,
4102,James Gonzalez,2009,10,27,Male,14102,7.3,0.5,2.5,9.7,9A,Sports,9,,,,56.0,cricket,,,,
4103,Anna Hernandez,2009,5,26,Female,14103,9.3,0.6,7.8,6.4,9A,Scholar,9,,61-84-63,science,,,,,,
4104,David Martinez,2009,6,26,Male,14104,9.0,3.7,2.1,9.2,9C,Sports,9,,,,89.2,chess,,,,
4105,Charles Brown,2011,10,25,Male,14105,4.4,8.4,9.0,8.0,7C,Scholar,7,,92-92-64,mathematics,,,,,,
4106,Lisa Martinez,2008,8,23,Female,14106,9.5,9.0,7.0,8.5,10C,Talent,10,drama,,,,,,,,
4107,Lisa Smith,2010,5,12,Female,14107,1.1,3.1,4.2,6.7,8B,Sports,8,,,,87.8,chess,,,,
4108,Jennifer Jackson,2008,12,22,Female,14108,3.8,6.8,7.3,6.1,10B,Talent,10,singing,,,,,,,,
4109,David Anderson,2010,5,22,Male,14109,7.7,1.4,1.7,7.5,8B,Scholar,8,,62-87-73,science,,,,,,
4110,Sandra Williams,2008,4,21,Female,14110,8.6,2.2,4.7,9.8,10A,Talent,10,dance,,,,,,,,
4111,George Miller,2009,5,19,Male,14111,8.3,3.0,5.3,9.1,9C,Talent,9,dance,,,,,,,,
4112,Laura Thomas,2009,12,15,Female,14112,3.6,2.5,0.8,6.2,9A,Scholar,9,,55-76-61,mathematics,,,,,,
4113,Michelle Martin,2010,12,12,Female,14113,3.4,6.8,8.9,9.1,8C,Scholar,8,,85-94-57,mathematics,,,,,,
4114,George Gonzalez,2008,12,11,Male,14114,6.9,4.7,1.7,9.1,10C,Scholar,10,,64-85-90,science,,,,,,
4115,Sarah Moore,2009,9,13,Female,14115,4.2,2.7,4.0,7.9,9C,Sports,9,,,,86.3,chess,,,,
4116,Samantha Jackson,2006,2,1,Female,14116,8.4,8.8,4.7,8.3,12B,Talent,12,singing,,,,,,,,
4117,Elizabeth Brown,2011,8,28,Female,14117,2.0,7.6,2.1,8.0,7C,Scholar,7,,50-64-51,science,,,,,,
4118,Donald Jackson,2009,7,13,Male,14118,4.0,0.5,3.1,9.5,9B,Scholar,9,,65-72-72,science,,,,,,
4119,Maria Lopez,2008,4,27,Female,14119,5.6,8.1,2.3,7.8,10C,Scholar,10,,52-86-64,mathematics,,,,,,
4120,Steven Anderson,2009,10,24,Male,14120,0.6,4.3,2.1,6.7,9A,Scholar,9,,50-66-61,mathematics,,,,,,
4121,Emma Miller,2007,3,25,Female,14121,6.3,4.2,0.3,9.6,11A,Talent,11,drama,,,,,,,,
4122,Michael Martin,2009,12,21,Male,14122,2.5,6.3,6.9,9.0,9A,Sports,9,,,,61.7,chess,,,,
4123,Steven Garcia,2007,9,15,Male,14123,5.9,9.2,0.7,8.4,11A,Sports,11,,,,69.8,cricket,,,,
4124,Charles Thomas,2007,11,1,Male,14124,5.6,4.8,1.4,6.5,11C,Scholar,11,,67-69-93,science,,,,,,
4125,Anna Thomas,2010,11,13,Female,14125,2.8,7.4,3.4,6.2,8C,Sports,8,,,,53.7,cricket,,,,
4126,Barbara Anderson,2008,5,23,Female,14126,1.1,5.8,7.9,6.1,10A,Talent,10,singing,,,,,,,,
4127,Mark Garcia,2010,1,19,Male,14127,7.5,3.7,2.9,6.8,8A,Scholar,8,,69-75-81,science,,,,,,
4128,Sandra Miller,2007,1,12,Female,14128,4.4,3.3,9.1,6.0,11A,Talent,11,dance,,,,,,,,
4129,Steven Garcia,2010,9,11,Male,14129,3.3,5.0,9.5,6.7,8C,Scholar,8,,61-61-71,science,,,,,,
4130,Elizabeth Martin,2008,8,26,Female,14130,4.9,4.5,6.8,7.3,10B,Sports,10,,,,69.5,chess,,,,
4131,George Brown,2011,8,15,Male,14131,0.1,2.9,9.4,8.9,7B,Scholar,7,,58-93-80,science,,,,,,
4132,Joseph Rodriguez,2008,5,22,Male,14132,8.4,8.2,4.6,8.0,10B,Sports,10,,,,56.4,cricket,,,,
4133,Anthony Brown,2010,6,20,Male,14133,8.7,6.2,6.4,9.0,8B,Sports,8,,,,96.2,cricket,,,,
4134,Richard Anderson,2009,1,15,Male,14134,5.7,5.0,7.8,7.1,9C,Talent,9,drama,,,,,,,,
4135,Mark Wilson,2007,2,27,Male,14135,2.8,5.2,4.0,6.4,11B,Scholar,11,,60-63-79,mathematics,,,,,,
4136,George Davis,2009,10,26,Male,14136,5.1,6.7,8.7,6.2,9B,Talent,9,drama,,,,,,,,
4137,Laura Johnson,2010,7,27,Female,14137,9.0,3.0,9.0,9.9,8B,Scholar,8,,76-92-82,mathematics,,,,,,
4138,Samantha Hernandez,2012,8,26,Female,14138,3.6,6.5,9.1,7.2,6B,Sports,6,,,,55.2,cricket,,,,
4139,Anna Lopez,2012,10,16,Female,14139,2.1,5.7,7.3,7.7,6C,Talent,6,singing,,,,,,,,
4140,Patricia Miller,2007,2,5,Female,14140,0.5,0.4,0.2,8.8,11B,Talent,11,singing,,,,,,,,
4141,Matthew Jones,2007,6,26,Male,14141,4.7,0.5,9.0,9.4,11A,Talent,11,singing,,,,,,,,
4142,Kenneth Hernandez,2010,11,10,Male,14142,3.5,2.9,4.9,9.3,8B,Sports,8,,,,66.7,cricket,,,,
4143,Helen Williams,2011,8,1,Female,14143,8.7,7.6,2.9,9.4,7C,Sports,7,,,,92.0,chess,,,,
4144,Christine Moore,2010,1,17,Female,14144,6.3,7.5,4.5,9.9,8A,Sports,8,,,,97.0,cricket,,,,
4145,Robert Williams,2010,1,14,Male,14145,8.3,2.6,2.2,9.4,8A,Talent,8,singing,,,,,,,,
4146,Michelle Brown,2007,12,7,Female,14146,0.1,1.3,7.9,9.7,11B,Scholar,11,,95-57-53,mathematics,,,,,,
4147,Karen Jones,2009,3,26,Female,14147,8.9,1.8,3.8,9.8,9B,Scholar,9,,88-80-70,mathematics,,,,,,
4148,Michelle Gonzalez,2007,9,27,Female,14148,7.6,6.9,7.5,8.0,11B,Talent,11,drama,,,,,,,,
4149,Jessica Davis,2010,11,10,Female,14149,1.0,3.8,1.1,8.1,8A,Sports,8,,,,70.8,cricket,,,,
4150,Lisa Taylor,2012,5,25,Female,14150,5.3,3.4,1.3,7.9,6C,Sports,6,,,,58.5,cricket,,,,
4151,Matthew Jackson,2008,3,16,Male,14151,2.0,3.1,5.0,8.8,10C,Scholar,10,,74-95-75,science,,,,,,
4152,Michelle Jones,2009,6,26,Female,14152,9.2,1.1,6.0,7.8,9A,Talent,9,drama,,,,,,,,
4153,Richard Hernandez,2007,3,23,Male,14153,1.2,3.5,6.5,7.7,11B,Talent,11,singing,,,,,,,,
4154,Elizabeth Moore,2009,4,6,Female,14154,1.4,0.1,2.3,9.3,9A,Sports,9,,,,77.6,chess,,,,
4155,Elizabeth Davis,2007,1,11,Female,14155,9.4,4.3,1.5,7.1,11A,Sports,11,,,,52.9,cricket,,,,
4156,Sandra Brown,2008,12,26,Female,14156,2.6,9.0,3.1,6.5,10A,Talent,10,singing,,,,,,,,
4157,Thomas Davis,2006,7,1,Male,14157,3.4,3.5,0.2,8.3,12C,Sports,12,,,,92.2,cricket,,,,
4158,George Johnson,2012,7,12,Male,14158,7.5,2.7,4.5,9.6,6A,Scholar,6,,55-60-58,mathematics,,,,,,
4159,Richard Jackson,2007,6,18,Male,14159,1.6,2.1,5.4,6.4,11B,Sports,11,,,,59.5,cricket,,,,
4160,Linda Gonzalez,2006,11,28,Female,14160,2.8,2.5,8.8,9.3,12B,Scholar,12,,73-61-94,mathematics,,,,,,
4161,Charles Moore,2006,6,19,Male,14161,5.6,4.0,4.7,10.0,12C,Scholar,12,,66-68-87,science,,,,,,
4162,Sarah Lopez,2007,4,8,Female,14162,4.7,4.8,1.6,7.3,11C,Scholar,11,,94-75-97,science,,,,,,
4163,Linda Davis,2012,11,2,Female,14163,6.7,2.1,2.2,9.2,6B,Scholar,6,,64-80-61,mathematics,,,,,,
4164,Jessica Smith,2008,10,28,Female,14164,9.4,2.7,2.0,8.6,10A,Talent,10,singing,,,,,,,,
4165,Christine Smith,2009,1,10,Female,14165,3.2,8.3,0.7,9.0,9B,Sports,9,,,,96.9,chess,,,,
4166,Kenneth Anderson,2007,8,21,Male,14166,2.0,0.3,8.0,7.0,11A,Talent,11,dance,,,,,,,,
4167,Susan Moore,2012,5,26,Female,14167,5.5,5.1,1.1,9.9,6B,Scholar,6,,82-58-52,science,,,,,,
4168,Daniel Anderson,2011,7,17,Male,14168,6.7,9.2,0.9,8.1,7C,Sports,7,,,,52.1,chess,,,,
4169,Mark Jones,2006,10,17,Male,14169,6.0,5.3,1.2,6.7,12A,Talent,12,drama,,,,,,,,
4170,Mary Moore,2012,6,7,Female,14170,6.1,0.2,8.4,7.0,6A,Scholar,6,,87-67-89,mathematics,,,,,,
4171,James Taylor,2008,7,5,Male,14171,4.4,9.2,7.4,7.7,10B,Scholar,10,,70-56-64,science,,,,,,
4172,Michelle Wilson,2009,6,7,Female,14172,5.5,0.1,8.2,9.6,9B,Talent,9,singing,,,,,,,,
4173,Karen Jackson,2011,3,22,Female,14173,0.4,6.0,7.6,7.1,7C,Scholar,7,,83-70-56,science,,,,,,
4174,Charles Jackson,2012,3,21,Male,14174,8.2,8.8,3.5,7.3,6B,Sports,6,,,,78.1,chess,,,,
4175,Joseph Martin,2009,3,18,Male,14175,3.4,9.1,6.9,7.9,9A,Scholar,9,,96-55-63,science,,,,,,
4176,Matthew Thomas,2009,12,14,Male,14176,7.5,1.1,6.7,8.6,9A,Sports,9,,,,71.3,cricket,,,,
4177,Charles Johnson,2007,3,28,Male,14177,6.6,8.9,7.5,9.2,11B,Sports,11,,,,83.1,cricket,,,,
4178,Sarah Thomas,2008,9,11,Female,14178,5.8,6.4,1.6,8.6,10A,Scholar,10,,88-59-65,mathematics,,,,,,
4179,Michelle Lopez,2011,8,15,Female,14179,8.6,7.6,5.2,9.2,7C,Scholar,7,,63-61-88,mathematics,,,,,,
4180,Samantha Martin,2012,7,22,Female,14180,4.5,4.0,1.0,8.8,6A,Sports,6,,,,54.2,cricket,,,,
4181,Kenneth Moore,2007,11,5,Male,14181,9.0,4.0,8.1,6.8,11A,Sports,11,,,,81.6,chess,,,,
4182,Kenneth Martin,2009,10,15,Male,14182,1.3,1.2,7.8,7.0,9A,Sports,9,,,,56.1,chess,,,,
4183,Andrew Davis,2007,4,13,Male,14183,3.9,0.4,0.9,9.3,11B,Scholar,11,,96-99-95,mathematics,,,,,,
4184,William Jackson,2008,5,9,Male,14184,6.4,3.6,3.8,6.1,10C,Talent,10,singing,,,,,,,,
4185,David Johnson,2009,12,4,Male,14185,1.7,4.7,5.2,9.2,9B,Talent,9,singing,,,,,,,,
4186,Laura Miller,2011,1,10,Female,14186,7.7,1.5,7.0,7.1,7A,Sports,7,,,,54.4,chess,,,,
4187,Christine Martin,2006,6,10,Female,14187,7.2,1.9,8.0,9.3,12C,Scholar,12,,67-88-91,science,,,,,,
4188,Elizabeth Taylor,2009,9,20,Female,14188,7.2,6.7,3.1,8.0,9A,Sports,9,,,,72.6,cricket,,,,
4189,William Lopez,2011,4,24,Male,14189,6.8,9.0,1.3,7.5,7A,Sports,7,,,,96.5,chess,,,,
4190,Mark Davis,2007,10,13,Male,14190,5.6,6.9,7.5,6.1,11A,Scholar,11,,57-95-57,science,,,,,,
4191,Sandra Wilson,2006,7,22,Female,14191,4.1,1.2,6.9,7.5,12C,Talent,12,drama,,,,,,,,
4192,David Davis,2007,8,19,Male,14192,2.7,8.4,9.2,9.2,11A,Sports,11,,,,97.5,cricket,,,,
4193,Lisa Jackson,2009,8,17,Female,14193,3.2,1.3,7.7,6.1,9B,Sports,9,,,,93.6,cricket,,,,
4194,Robert Taylor,2011,11,8,Male,14194,3.6,4.1,5.5,6.1,7A,Talent,7,dance,,,,,,,,
4195,Mark Anderson,2007,5,7,Male,14195,2.2,1.3,3.5,7.1,11A,Talent,11,dance,,,,,,,,
4196,Michelle Johnson,2007,5,11,Female,14196,3.5,1.3,3.8,9.2,11A,Talent,11,dance,,,,,,,,
4197,George Jones,2006,4,9,Male,14197,7.7,8.5,3.9,9.6,12A,Talent,12,singing,,,,,,,,
4198,David Jones,2007,7,25,Male,14198,2.8,7.0,3.1,7.2,11A,Scholar,11,,99-72-72,science,,,,,,
4199,Donald Brown,2010,3,2,Male,14199,7.9,5.4,1.3,9.5,8C,Sports,8,,,,96.9,cricket,,,,
4200,Emma Jackson,2010,6,13,Female,14200,8.4,1.9,7.0,7.2,8C,Sports,8,,,,95.8,cricket,,,,
4201,George Johnson,2006,3,2,Male,14201,1.3,9.3,7.4,7.1,12B,Sports,12,,,,59.0,cricket,,,,
4202,Elizabeth Rodriguez,2009,3,4,Female,14202,6.8,5.3,2.7,8.5,9C,Scholar,9,,88-51-64,science,,,,,,
4203,John Taylor,2012,12,4,Male,14203,7.1,8.0,5.9,8.0,6B,Sports,6,,,,55.6,cricket,,,,
4204,Barbara Moore,2012,1,14,Female,14204,2.9,8.7,0.8,6.0,6C,Talent,6,singing,,,,,,,,
4205,Paul Johnson,2007,6,4,Male,14205,8.9,1.2,1.7,8.8,11C,Scholar,11,,63-67-73,science,,,,,,
4206,Donald Thomas,2007,7,19,Male,14206,7.0,4.4,8.8,9.5,11A,Sports,11,,,,86.2,cricket,,,,
4207,Daniel Moore,2009,5,26,Male,14207,5.3,8.3,1.0,9.5,9B,Scholar,9,,65-78-56,science,,,,,,
4208,Anthony Lopez,2011,5,12,Male,14208,0.3,1.4,7.3,7.2,7B,Scholar,7,,50-50-79,mathematics,,,,,,
4209,Joseph Martin,2009,5,23,Male,14209,0.8,7.8,5.3,9.2,9A,Scholar,9,,97-75-54,science,,,,,,
4210,Barbara Wilson,2009,10,2,Female,14210,8.7,6.9,8.2,9.0,9B,Scholar,9,,91-58-84,science,,,,,,
4211,George Williams,2011,7,7,Male,14211,0.9,3.5,0.8,7.8,7B,Talent,7,singing,,,,,,,,
4212,Robert Hernandez,2010,7,11,Male,14212,3.0,0.1,3.5,7.2,8A,Talent,8,dance,,,,,,,,
4213,John Davis,2010,10,12,Male,14213,4.3,6.6,5.0,9.7,8C,Scholar,8,,73-71-77,mathematics,,,,,,
4214,Maria Miller,2006,10,12,Female,14214,6.4,6.9,4.3,7.3,12A,Talent,12,dance,,,,,,,,
4215,Joseph Thomas,2009,12,7,Male,14215,5.8,2.6,1.3,8.4,9A,Sports,9,,,,94.0,chess,,,,
4216,Laura Jackson,2007,7,4,Female,14216,8.6,3.4,5.4,6.7,11C,Talent,11,drama,,,,,,,,
4217,Richard Smith,2008,7,5,Male,14217,3.8,2.4,9.5,6.6,10B,Talent,10,dance,,,,,,,,
4218,Patricia Jackson,2008,9,9,Female,14218,1.0,3.8,1.4,7.0,10A,Sports,10,,,,96.2,cricket,,,,
4219,George Jones,2007,6,21,Male,14219,5.1,1.8,0.3,6.6,11C,Talent,11,drama,,,,,,,,
4220,Barbara Wilson,2006,10,15,Female,14220,0.2,7.9,4.4,7.3,12A,Sports,12,,,,95.3,chess,,,,
4221,David Anderson,2006,4,8,Male,14221,9.2,3.9,6.5,6.7,12A,Talent,12,singing,,,,,,,,
4222,Steven Garcia,2012,2,20,Male,14222,1.2,5.8,7.3,6.8,6B,Sports,6,,,,74.2,cricket,,,,
4223,David Rodriguez,2007,2,10,Male,14223,1.3,7.8,2.1,8.9,11B,Sports,11,,,,69.2,cricket,,,,
4224,Elizabeth Garcia,2012,4,19,Female,14224,1.1,3.3,5.4,9.9,6B,Sports,6,,,,95.8,chess,,,,
4225,Robert Rodriguez,2011,9,12,Male,14225,6.5,3.6,7.0,6.1,7A,Scholar,7,,84-91-54,mathematics,,,,,,
4226,Paul Hernandez,2006,1,24,Male,14226,1.1,1.9,1.7,7.5,12C,Talent,12,drama,,,,,,,,
4227,Sarah Lopez,2006,10,6,Female,14227,7.3,3.7,2.1,8.1,12C,Talent,12,drama,,,,,,,,
4228,David Martinez,2012,3,23,Male,14228,5.4,3.4,1.1,8.6,6C,Scholar,6,,70-96-61,mathematics,,,,,,
4229,Anna Smith,2009,11,10,Female,14229,7.6,0.4,5.2,6.3,9A,Talent,9,singing,,,,,,,,
4230,Karen Garcia,2012,10,19,Female,14230,1.1,8.6,8.8,6.6,6B,Talent,6,drama,,,,,,,,
4231,Richard Jones,2006,2,9,Male,14231,2.9,1.6,7.8,7.8,12C,Scholar,12,,57-63-56,science,,,,,,
4232,Sandra Garcia,2010,7,9,Female,14232,7.5,7.4,3.4,8.0,8A,Talent,8,dance,,,,,,,,
4233,Michelle Jackson,2011,7,10,Female,14233,7.1,5.5,6.8,9.0,7B,Scholar,7,,70-69-89,science,,,,,,
4234,Joseph Williams,2012,2,1,Male,14234,3.1,7.0,5.7,7.8,6A,Scholar,6,,51-94-75,mathematics,,,,,,
4235,Paul Anderson,2008,5,20,Male,14235,6.7,4.3,0.6,8.7,10A,Talent,10,drama,,,,,,,,
4236,Michael Davis,2012,2,2,Male,14236,9.3,0.6,6.6,8.7,6B,Sports,6,,,,76.8,chess,,,,
4237,Sarah Smith,2010,7,21,Female,14237,7.9,2.1,3.5,8.0,8C,Scholar,8,,74-60-96,mathematics,,,,,,
4238,Kenneth Wilson,2012,12,19,Male,14238,2.5,5.1,5.9,8.5,6B,Scholar,6,,96-63-66,mathematics,,,,,,
4239,John Davis,2011,8,11,Male,14239,5.6,8.5,1.5,8.2,7B,Talent,7,dance,,,,,,,,
4240,Linda Davis,2011,3,3,Female,14240,7.8,7.0,6.7,9.1,7A,Talent,7,dance,,,,,,,,
4241,Anthony Rodriguez,2007,12,19,Male,14241,7.5,4.1,8.2,9.0,11B,Scholar,11,,82-66-88,science,,,,,,
4242,Matthew Hernandez,2010,12,25,Male,14242,7.8,4.9,5.4,7.0,8B,Scholar,8,,59-72-75,science,,,,,,
4243,George Hernandez,2012,8,5,Male,14243,1.8,2.4,9.0,9.6,6B,Sports,6,,,,97.3,cricket,,,,
4244,James Rodriguez,2010,7,22,Male,14244,4.3,3.1,7.7,6.6,8C,Sports,8,,,,56.4,chess,,,,
4245,John Martin,2006,8,3,Male,14245,7.3,2.7,3.3,6.2,12A,Talent,12,dance,,,,,,,,
4246,Susan Martin,2007,9,16,Female,14246,2.2,3.5,4.9,9.4,11A,Talent,11,singing,,,,,,,,
4247,Michael Smith,2008,1,27,Male,14247,3.1,3.3,6.9,6.1,10B,Scholar,10,,95-90-73,mathematics,,,,,,
4248,Kenneth Williams,2008,8,18,Male,14248,0.9,2.5,6.2,7.8,10C,Sports,10,,,,73.6,chess,,,,
4249,Daniel Martin,2011,8,1,Male,14249,7.5,5.8,8.7,8.3,7C,Sports,7,,,,72.4,cricket,,,,
4250,Karen Martin,2010,12,22,Female,14250,6.4,1.3,5.9,8.2,8C,Scholar,8,,79-66-97,science,,,,,,
4251,Richard Martinez,2008,2,20,Male,14251,9.3,2.3,3.5,7.8,10A,Sports,10,,,,66.7,chess,,,,
4252,Daniel Gonzalez,2009,2,2,Male,14252,4.7,1.6,9.2,8.1,9C,Scholar,9,,67-91-75,science,,,,,,
4253,Jennifer Wilson,2010,7,14,Female,14253,7.0,3.3,3.1,6.1,8A,Sports,8,,,,60.3,chess,,,,
4254,Steven Hernandez,2008,3,24,Male,14254,9.1,6.0,6.3,6.4,10C,Sports,10,,,,54.5,cricket,,,,
4255,Jennifer Gonzalez,2010,2,3,Female,14255,1.6,9.2,9.2,7.6,8B,Sports,8,,,,62.5,cricket,,,,
4256,James Wilson,2010,8,23,Male,14256,6.1,1.3,5.1,8.2,8B,Scholar,8,,98-52-80,science,,,,,,
4257,Samantha Miller,2011,1,7,Female,14257,4.6,9.0,0.4,9.2,7A,Sports,7,,,,95.1,cricket,,,,
4258,John Martin,2008,9,22,Male,14258,2.9,9.0,9.2,6.2,10A,Sports,10,,,,95.2,cricket,,,,
4259,Mark Smith,2012,8,26,Male,14259,7.0,0.1,3.7,8.8,6B,Talent,6,singing,,,,,,,,
4260,Lisa Williams,2009,10,3,Female,14260,4.2,0.8,6.2,10.0,9A,Sports,9,,,,81.1,chess,,,,
4261,Maria Miller,2010,12,1,Female,14261,5.6,7.8,8.1,8.1,8A,Sports,8,,,,60.6,cricket,,,,
4262,Linda Johnson,2012,12,26,Female,14262,0.3,3.3,8.4,7.5,6A,Scholar,6,,54-100-90,science,,,,,,
4263,Kenneth Davis,2010,12,18,Male,14263,5.2,1.7,5.6,7.2,8B,Scholar,8,,75-94-98,mathematics,,,,,,
4264,David Lopez,2010,5,20,Male,14264,0.9,7.6,1.0,9.5,8C,Sports,8,,,,82.0,cricket,,,,
4265,Matthew Williams,2006,9,16,Male,14265,1.1,1.6,9.3,8.1,12C,Talent,12,singing,,,,,,,,
4266,Michelle Jones,2006,10,6,Female,14266,3.1,1.1,1.7,9.4,12B,Talent,12,drama,,,,,,,,
4267,Donald Martin,2009,12,16,Male,14267,6.5,8.3,4.2,7.4,9B,Sports,9,,,,87.3,chess,,,,
4268,Charles Wilson,2007,7,10,Male,14268,1.8,8.6,6.0,7.2,11A,Sports,11,,,,50.8,chess,,,,
4269,Steven Thomas,2006,5,3,Male,14269,1.1,6.4,6.0,6.1,12A,Scholar,12,,72-53-92,mathematics,,,,,,
4270,Linda Davis,2009,1,4,Female,14270,9.5,3.1,0.2,7.0,9A,Sports,9,,,,64.3,chess,,,,
4271,Michelle Miller,2012,8,3,Female,14271,4.1,4.5,3.1,9.0,6B,Sports,6,,,,96.9,cricket,,,,
4272,Andrew Taylor,2006,10,1,Male,14272,2.6,3.4,1.8,8.2,12A,Scholar,12,,98-83-87,science,,,,,,
4273,Michael Hernandez,2011,12,3,Male,14273,3.5,1.4,0.4,9.6,7C,Talent,7,singing,,,,,,,,
4274,Donald Gonzalez,2006,8,12,Male,14274,4.2,5.4,8.9,9.1,12C,Scholar,12,,88-79-55,mathematics,,,,,,
4275,William Brown,2012,8,1,Male,14275,2.2,7.7,4.8,9.2,6B,Sports,6,,,,50.1,cricket,,,,
4276,Maria Moore,2010,1,23,Female,14276,0.7,3.0,5.1,8.3,8B,Sports,8,,,,55.9,chess,,,,
4277,Charles Wilson,2008,6,10,Male,14277,7.0,5.4,7.5,9.0,10A,Scholar,10,,69-86-77,mathematics,,,,,,
4278,Helen Wilson,2008,6,2,Female,14278,8.1,9.3,7.9,7.3,10C,Scholar,10,,90-89-69,mathematics,,,,,,
4279,Helen Martin,2009,8,18,Female,14279,8.5,4.2,8.9,8.9,9B,Talent,9,dance,,,,,,,,
4280,Susan Wilson,2007,2,2,Female,14280,1.8,4.8,0.2,6.7,11B,Talent,11,dance,,,,,,,,
4281,Jessica Miller,2006,6,25,Female,14281,7.9,2.8,6.1,8.6,12C,Talent,12,drama,,,,,,,,
4282,William Miller,2012,5,10,Male,14282,7.2,8.3,5.2,7.8,6C,Sports,6,,,,69.6,chess,,,,
4283,Jennifer Williams,2007,11,8,Female,14283,3.4,3.7,1.3,9.4,11A,Sports,11,,,,91.2,cricket,,,,
4284,Steven Martin,2011,8,6,Male,14284,0.7,4.0,3.7,9.6,7B,Scholar,7,,96-63-84,mathematics,,,,,,
4285,Daniel Martinez,2010,7,2,Male,14285,3.8,2.5,1.1,6.3,8C,Talent,8,dance,,,,,,,,
4286,Anthony Anderson,2009,3,16,Male,14286,9.4,7.3,7.7,8.5,9A,Sports,9,,,,89.4,cricket,,,,
4287,Emma Garcia,2009,11,4,Female,14287,9.4,0.6,1.1,8.6,9A,Scholar,9,,63-59-79,science,,,,,,
4288,Emma Jones,2007,10,7,Female,14288,3.4,1.7,0.5,6.6,11C,Scholar,11,,75-73-99,science,,,,,,
4289,Richard Moore,2011,4,24,Male,14289,5.5,3.5,2.8,8.6,7A,Sports,7,,,,58.3,chess,,,,
4290,Anthony Smith,2006,6,9,Male,14290,5.3,0.8,6.5,7.4,12A,Scholar,12,,96-92-51,mathematics,,,,,,
4291,Kenneth Rodriguez,2011,7,20,Male,14291,6.7,1.4,7.0,6.2,7C,Scholar,7,,79-65-79,science,,,,,,
4292,Charles Thomas,2012,4,7,Male,14292,4.9,1.7,9.5,8.8,6B,Talent,6,dance,,,,,,,,
4293,Mary Anderson,2011,3,5,Female,14293,8.1,1.9,6.9,6.0,7A,Sports,7,,,,63.7,cricket,,,,
4294,William Williams,2007,11,5,Male,14294,2.6,6.9,7.2,7.1,11C,Sports,11,,,,57.7,chess,,,,
4295,George Thomas,2009,11,23,Male,14295,2.1,2.7,3.4,7.6,9C,Sports,9,,,,93.1,chess,,,,
4296,Karen Williams,2006,4,27,Female,14296,5.5,6.8,6.2,10.0,12B,Scholar,12,,90-62-59,science,,,,,,
4297,Helen Williams,2010,12,11,Female,14297,2.6,4.8,9.3,8.2,8C,Sports,8,,,,65.1,cricket,,,,
4298,James Moore,2009,7,1,Male,14298,9.1,9.4,8.7,9.3,9B,Sports,9,,,,96.7,chess,,,,
4299,Mark Hernandez,2010,5,16,Male,14299,7.4,9.0,5.8,7.6,8A,Sports,8,,,,94.5,chess,,,,
4300,Elizabeth Jones,2009,12,28,Female,14300,8.7,8.0,0.2,8.8,9B,Sports,9,,,,54.0,cricket,,,,
4301,David Anderson,2007,9,20,Male,14301,3.5,1.9,4.3,9.4,11B,Sports,11,,,,83.5,chess,,,,
4302,Laura Jones,2011,10,18,Female,14302,8.7,2.5,7.4,8.6,7B,Talent,7,singing,,,,,,,,
4303,Daniel Gonzalez,2011,4,17,Male,14303,2.3,3.7,3.5,8.9,7C,Talent,7,singing,,,,,,,,
4304,James Williams,2012,2,10,Male,14304,8.2,0.7,7.1,6.8,6C,Talent,6,dance,,,,,,,,
4305,George Miller,2011,6,19,Male,14305,5.0,1.7,5.0,9.9,7B,Sports,7,,,,86.5,cricket,,,,
4306,Christine Miller,2008,4,24,Female,14306,5.3,8.0,1.1,9.1,10A,Sports,10,,,,72.5,cricket,,,,
4307,Matthew Davis,2006,7,11,Male,14307,6.0,7.5,7.9,8.7,12C,Scholar,12,,76-64-94,mathematics,,,,,,
4308,Christine Gonzalez,2010,4,11,Female,14308,4.2,5.0,6.6,9.1,8A,Sports,8,,,,63.6,cricket,,,,
4309,George Taylor,2007,7,15,Male,14309,3.5,2.0,2.0,9.5,11C,Scholar,11,,67-99-66,mathematics,,,,,,
4310,Matthew Brown,2008,7,21,Male,14310,1.8,8.6,2.2,8.1,10C,Talent,10,drama,,,,,,,,
4311,Joseph Davis,2007,1,21,Male,14311,4.2,3.0,1.8,7.6,11C,Talent,11,drama,,,,,,,,
4312,Andrew Jones,2011,3,19,Male,14312,4.7,8.8,0.2,9.4,7B,Scholar,7,,65-86-94,science,,,,,,
4313,Christine Hernandez,2007,10,21,Female,14313,7.5,2.6,4.1,8.9,11B,Sports,11,,,,61.4,chess,,,,
4314,George Anderson,2006,9,11,Male,14314,4.0,6.8,3.4,8.0,12A,Sports,12,,,,94.6,cricket,,,,
4315,Daniel Jones,2006,8,24,Male,14315,1.6,5.3,2.4,9.9,12C,Scholar,12,,86-68-93,mathematics,,,,,,
4316,Elizabeth Johnson,2008,1,1,Female,14316,2.3,8.0,3.2,6.4,10B,Scholar,10,,79-74-100,science,,,,,,
4317,Kenneth Rodriguez,2007,11,14,Male,14317,8.1,2.9,6.1,6.8,11B,Scholar,11,,61-84-66,science,,,,,,
4318,Susan Lopez,2008,11,21,Female,14318,6.1,5.6,4.1,8.8,10A,Sports,10,,,,52.7,cricket,,,,
4319,Linda Wilson,2012,1,9,Female,14319,1.7,2.6,2.0,8.3,6A,Scholar,6,,85-73-72,mathematics,,,,,,
4320,Linda Rodriguez,2008,12,14,Female,14320,7.1,7.1,0.2,7.5,10C,Talent,10,dance,,,,,,,,
4321,Matthew Lopez,2008,12,23,Male,14321,5.2,2.3,0.5,8.4,10C,Talent,10,dance,,,,,,,,
4322,Michelle Jackson,2010,3,4,Female,14322,5.3,5.2,9.3,6.5,8A,Scholar,8,,83-58-64,mathematics,,,,,,
4323,Andrew Williams,2011,8,20,Male,14323,4.5,8.1,8.0,8.1,7C,Scholar,7,,71-63-69,mathematics,,,,,,
4324,Michelle Smith,2008,1,27,Female,14324,6.9,2.4,9.2,6.3,10B,Talent,10,drama,,,,,,,,
4325,Maria Garcia,2010,7,14,Female,14325,6.5,4.8,7.2,7.4,8C,Talent,8,drama,,,,,,,,
4326,Samantha Martinez,2008,10,23,Female,14326,8.8,0.5,8.6,8.3,10B,Sports,10,,,,83.5,chess,,,,
4327,William Davis,2006,10,20,Male,14327,9.1,7.2,6.0,6.8,12B,Scholar,12,,80-70-94,science,,,,,,
4328,Mary Lopez,2009,5,14,Female,14328,4.3,4.4,5.5,8.1,9C,Sports,9,,,,60.7,chess,,,,
4329,Laura Rodriguez,2009,12,4,Female,14329,5.6,8.5,8.5,9.0,9B,Talent,9,singing,,,,,,,,
4330,Joseph Thomas,2009,8,12,Male,14330,1.8,1.8,0.2,7.0,9B,Sports,9,,,,79.8,cricket,,,,
4331,Andrew Moore,2012,7,24,Male,14331,0.7,8.7,1.3,7.8,6A,Scholar,6,,89-51-54,mathematics,,,,,,
4332,Linda Wilson,2010,8,11,Female,14332,4.3,8.5,5.9,8.5,8C,Scholar,8,,97-90-72,mathematics,,,,,,
4333,Mary Martin,2008,1,28,Female,14333,0.0,8.9,1.4,8.5,10A,Talent,10,drama,,,,,,,,
4334,Helen Williams,2006,4,19,Female,14334,7.4,6.1,4.8,6.8,12C,Scholar,12,,55-91-81,mathematics,,,,,,
4335,Maria Taylor,2006,1,11,Female,14335,6.8,6.6,3.4,7.2,12C,Scholar,12,,97-100-53,science,,,,,,
4336,Linda Rodriguez,2011,9,28,Female,14336,4.2,1.1,0.4,8.1,7A,Sports,7,,,,67.7,cricket,,,,
4337,Samantha Garcia,2011,7,14,Female,14337,5.2,2.9,7.2,8.8,7B,Sports,7,,,,62.6,cricket,,,,
4338,Laura Hernandez,2011,8,8,Female,14338,4.2,5.5,2.7,8.1,7C,Sports,7,,,,73.7,chess,,,,
4339,Daniel Rodriguez,2007,12,5,Male,14339,5.8,6.1,3.1,9.9,11A,Scholar,11,,54-95-51,mathematics,,,,,,
4340,Richard Jackson,2007,11,24,Male,14340,8.4,7.4,3.2,8.7,11A,Scholar,11,,70-56-82,science,,,,,,
4341,Sarah Taylor,2006,5,21,Female,14341,0.2,5.8,3.2,7.5,12B,Talent,12,dance,,,,,,,,
4342,William Brown,2009,3,12,Male,14342,7.9,0.5,0.6,9.3,9A,Scholar,9,,51-73-58,science,,,,,,
4343,Charles Garcia,2010,5,24,Male,14343,2.2,7.1,1.3,10.0,8B,Sports,8,,,,82.7,chess,,,,
4344,Matthew Brown,2009,4,15,Male,14344,2.9,0.6,7.1,7.0,9B,Sports,9,,,,82.6,cricket,,,,
4345,Linda Garcia,2006,9,12,Female,14345,0.4,0.8,0.6,7.7,12B,Scholar,12,,52-67-99,science,,,,,,
4346,Lisa Wilson,2008,1,18,Female,14346,5.2,6.3,8.6,6.7,10A,Scholar,10,,75-66-87,mathematics,,,,,,
4347,Maria Jackson,2011,2,12,Female,14347,5.6,7.3,9.2,7.5,7B,Sports,7,,,,52.9,cricket,,,,
4348,Michelle Thomas,2012,10,6,Female,14348,1.4,6.1,2.0,7.3,6C,Scholar,6,,58-69-76,mathematics,,,,,,
4349,Mary Garcia,2010,9,9,Female,14349,6.7,8.9,0.2,6.3,8C,Scholar,8,,97-72-61,science,,,,,,
4350,Michelle Thomas,2012,10,16,Female,14350,8.0,7.9,1.4,6.1,6A,Scholar,6,,66-79-69,mathematics,,,,,,
4351,Paul Williams,2007,1,21,Male,14351,7.2,9.2,6.1,8.5,11B,Scholar,11,,71-68-85,science,,,,,,
4352,Paul Moore,2010,4,20,Male,14352,1.0,8.9,0.5,9.6,8C,Sports,8,,,,91.6,chess,,,,
4353,Robert Brown,2010,11,3,Male,14353,1.2,8.9,6.2,9.7,8A,Sports,8,,,,86.9,chess,,,,
4354,Karen Jackson,2012,8,16,Female,14354,8.2,1.7,6.8,8.7,6A,Sports,6,,,,75.9,chess,,,,
4355,Christine Moore,2006,10,8,Female,14355,1.7,5.5,2.5,6.9,12C,Sports,12,,,,73.1,chess,,,,
4356,Michael Martinez,2008,2,15,Male,14356,5.6,8.9,4.9,8.5,10B,Sports,10,,,,87.2,cricket,,,,
4357,Mark Davis,2008,5,18,Male,14357,2.9,8.3,2.4,6.6,10A,Scholar,10,,67-50-74,science,,,,,,
4358,Linda Gonzalez,2010,7,19,Female,14358,3.4,3.2,9.3,7.0,8B,Talent,8,dance,,,,,,,,
4359,John Brown,2010,4,15,Male,14359,4.0,8.1,5.7,7.8,8C,Sports,8,,,,97.9,chess,,,,
4360,William Moore,2012,3,27,Male,14360,4.3,7.2,0.2,6.2,6B,Scholar,6,,70-93-54,science,,,,,,
4361,Samantha Gonzalez,2011,8,21,Female,14361,8.1,1.0,1.9,9.4,7C,Sports,7,,,,52.0,chess,,,,
4362,Samantha Brown,2010,4,27,Female,14362,4.9,5.5,3.8,7.3,8C,Sports,8,,,,76.3,chess,,,,
4363,Patricia Williams,2007,3,25,Female,14363,9.0,5.5,1.8,6.0,11C,Sports,11,,,,71.7,chess,,,,
4364,Thomas Garcia,2012,9,10,Male,14364,8.2,5.2,7.0,7.6,6A,Scholar,6,,74-71-100,mathematics,,,,,,
4365,William Thomas,2012,2,21,Male,14365,6.1,2.6,9.3,6.2,6C,Talent,6,drama,,,,,,,,
4366,Paul Williams,2012,5,13,Male,14366,2.9,2.1,4.8,8.7,6A,Scholar,6,,88-82-91,science,,,,,,
4367,Michelle Williams,2007,9,24,Female,14367,4.4,9.5,5.6,6.7,11C,Scholar,11,,87-77-88,science,,,,,,
4368,John Johnson,2012,4,6,Male,14368,9.5,5.6,5.7,9.9,6A,Sports,6,,,,65.3,chess,,,,
4369,Matthew Davis,2007,2,26,Male,14369,9.1,3.7,1.9,7.6,11B,Scholar,11,,64-64-88,mathematics,,,,,,
4370,James Garcia,2007,3,13,Male,14370,8.6,1.8,9.3,6.6,11C,Sports,11,,,,79.0,chess,,,,
4371,Daniel Miller,2012,1,22,Male,14371,2.3,6.3,6.7,9.4,6A,Talent,6,singing,,,,,,,,
4372,Samantha Wilson,2008,4,19,Female,14372,4.9,1.3,6.6,9.2,10C,Talent,10,dance,,,,,,,,
4373,Samantha Jackson,2008,7,10,Female,14373,0.4,6.9,1.3,9.5,10C,Scholar,10,,88-55-52,mathematics,,,,,,
4374,Joseph Hernandez,2011,1,21,Male,14374,1.8,4.7,8.2,6.7,7A,Sports,7,,,,59.6,cricket,,,,
4375,Richard Garcia,2006,8,5,Male,14375,6.8,1.3,5.8,6.4,12B,Talent,12,drama,,,,,,,,
4376,Lisa Wilson,2011,8,12,Female,14376,1.9,0.4,1.3,7.5,7B,Talent,7,dance,,,,,,,,
4377,Lisa Davis,2008,10,23,Female,14377,9.2,1.6,6.6,6.9,10A,Sports,10,,,,95.2,chess,,,,
4378,William Williams,2007,10,12,Male,14378,3.9,2.6,7.2,9.1,11C,Scholar,11,,70-68-76,mathematics,,,,,,
4379,John Jackson,2007,5,2,Male,14379,4.1,5.8,5.1,6.8,11B,Sports,11,,,,60.9,chess,,,,
4380,Christine Gonzalez,2008,7,21,Female,14380,9.4,0.3,5.9,8.5,10C,Scholar,10,,98-75-87,science,,,,,,
4381,Robert Jones,2010,12,23,Male,14381,8.1,5.0,4.5,7.0,8A,Sports,8,,,,84.3,chess,,,,
4382,Helen Brown,2008,4,1,Female,14382,9.3,1.9,8.2,7.5,10B,Scholar,10,,65-50-76,science,,,,,,
4383,Steven Miller,2007,5,21,Male,14383,0.6,4.7,7.4,7.4,11C,Scholar,11,,79-74-87,mathematics,,,,,,
4384,Susan Taylor,2012,1,19,Female,14384,8.5,1.2,1.6,7.2,6A,Talent,6,singing,,,,,,,,
4385,Christine Brown,2011,7,24,Female,14385,3.9,6.8,7.8,7.3,7B,Talent,7,drama,,,,,,,,
4386,Steven Martin,2010,5,1,Male,14386,3.1,9.5,6.3,6.7,8B,Scholar,8,,55-92-58,mathematics,,,,,,
4387,Michael Wilson,2009,9,13,Male,14387,5.1,6.7,5.0,8.9,9B,Sports,9,,,,71.0,chess,,,,
4388,Elizabeth Smith,2008,6,9,Female,14388,5.2,4.2,8.1,8.1,10C,Talent,10,drama,,,,,,,,
4389,Steven Smith,2006,12,7,Male,14389,0.7,9.2,4.4,7.1,12B,Scholar,12,,55-61-63,mathematics,,,,,,
4390,Anna Moore,2009,5,8,Female,14390,6.0,8.0,6.6,9.1,9A,Sports,9,,,,72.8,chess,,,,
4391,Thomas Johnson,2008,1,14,Male,14391,0.1,6.7,6.0,7.7,10A,Talent,10,singing,,,,,,,,
4392,Barbara Wilson,2011,2,12,Female,14392,0.3,9.1,2.9,8.9,7C,Talent,7,singing,,,,,,,,
4393,Christine Anderson,2008,7,27,Female,14393,7.3,1.0,3.5,9.3,10C,Scholar,10,,95-54-93,mathematics,,,,,,
4394,Sandra Davis,2011,2,8,Female,14394,0.1,9.0,6.0,7.9,7C,Sports,7,,,,54.3,cricket,,,,
4395,Jessica Jackson,2009,12,9,Female,14395,3.6,3.4,7.3,9.9,9A,Sports,9,,,,80.5,chess,,,,
4396,Laura Miller,2009,3,7,Female,14396,0.7,6.6,5.8,8.8,9A,Sports,9,,,,92.3,chess,,,,
4397,Donald Martinez,2009,11,2,Male,14397,5.8,1.2,3.1,7.7,9C,Talent,9,dance,,,,,,,,
4398,Daniel Brown,2008,2,6,Male,14398,0.7,0.5,1.9,8.1,10A,Scholar,10,,75-100-87,mathematics,,,,,,
4399,Robert Taylor,2008,1,21,Male,14399,5.4,4.6,0.0,9.4,10C,Sports,10,,,,52.4,cricket,,,,
4400,Daniel Smith,2009,4,21,Male,14400,5.5,9.3,2.6,6.6,9C,Scholar,9,,100-70-99,mathematics,,,,,,
4401,Richard Martinez,2008,1,22,Male,14401,6.8,7.3,2.6,8.5,10A,Sports,10,,,,59.7,chess,,,,
4402,Anthony Lopez,2006,3,26,Male,14402,2.3,5.0,6.7,8.5,12C,Scholar,12,,100-66-53,science,,,,,,
4403,John Hernandez,2012,12,18,Male,14403,2.2,6.6,1.3,7.1,6B,Sports,6,,,,95.3,cricket,,,,
4404,John Garcia,2007,12,24,Male,14404,2.2,9.1,0.3,8.1,11C,Sports,11,,,,63.4,cricket,,,,
4405,Helen Brown,2009,12,18,Female,14405,5.9,4.9,6.7,6.8,9B,Sports,9,,,,58.2,chess,,,,
4406,Linda Taylor,2009,4,7,Female,14406,5.0,0.0,1.2,7.5,9A,Scholar,9,,97-72-88,science,,,,,,
4407,William Rodriguez,2010,6,9,Male,14407,4.4,2.1,8.7,7.1,8A,Scholar,8,,84-84-95,mathematics,,,,,,
4408,Jessica Wilson,2012,3,26,Female,14408,9.2,5.7,9.2,8.7,6C,Talent,6,singing,,,,,,,,
4409,Emma Brown,2012,8,18,Female,14409,1.4,0.3,1.7,10.0,6C,Scholar,6,,99-55-60,science,,,,,,
4410,Steven Jackson,2010,3,26,Male,14410,3.0,6.5,5.1,7.9,8A,Scholar,8,,95-55-69,mathematics,,,,,,
4411,Daniel Anderson,2008,3,8,Male,14411,4.6,5.4,5.2,9.8,10C,Scholar,10,,65-63-52,science,,,,,,
4412,Matthew Taylor,2009,6,4,Male,14412,0.2,5.1,1.7,9.6,9B,Talent,9,singing,,,,,,,,
4413,Richard Anderson,2009,3,22,Male,14413,6.0,5.8,7.5,6.8,9A,Sports,9,,,,50.8,cricket,,,,
4414,Jennifer Jones,2006,11,8,Female,14414,9.0,1.7,3.8,6.9,12C,Talent,12,singing,,,,,,,,
4415,Mark Smith,2011,5,2,Male,14415,2.1,9.5,6.7,8.2,7A,Sports,7,,,,56.4,cricket,,,,
4416,Patricia Jones,2007,5,22,Female,14416,6.8,6.0,7.5,6.9,11A,Talent,11,drama,,,,,,,,
4417,Emma Miller,2008,4,1,Female,14417,0.1,5.7,6.9,9.4,10A,Talent,10,singing,,,,,,,,
4418,Joseph Rodriguez,2012,5,18,Male,14418,3.7,9.3,5.9,9.0,6C,Talent,6,dance,,,,,,,,
4419,Robert Williams,2006,6,1,Male,14419,3.5,8.0,5.4,7.0,12A,Scholar,12,,74-59-92,mathematics,,,,,,
4420,David Martin,2007,11,15,Male,14420,3.4,5.5,2.8,6.2,11A,Scholar,11,,66-67-86,mathematics,,,,,,
4421,Sandra Wilson,2010,10,28,Female,14421,8.2,7.9,2.2,9.1,8C,Talent,8,dance,,,,,,,,
4422,Steven Taylor,2012,12,6,Male,14422,6.4,5.8,5.8,9.9,6C,Scholar,6,,77-70-78,science,,,,,,
4423,Samantha Martin,2006,12,7,Female,14423,1.4,8.0,0.9,9.8,12A,Scholar,12,,68-95-58,mathematics,,,,,,
4424,Sandra Jones,2007,5,24,Female,14424,4.5,4.4,0.3,6.3,11A,Scholar,11,,97-88-81,mathematics,,,,,,
4425,Daniel Wilson,2010,5,23,Male,14425,3.4,3.1,6.1,9.3,8B,Scholar,8,,90-99-59,mathematics,,,,,,
4426,Karen Johnson,2012,11,22,Female,14426,9.4,8.5,9.1,9.1,6C,Scholar,6,,93-73-95,science,,,,,,
4427,Paul Williams,2010,12,7,Male,14427,4.2,6.6,3.8,6.5,8B,Sports,8,,,,89.5,cricket,,,,
4428,John Smith,2010,11,24,Male,14428,8.8,8.7,0.2,6.8,8B,Scholar,8,,68-75-58,science,,,,,,
4429,Emma Thomas,2010,5,3,Female,14429,6.7,3.7,4.1,8.1,8C,Talent,8,dance,,,,,,,,
4430,Charles Brown,2006,4,7,Male,14430,6.1,1.2,4.7,6.4,12C,Scholar,12,,58-94-62,science,,,,,,
4431,Christine Jackson,2006,5,4,Female,14431,4.7,7.7,6.1,9.6,12C,Scholar,12,,100-65-87,mathematics,,,,,,
4432,Mary Johnson,2008,1,13,Female,14432,0.7,5.6,4.8,9.5,10A,Sports,10,,,,62.7,chess,,,,
4433,Maria Rodriguez,2008,7,25,Female,14433,7.5,9.2,8.7,9.0,10A,Talent,10,dance,,,,,,,,
4434,Lisa Johnson,2010,1,27,Female,14434,5.2,7.2,0.4,8.8,8A,Sports,8,,,,59.8,cricket,,,,
4435,Linda Williams,2010,9,22,Female,14435,7.3,3.4,0.1,8.5,8A,Talent,8,drama,,,,,,,,
4436,Mark Williams,2010,8,15,Male,14436,6.4,2.7,0.7,8.5,8B,Scholar,8,,100-79-81,mathematics,,,,,,
4437,Charles Anderson,2007,2,24,Male,14437,0.2,2.1,1.5,7.5,11A,Talent,11,dance,,,,,,,,
4438,Lisa Wilson,2008,12,7,Female,14438,0.0,9.4,9.0,6.7,10B,Sports,10,,,,89.5,chess,,,,
4439,Anna Gonzalez,2011,11,7,Female,14439,4.1,8.3,2.5,8.8,7C,Talent,7,dance,,,,,,,,
4440,Robert Moore,2012,9,15,Male,14440,3.1,6.7,6.7,8.1,6A,Sports,6,,,,65.6,chess,,,,
4441,Charles Lopez,2010,7,14,Male,14441,0.5,7.9,1.5,8.8,8C,Talent,8,dance,,,,,,,,
4442,Helen Garcia,2006,1,6,Female,14442,0.8,3.1,0.1,8.8,12A,Scholar,12,,100-96-83,mathematics,,,,,,
4443,George Williams,2008,4,28,Male,14443,0.3,8.7,1.9,8.1,10C,Scholar,10,,99-64-79,science,,,,,,
4444,Mark Williams,2012,4,9,Male,14444,6.4,7.1,7.6,9.6,6B,Sports,6,,,,69.1,cricket,,,,
4445,Lisa Wilson,2012,7,18,Female,14445,7.8,0.1,2.3,9.9,6C,Scholar,6,,79-83-79,science,,,,,,
4446,Anthony Hernandez,2010,6,19,Male,14446,3.0,4.3,4.1,7.5,8A,Talent,8,drama,,,,,,,,
4447,Maria Rodriguez,2007,6,9,Female,14447,5.8,0.9,7.2,9.8,11B,Scholar,11,,83-94-96,mathematics,,,,,,
4448,Jessica Hernandez,2011,8,28,Female,14448,1.0,4.3,1.0,6.1,7C,Scholar,7,,63-51-87,mathematics,,,,,,
4449,Michelle Smith,2011,8,11,Female,14449,2.5,0.6,0.1,8.5,7C,Scholar,7,,96-94-53,mathematics,,,,,,
4450,Anna Thomas,2010,10,24,Female,14450,1.4,2.8,1.0,8.4,8A,Talent,8,dance,,,,,,,,
4451,William Jones,2012,3,12,Male,14451,1.0,1.6,7.5,8.9,6B,Talent,6,singing,,,,,,,,
4452,Thomas Moore,2011,8,11,Male,14452,5.0,7.6,0.1,9.0,7C,Sports,7,,,,56.7,cricket,,,,
4453,Linda Brown,2006,12,10,Female,14453,3.7,0.4,6.9,6.3,12C,Scholar,12,,81-64-79,science,,,,,,
4454,William Miller,2011,3,26,Male,14454,0.4,1.6,8.4,8.6,7B,Talent,7,singing,,,,,,,,
4455,Paul Davis,2007,12,24,Male,14455,9.1,0.7,5.7,8.9,11B,Talent,11,dance,,,,,,,,
4456,Anthony Jones,2007,7,9,Male,14456,7.5,8.6,9.4,6.5,11A,Scholar,11,,75-78-61,mathematics,,,,,,
4457,Michelle Hernandez,2006,4,26,Female,14457,7.9,4.6,8.9,7.4,12A,Talent,12,dance,,,,,,,,
4458,Elizabeth Jones,2012,10,23,Female,14458,1.4,9.0,3.3,8.4,6C,Scholar,6,,77-96-86,mathematics,,,,,,
4459,Laura Miller,2006,8,16,Female,14459,9.1,6.4,7.8,9.8,12B,Talent,12,dance,,,,,,,,
4460,James Martin,2012,4,27,Male,14460,7.9,0.1,7.0,6.1,6C,Talent,6,singing,,,,,,,,
4461,Steven Jackson,2012,3,4,Male,14461,4.2,6.2,1.6,7.6,6C,Sports,6,,,,61.6,cricket,,,,
4462,Mary Gonzalez,2007,12,17,Female,14462,7.2,3.0,0.8,6.7,11A,Sports,11,,,,80.1,chess,,,,
4463,Patricia Garcia,2012,11,11,Female,14463,5.2,1.1,1.2,7.9,6B,Sports,6,,,,92.9,cricket,,,,
4464,Karen Johnson,2011,1,20,Female,14464,7.5,2.4,9.0,9.8,7A,Sports,7,,,,51.2,chess,,,,
4465,Joseph Taylor,2006,5,13,Male,14465,1.4,1.6,5.7,8.5,12C,Sports,12,,,,59.7,cricket,,,,
4466,Susan Rodriguez,2009,7,19,Female,14466,7.0,8.9,0.6,7.6,9B,Scholar,9,,100-75-78,mathematics,,,,,,
4467,Charles Thomas,2007,7,11,Male,14467,2.0,1.1,3.2,6.9,11C,Scholar,11,,79-52-53,mathematics,,,,,,
4468,Susan Thomas,2007,3,6,Female,14468,4.7,4.9,4.5,7.8,11B,Scholar,11,,58-84-81,science,,,,,,
4469,Robert Rodriguez,2011,11,3,Male,14469,8.5,8.0,8.3,9.9,7C,Sports,7,,,,64.3,cricket,,,,
4470,Charles Moore,2007,9,22,Male,14470,1.3,3.8,7.6,7.9,11A,Sports,11,,,,83.8,cricket,,,,
4471,Christine Taylor,2007,4,8,Female,14471,0.4,2.4,3.5,7.1,11C,Talent,11,singing,,,,,,,,
4472,George Rodriguez,2007,10,27,Male,14472,5.0,8.6,3.9,6.3,11B,Scholar,11,,77-67-73,science,,,,,,
4473,James Gonzalez,2006,10,28,Male,14473,8.3,1.9,4.5,8.6,12B,Scholar,12,,62-96-58,mathematics,,,,,,
4474,Steven Jones,2011,9,13,Male,14474,2.3,1.4,4.3,9.2,7B,Talent,7,drama,,,,,,,,
4475,Michelle Miller,2006,6,14,Female,14475,2.1,1.8,2.9,9.8,12B,Sports,12,,,,59.0,chess,,,,
4476,David Jackson,2010,10,1,Male,14476,6.5,5.6,9.3,7.9,8A,Sports,8,,,,80.3,chess,,,,
4477,Helen Williams,2011,2,19,Female,14477,4.3,3.8,7.4,9.5,7A,Sports,7,,,,58.2,chess,,,,
4478,Paul Johnson,2008,1,2,Male,14478,8.2,8.9,5.1,6.6,10C,Sports,10,,,,93.4,chess,,,,
4479,Elizabeth Gonzalez,2007,2,15,Female,14479,6.1,2.1,3.2,7.4,11A,Talent,11,dance,,,,,,,,
4480,Donald Jones,2011,1,23,Male,14480,3.4,4.3,4.8,7.7,7B,Sports,7,,,,90.3,chess,,,,
4481,Samantha Garcia,2006,11,7,Female,14481,2.0,6.1,1.1,9.4,12A,Scholar,12,,69-88-57,science,,,,,,
4482,Mary Hernandez,2010,2,19,Female,14482,3.0,7.1,5.5,8.7,8B,Scholar,8,,77-78-85,science,,,,,,
4483,Christine Martinez,2007,7,4,Female,14483,9.1,2.6,5.6,6.8,11C,Scholar,11,,59-73-72,mathematics,,,,,,
4484,Paul Davis,2011,9,14,Male,14484,1.6,2.2,3.4,7.4,7A,Sports,7,,,,76.1,chess,,,,
4485,Laura Lopez,2008,7,2,Female,14485,8.0,1.5,5.8,7.3,10A,Scholar,10,,58-81-88,science,,,,,,
4486,Daniel Thomas,2009,5,11,Male,14486,2.4,9.3,3.5,6.6,9B,Talent,9,drama,,,,,,,,
4487,Susan Johnson,2011,9,4,Female,14487,1.3,0.1,2.0,7.5,7C,Scholar,7,,97-72-93,science,,,,,,
4488,Thomas Brown,2008,11,28,Male,14488,9.3,0.3,2.7,7.4,10B,Talent,10,dance,,,,,,,,
4489,Linda Lopez,2011,11,15,Female,14489,0.3,8.7,7.5,7.4,7C,Talent,7,dance,,,,,,,,
4490,William Jones,2012,11,6,Male,14490,7.9,0.5,2.4,9.2,6A,Sports,6,,,,61.8,chess,,,,
4491,Kenneth Anderson,2012,6,8,Male,14491,9.3,5.0,1.1,7.5,6A,Scholar,6,,93-57-87,mathematics,,,,,,
4492,Steven Jones,2008,6,14,Male,14492,0.8,1.6,8.8,8.4,10C,Sports,10,,,,82.8,cricket,,,,
4493,Anna Rodriguez,2012,9,18,Female,14493,2.8,5.4,4.6,7.9,6A,Sports,6,,,,53.4,chess,,,,
4494,Richard Jones,2009,5,20,Male,14494,6.8,5.9,2.3,7.1,9B,Sports,9,,,,60.2,cricket,,,,
4495,Christine Rodriguez,2007,2,27,Female,14495,5.5,2.3,9.3,8.2,11A,Scholar,11,,81-50-76,science,,,,,,
4496,Karen Anderson,2008,9,25,Female,14496,6.3,7.4,4.0,8.4,10C,Sports,10,,,,95.5,cricket,,,,
4497,Donald Miller,2012,1,20,Male,14497,8.5,9.4,6.6,6.4,6B,Sports,6,,,,86.8,cricket,,,,
4498,Linda Smith,2012,5,7,Female,14498,4.5,7.1,2.7,8.8,6B,Sports,6,,,,88.1,cricket,,,,
4499,Anthony Williams,2008,9,24,Male,14499,7.0,3.2,0.0,8.7,10B,Scholar,10,,64-92-80,science,,,,,,
4500,Emma Anderson,2007,12,5,Female,14500,4.5,8.4,3.5,7.4,11C,Sports,11,,,,55.8,chess,,,,
4501,Mark Williams,2006,7,14,Male,14501,4.8,5.2,7.3,9.5,12B,Sports,12,,,,86.9,cricket,,,,
4502,William Brown,2009,7,12,Male,14502,5.1,8.5,0.4,6.4,9C,Scholar,9,,59-59-57,mathematics,,,,,,
4503,Anthony Anderson,2008,5,12,Male,14503,1.1,0.5,1.0,8.2,10C,Sports,10,,,,54.3,cricket,,,,
4504,Helen Davis,2009,4,23,Female,14504,3.2,3.6,0.3,7.6,9A,Scholar,9,,53-98-77,science,,,,,,
4505,Maria Anderson,2011,1,2,Female,14505,5.4,5.1,1.1,6.6,7B,Talent,7,drama,,,,,,,,
4506,Mark Taylor,2012,4,5,Male,14506,7.7,1.6,3.8,7.2,6A,Talent,6,dance,,,,,,,,
4507,Jennifer Martin,2008,11,17,Female,14507,4.8,1.0,2.2,9.2,10A,Scholar,10,,81-58-77,mathematics,,,,,,
4508,Daniel Martin,2009,2,26,Male,14508,4.1,1.7,3.8,8.2,9B,Scholar,9,,64-75-53,science,,,,,,
4509,Jennifer Hernandez,2012,8,10,Female,14509,7.3,6.4,1.5,8.7,6B,Scholar,6,,79-78-75,science,,,,,,
4510,Robert Anderson,2009,3,3,Male,14510,7.8,3.9,5.9,8.2,9C,Sports,9,,,,77.8,cricket,,,,
4511,Sandra Hernandez,2011,1,15,Female,14511,1.1,1.0,6.3,6.7,7A,Scholar,7,,94-50-73,mathematics,,,,,,
4512,Anthony Davis,2010,5,28,Male,14512,9.1,2.5,4.4,7.5,8C,Sports,8,,,,69.7,cricket,,,,
4513,Richard Gonzalez,2006,12,7,Male,14513,8.4,8.1,2.3,6.1,12B,Talent,12,singing,,,,,,,,
4514,Thomas Martin,2006,2,5,Male,14514,7.8,3.6,2.6,7.6,12C,Scholar,12,,98-56-52,science,,,,,,
4515,Maria Williams,2007,12,27,Female,14515,1.8,3.4,4.7,9.0,11C,Talent,11,dance,,,,,,,,
4516,David Martinez,2008,4,27,Male,14516,8.8,1.6,0.9,8.4,10B,Sports,10,,,,55.8,cricket,,,,
4517,Charles Thomas,2009,4,20,Male,14517,1.0,8.7,3.6,6.6,9B,Scholar,9,,96-62-69,science,,,,,,
4518,Michelle Jones,2006,4,25,Female,14518,4.7,8.8,8.8,8.8,12C,Sports,12,,,,76.0,chess,,,,
4519,Lisa Jackson,2011,8,24,Female,14519,5.9,5.4,2.3,10.0,7A,Scholar,7,,86-77-69,mathematics,,,,,,
4520,Anna Rodriguez,2011,12,7,Female,14520,9.4,6.2,1.7,9.9,7C,Scholar,7,,85-63-60,science,,,,,,
4521,Maria Jackson,2008,6,25,Female,14521,6.3,1.9,1.7,7.4,10B,Scholar,10,,93-66-57,science,,,,,,
4522,Laura Martinez,2012,2,10,Female,14522,7.7,8.9,5.8,8.9,6C,Talent,6,dance,,,,,,,,
4523,Jessica Williams,2011,3,24,Female,14523,2.8,7.3,4.6,6.8,7B,Talent,7,singing,,,,,,,,
4524,Jennifer Rodriguez,2007,7,3,Female,14524,0.0,5.7,9.1,6.7,11B,Sports,11,,,,78.5,cricket,,,,
4525,Steven Anderson,2008,9,12,Male,14525,1.0,5.3,9.3,9.3,10A,Sports,10,,,,62.0,cricket,,,,
4526,John Taylor,2008,8,13,Male,14526,3.4,7.1,5.1,7.5,10A,Talent,10,drama,,,,,,,,
4527,Kenneth Jones,2011,10,4,Male,14527,0.3,7.3,8.5,6.8,7B,Talent,7,dance,,,,,,,,
4528,Karen Wilson,2007,9,6,Female,14528,0.6,6.9,0.3,8.2,11C,Sports,11,,,,77.8,cricket,,,,
4529,Jennifer Rodriguez,2007,2,6,Female,14529,9.4,7.6,3.4,7.6,11B,Talent,11,dance,,,,,,,,
4530,Steven Wilson,2006,11,9,Male,14530,4.5,5.1,2.3,6.8,12C,Scholar,12,,85-52-95,science,,,,,,
4531,James Moore,2010,5,24,Male,14531,1.7,4.0,5.7,6.8,8B,Talent,8,singing,,,,,,,,
4532,Lisa Jackson,2010,9,23,Female,14532,6.7,8.5,5.0,6.3,8C,Scholar,8,,62-99-96,mathematics,,,,,,
4533,Linda Gonzalez,2006,5,6,Female,14533,4.0,8.2,8.6,8.2,12B,Scholar,12,,53-50-55,science,,,,,,
4534,Patricia Johnson,2007,9,17,Female,14534,4.7,6.0,3.5,8.7,11B,Talent,11,drama,,,,,,,,
4535,Barbara Brown,2008,4,20,Female,14535,6.4,6.8,5.3,8.8,10C,Scholar,10,,60-89-80,science,,,,,,
4536,Steven Rodriguez,2007,7,2,Male,14536,9.0,4.3,3.2,6.9,11C,Talent,11,singing,,,,,,,,
4537,James Rodriguez,2012,5,12,Male,14537,2.6,9.0,6.0,8.2,6C,Scholar,6,,58-67-65,science,,,,,,
4538,Christine Brown,2006,3,4,Female,14538,0.0,8.8,3.3,8.2,12B,Talent,12,singing,,,,,,,,
4539,Michael Garcia,2008,10,1,Male,14539,4.8,8.1,1.4,6.8,10B,Scholar,10,,50-57-57,mathematics,,,,,,
4540,Susan Rodriguez,2012,12,5,Female,14540,1.9,2.5,4.9,9.7,6A,Scholar,6,,99-60-63,science,,,,,,
4541,Barbara Thomas,2006,5,11,Female,14541,1.5,8.2,4.8,6.9,12A,Scholar,12,,94-88-69,science,,,,,,
4542,Anthony Miller,2010,5,2,Male,14542,8.0,8.6,3.7,9.3,8A,Scholar,8,,99-82-74,science,,,,,,
4543,John Brown,2011,8,13,Male,14543,0.1,5.4,2.3,7.5,7A,Scholar,7,,68-59-54,mathematics,,,,,,
4544,Helen Hernandez,2006,5,22,Female,14544,4.1,9.3,7.9,7.3,12B,Talent,12,drama,,,,,,,,
4545,James Martinez,2011,6,9,Male,14545,8.0,7.3,9.2,8.4,7C,Talent,7,singing,,,,,,,,
4546,Steven Martin,2009,9,15,Male,14546,0.1,9.0,5.2,9.2,9A,Talent,9,drama,,,,,,,,
4547,Lisa Moore,2010,6,21,Female,14547,6.3,0.4,3.5,6.4,8A,Scholar,8,,62-97-86,science,,,,,,
4548,George Hernandez,2006,2,9,Male,14548,6.4,6.8,4.6,8.2,12A,Sports,12,,,,87.3,chess,,,,
4549,Daniel Jackson,2011,4,8,Male,14549,4.6,2.5,6.0,7.5,7A,Sports,7,,,,85.4,chess,,,,
4550,Matthew Miller,2007,5,13,Male,14550,2.1,5.2,4.6,7.5,11B,Talent,11,dance,,,,,,,,
4551,Linda Jackson,2009,4,16,Female,14551,1.1,2.4,1.5,6.5,9B,Scholar,9,,69-56-78,mathematics,,,,,,
4552,Lisa Jones,2011,3,15,Female,14552,6.4,5.5,6.6,6.6,7C,Sports,7,,,,62.0,chess,,,,
4553,Jennifer Williams,2011,3,6,Female,14553,3.7,0.5,2.4,6.8,7C,Scholar,7,,98-58-66,mathematics,,,,,,
4554,Sandra Brown,2006,9,2,Female,14554,9.1,6.4,2.4,6.1,12C,Sports,12,,,,67.9,chess,,,,
4555,Joseph Davis,2009,5,2,Male,14555,6.7,7.8,7.5,9.6,9B,Scholar,9,,100-73-58,mathematics,,,,,,
4556,Lisa Brown,2012,2,5,Female,14556,2.4,2.3,0.6,8.7,6A,Talent,6,singing,,,,,,,,
4557,Jennifer Garcia,2007,4,22,Female,14557,1.0,5.9,8.3,9.5,11C,Scholar,11,,66-76-73,science,,,,,,
4558,Linda Rodriguez,2006,4,28,Female,14558,2.7,1.5,2.5,6.6,12B,Sports,12,,,,59.6,chess,,,,
4559,Linda Miller,2010,8,8,Female,14559,5.3,1.5,8.2,9.5,8A,Sports,8,,,,92.2,chess,,,,
4560,Anna Brown,2007,9,15,Female,14560,6.8,8.3,5.0,7.1,11B,Scholar,11,,66-71-74,mathematics,,,,,,
4561,Michael Jackson,2010,11,10,Male,14561,2.8,1.9,6.0,6.8,8B,Sports,8,,,,94.4,cricket,,,,
4562,Michelle Gonzalez,2010,6,16,Female,14562,3.9,4.0,3.0,7.9,8B,Scholar,8,,65-56-64,science,,,,,,
4563,Kenneth Martin,2010,9,6,Male,14563,7.3,0.6,7.9,9.5,8B,Scholar,8,,59-74-75,science,,,,,,
4564,Barbara Miller,2006,10,25,Female,14564,4.3,0.6,0.0,8.4,12B,Scholar,12,,54-65-91,mathematics,,,,,,
4565,Joseph Johnson,2007,5,9,Male,14565,8.0,3.9,5.2,8.8,11B,Scholar,11,,81-79-100,mathematics,,,,,,
4566,Maria Rodriguez,2010,1,1,Female,14566,0.6,8.4,1.6,7.4,8A,Sports,8,,,,88.1,cricket,,,,
4567,Daniel Miller,2009,12,19,Male,14567,0.6,8.8,6.7,6.9,9C,Scholar,9,,58-76-58,science,,,,,,
4568,Robert Gonzalez,2011,4,17,Male,14568,5.2,3.9,3.5,7.3,7C,Talent,7,singing,,,,,,,,
4569,Matthew Moore,2010,10,6,Male,14569,5.0,2.1,7.2,9.0,8B,Scholar,8,,69-70-56,mathematics,,,,,,
4570,Susan Jackson,2007,3,3,Female,14570,6.1,6.8,1.8,8.3,11C,Scholar,11,,99-86-93,mathematics,,,,,,
4571,Matthew Anderson,2006,9,23,Male,14571,3.8,0.3,2.1,6.9,12B,Sports,12,,,,72.3,chess,,,,
4572,Paul Thomas,2006,5,20,Male,14572,8.9,0.6,5.4,6.7,12B,Scholar,12,,67-94-56,science,,,,,,
4573,Donald Davis,2006,7,19,Male,14573,0.6,8.0,7.0,8.5,12B,Scholar,12,,62-73-63,mathematics,,,,,,
4574,Paul Jones,2009,5,18,Male,14574,4.7,3.4,7.7,6.1,9C,Talent,9,dance,,,,,,,,
4575,Charles Thomas,2006,4,6,Male,14575,1.9,5.7,7.3,6.7,12B,Sports,12,,,,80.8,chess,,,,
4576,Paul Lopez,2007,11,13,Male,14576,5.0,3.4,0.9,9.3,11A,Talent,11,singing,,,,,,,,
4577,Patricia Lopez,2006,1,4,Female,14577,9.3,8.2,2.9,9.9,12B,Talent,12,singing,,,,,,,,
4578,Maria Jackson,2009,2,11,Female,14578,7.6,8.3,7.1,9.6,9C,Talent,9,drama,,,,,,,,
4579,Michelle Anderson,2008,12,21,Female,14579,6.4,7.8,4.1,6.4,10B,Scholar,10,,54-52-54,science,,,,,,
4580,Helen Taylor,2009,12,24,Female,14580,1.1,8.5,7.4,6.7,9A,Scholar,9,,57-83-89,mathematics,,,,,,
4581,Jennifer Anderson,2010,2,13,Female,14581,1.2,4.3,1.4,7.7,8C,Talent,8,singing,,,,,,,,
4582,Jennifer Gonzalez,2011,11,19,Female,14582,1.8,2.3,6.7,6.7,7C,Talent,7,singing,,,,,,,,
4583,Thomas Taylor,2009,1,6,Male,14583,8.3,8.1,1.6,6.4,9B,Scholar,9,,94-88-59,mathematics,,,,,,
4584,Helen Martinez,2007,1,21,Female,14584,7.2,2.4,8.3,9.0,11B,Sports,11,,,,54.5,cricket,,,,
4585,Charles Smith,2009,11,23,Male,14585,2.7,4.1,2.3,8.7,9C,Talent,9,drama,,,,,,,,
4586,David Williams,2006,4,20,Male,14586,1.1,3.4,3.5,7.6,12A,Sports,12,,,,58.6,cricket,,,,
4587,Andrew Anderson,2010,4,16,Male,14587,8.2,5.3,0.4,7.0,8B,Scholar,8,,79-55-78,science,,,,,,
4588,Mark Williams,2008,4,27,Male,14588,6.1,4.5,8.6,8.1,10B,Talent,10,dance,,,,,,,,
4589,Karen Martinez,2010,6,5,Female,14589,5.4,0.4,2.4,6.0,8A,Sports,8,,,,81.5,chess,,,,
4590,Joseph Johnson,2007,8,10,Male,14590,2.8,0.4,6.3,6.1,11A,Scholar,11,,69-51-87,science,,,,,,
4591,Sandra Anderson,2011,8,4,Female,14591,0.5,6.9,8.9,9.4,7B,Scholar,7,,73-53-82,science,,,,,,
4592,Michael Rodriguez,2011,8,14,Male,14592,0.8,4.5,5.9,7.1,7C,Scholar,7,,57-97-88,mathematics,,,,,,
4593,Samantha Williams,2010,9,13,Female,14593,8.8,5.2,4.2,8.6,8C,Scholar,8,,74-58-75,mathematics,,,,,,
4594,Anthony Jackson,2012,9,2,Male,14594,0.9,1.0,3.6,9.0,6C,Scholar,6,,88-83-88,mathematics,,,,,,
4595,Andrew Brown,2010,7,5,Male,14595,7.6,1.7,3.8,6.5,8C,Scholar,8,,87-80-52,mathematics,,,,,,
4596,Paul Davis,2011,7,11,Male,14596,0.2,7.1,2.2,6.4,7B,Talent,7,singing,,,,,,,,
4597,Christine Moore,2007,1,1,Female,14597,0.6,0.4,7.8,8.6,11C,Sports,11,,,,81.8,cricket,,,,
4598,David Martin,2011,5,20,Male,14598,7.5,3.1,8.4,6.5,7C,Talent,7,dance,,,,,,,,
4599,Matthew Gonzalez,2006,7,8,Male,14599,5.5,9.1,4.5,7.3,12A,Talent,12,dance,,,,,,,,
4600,Charles Jones,2006,4,20,Male,14600,2.4,1.5,1.5,9.2,12A,Scholar,12,,95-72-61,science,,,,,,
4601,John Wilson,2010,8,15,Male,14601,2.5,1.5,5.5,8.7,8A,Sports,8,,,,65.4,cricket,,,,
4602,Anna Smith,2011,6,4,Female,14602,3.9,5.9,0.6,8.9,7B,Sports,7,,,,62.0,cricket,,,,
4603,Helen Wilson,2009,9,10,Female,14603,6.0,4.4,7.0,7.1,9C,Talent,9,singing,,,,,,,,
4604,Patricia Martin,2009,2,4,Female,14604,5.5,7.6,1.8,9.8,9B,Sports,9,,,,50.6,cricket,,,,
4605,Laura Jackson,2011,12,3,Female,14605,6.0,5.1,0.3,9.5,7A,Sports,7,,,,52.2,cricket,,,,
4606,Sarah Hernandez,2012,7,28,Female,14606,2.8,7.3,0.5,8.6,6C,Scholar,6,,63-65-53,mathematics,,,,,,
4607,Helen Lopez,2008,9,27,Female,14607,6.5,6.0,8.5,6.4,10A,Sports,10,,,,62.4,cricket,,,,
4608,Paul Martinez,2011,6,10,Male,14608,1.3,3.9,8.9,6.9,7C,Talent,7,singing,,,,,,,,
4609,Jennifer Martin,2006,10,28,Female,14609,9.1,2.1,7.0,8.1,12C,Scholar,12,,100-54-93,science,,,,,,
4610,Helen Jackson,2012,2,16,Female,14610,4.6,7.8,1.0,8.3,6B,Scholar,6,,94-53-67,mathematics,,,,,,
4611,Michelle Martinez,2007,4,6,Female,14611,3.0,0.8,6.3,8.5,11B,Talent,11,drama,,,,,,,,
4612,John Martinez,2008,3,14,Male,14612,3.7,1.5,3.5,8.4,10A,Scholar,10,,66-84-64,science,,,,,,
4613,Steven Brown,2006,3,5,Male,14613,5.1,6.2,8.3,9.5,12C,Talent,12,dance,,,,,,,,
4614,Karen Rodriguez,2008,8,2,Female,14614,4.1,3.9,0.5,8.0,10A,Scholar,10,,68-76-61,science,,,,,,
4615,Mary Miller,2012,2,13,Female,14615,9.1,1.2,8.0,9.5,6B,Sports,6,,,,85.4,cricket,,,,
4616,Elizabeth Thomas,2009,4,13,Female,14616,4.8,3.8,3.9,8.7,9A,Sports,9,,,,96.5,cricket,,,,
4617,Matthew Thomas,2010,1,14,Male,14617,7.9,4.1,0.1,7.5,8B,Scholar,8,,65-63-96,science,,,,,,
4618,Emma Jackson,2007,10,19,Female,14618,0.5,7.6,0.0,6.2,11A,Sports,11,,,,51.1,cricket,,,,
4619,Steven Brown,2008,5,26,Male,14619,3.9,4.1,2.5,8.9,10C,Talent,10,dance,,,,,,,,
4620,Linda Lopez,2011,11,5,Female,14620,2.9,9.0,2.5,6.7,7C,Talent,7,drama,,,,,,,,
4621,William Anderson,2007,4,14,Male,14621,1.0,6.0,6.5,8.4,11B,Scholar,11,,59-67-56,science,,,,,,
4622,Daniel Miller,2010,12,23,Male,14622,5.7,3.8,7.4,7.1,8B,Scholar,8,,53-92-64,science,,,,,,
4623,Helen Brown,2007,8,12,Female,14623,7.8,0.5,2.6,7.3,11A,Sports,11,,,,75.2,cricket,,,,
4624,Maria Taylor,2009,3,15,Female,14624,4.5,6.8,3.5,9.1,9A,Sports,9,,,,64.6,chess,,,,
4625,Elizabeth Anderson,2009,1,25,Female,14625,3.1,2.2,5.5,7.9,9B,Scholar,9,,77-97-59,mathematics,,,,,,
4626,William Garcia,2010,9,27,Male,14626,8.4,2.5,7.9,7.0,8B,Talent,8,dance,,,,,,,,
4627,Robert Taylor,2008,3,9,Male,14627,6.4,5.5,4.0,9.5,10C,Talent,10,dance,,,,,,,,
4628,Mark Martin,2007,2,6,Male,14628,3.0,7.8,1.8,7.6,11A,Talent,11,dance,,,,,,,,
4629,Michelle Johnson,2007,8,18,Female,14629,3.2,0.8,0.7,8.2,11A,Talent,11,singing,,,,,,,,
4630,Linda Miller,2007,2,20,Female,14630,3.5,2.8,1.9,6.1,11A,Talent,11,drama,,,,,,,,
4631,George Jackson,2008,2,7,Male,14631,9.2,5.4,1.3,7.0,10A,Scholar,10,,52-84-64,science,,,,,,
4632,Donald Gonzalez,2009,10,18,Male,14632,2.5,4.0,0.9,7.3,9B,Sports,9,,,,71.2,chess,,,,
4633,Elizabeth Jackson,2011,1,7,Female,14633,5.6,8.1,5.1,8.6,7B,Sports,7,,,,61.2,cricket,,,,
4634,George Brown,2012,4,4,Male,14634,5.0,4.8,1.8,6.3,6C,Scholar,6,,66-86-73,mathematics,,,,,,
4635,Helen Garcia,2009,7,9,Female,14635,5.2,2.1,0.6,8.5,9B,Talent,9,drama,,,,,,,,
4636,Steven Gonzalez,2006,1,26,Male,14636,3.8,8.8,3.9,8.0,12B,Scholar,12,,59-68-70,mathematics,,,,,,
4637,Jennifer Garcia,2012,9,7,Female,14637,0.6,2.0,2.2,6.8,6B,Scholar,6,,52-97-77,mathematics,,,,,,
4638,Kenneth Lopez,2008,4,11,Male,14638,1.4,4.0,1.1,6.2,10C,Scholar,10,,67-55-72,mathematics,,,,,,
4639,Linda Hernandez,2012,4,20,Female,14639,8.6,2.4,9.1,9.3,6A,Sports,6,,,,72.3,cricket,,,,
4640,Elizabeth Thomas,2008,1,24,Female,14640,0.8,2.5,9.2,8.9,10A,Sports,10,,,,82.6,chess,,,,
4641,Patricia Williams,2006,12,13,Female,14641,4.1,6.2,3.3,8.6,12C,Talent,12,drama,,,,,,,,
4642,Sarah Rodriguez,2012,2,2,Female,14642,7.4,8.9,4.9,9.7,6B,Sports,6,,,,62.2,cricket,,,,
4643,Mark Thomas,2007,3,5,Male,14643,8.4,8.2,1.1,6.1,11C,Talent,11,drama,,,,,,,,
4644,Joseph Williams,2008,9,2,Male,14644,8.2,9.5,3.0,6.2,10C,Talent,10,dance,,,,,,,,
4645,Susan Taylor,2008,8,10,Female,14645,4.5,0.3,7.3,7.4,10C,Sports,10,,,,67.8,cricket,,,,
4646,Jessica Anderson,2007,7,4,Female,14646,1.1,1.2,6.9,6.3,11B,Talent,11,drama,,,,,,,,
4647,George Gonzalez,2008,11,6,Male,14647,0.2,0.5,1.7,6.6,10C,Talent,10,singing,,,,,,,,
4648,Elizabeth Johnson,2008,5,15,Female,14648,1.5,3.3,4.5,9.6,10C,Scholar,10,,66-90-76,science,,,,,,
4649,Thomas Anderson,2008,8,19,Male,14649,8.2,2.2,1.1,9.5,10C,Sports,10,,,,72.3,chess,,,,
4650,Mary Miller,2011,6,26,Female,14650,0.3,3.8,4.7,8.0,7C,Sports,7,,,,55.4,chess,,,,
4651,Daniel Brown,2008,6,3,Male,14651,6.0,9.4,3.5,7.8,10A,Scholar,10,,64-71-60,mathematics,,,,,,
4652,Mary Martinez,2006,6,18,Female,14652,4.6,9.4,4.6,7.0,12A,Scholar,12,,60-57-70,mathematics,,,,,,
4653,Anthony Wilson,2006,4,19,Male,14653,6.6,0.2,1.9,9.3,12A,Talent,12,singing,,,,,,,,
4654,Thomas Rodriguez,2011,1,9,Male,14654,1.4,2.6,4.0,7.4,7C,Sports,7,,,,73.3,chess,,,,
4655,John Williams,2010,10,20,Male,14655,0.3,9.1,0.7,9.8,8C,Talent,8,dance,,,,,,,,
4656,Elizabeth Miller,2009,11,12,Female,14656,7.9,9.2,4.3,8.7,9B,Sports,9,,,,50.8,cricket,,,,
4657,Barbara Moore,2010,8,24,Female,14657,0.3,1.8,9.4,8.8,8C,Sports,8,,,,50.1,chess,,,,
4658,Maria Brown,2009,9,26,Female,14658,7.0,0.6,1.7,6.8,9B,Sports,9,,,,88.4,cricket,,,,
4659,Jennifer Martinez,2010,8,26,Female,14659,5.2,4.2,9.1,9.8,8C,Scholar,8,,65-71-62,science,,,,,,
4660,Sandra Moore,2006,8,9,Female,14660,4.7,0.3,0.1,7.8,12B,Talent,12,drama,,,,,,,,
4661,Robert Johnson,2007,11,19,Male,14661,0.5,5.0,3.9,8.1,11A,Scholar,11,,52-83-81,science,,,,,,
4662,Anthony Smith,2011,6,26,Male,14662,7.2,7.9,9.2,7.2,7A,Sports,7,,,,82.1,cricket,,,,
4663,Lisa Johnson,2012,10,15,Female,14663,5.7,2.3,7.6,9.4,6A,Talent,6,dance,,,,,,,,
4664,Helen Williams,2006,6,25,Female,14664,4.8,5.7,5.6,9.7,12A,Sports,12,,,,96.7,cricket,,,,
4665,Andrew Garcia,2007,4,2,Male,14665,2.4,9.0,7.1,6.0,11C,Talent,11,singing,,,,,,,,
4666,Anna Davis,2012,8,24,Female,14666,2.0,2.1,8.9,6.1,6B,Scholar,6,,56-62-91,science,,,,,,
4667,Linda Smith,2011,4,10,Female,14667,2.0,0.8,2.7,9.4,7A,Scholar,7,,61-66-54,mathematics,,,,,,
4668,Robert Martinez,2007,7,7,Male,14668,0.1,6.0,1.1,9.3,11A,Sports,11,,,,69.6,cricket,,,,
4669,James Jones,2007,2,21,Male,14669,3.7,1.8,4.0,7.8,11A,Scholar,11,,98-87-87,mathematics,,,,,,
4670,Lisa Moore,2011,9,25,Female,14670,5.9,9.3,7.7,8.1,7A,Talent,7,dance,,,,,,,,
4671,Linda Davis,2006,12,10,Female,14671,9.2,1.6,1.5,8.3,12B,Sports,12,,,,90.7,cricket,,,,
4672,Jennifer Gonzalez,2009,4,28,Female,14672,2.7,5.8,0.3,6.1,9A,Sports,9,,,,70.8,chess,,,,
4673,William Lopez,2007,11,28,Male,14673,5.8,1.7,3.0,8.4,11A,Scholar,11,,61-89-70,science,,,,,,
4674,Laura Moore,2007,7,20,Female,14674,1.3,6.8,0.7,9.2,11A,Talent,11,drama,,,,,,,,
4675,Laura Williams,2009,7,20,Female,14675,7.7,0.7,0.4,9.8,9C,Talent,9,dance,,,,,,,,
4676,Samantha Moore,2012,4,9,Female,14676,6.3,8.8,1.0,8.2,6C,Talent,6,singing,,,,,,,,
4677,Thomas Martin,2006,3,24,Male,14677,8.3,2.4,8.0,6.8,12A,Talent,12,dance,,,,,,,,
4678,David Jackson,2008,10,28,Male,14678,3.7,7.8,8.8,8.5,10C,Talent,10,singing,,,,,,,,
4679,Robert Anderson,2012,3,11,Male,14679,6.0,1.9,4.0,7.1,6B,Sports,6,,,,58.2,chess,,,,
4680,Thomas Martinez,2006,1,19,Male,14680,8.4,7.9,5.5,8.8,12B,Talent,12,dance,,,,,,,,
4681,Steven Rodriguez,2012,5,8,Male,14681,3.3,6.4,4.1,7.9,6B,Scholar,6,,67-86-91,science,,,,,,
4682,Elizabeth Smith,2009,10,5,Female,14682,7.2,4.6,7.3,8.6,9B,Talent,9,dance,,,,,,,,
4683,Jessica Gonzalez,2008,5,8,Female,14683,2.3,0.1,6.8,7.1,10C,Sports,10,,,,55.6,chess,,,,
4684,Samantha Thomas,2012,3,19,Female,14684,8.2,3.4,8.0,7.9,6C,Sports,6,,,,74.7,cricket,,,,
4685,Donald Jones,2008,6,3,Male,14685,1.3,5.5,3.3,8.1,10A,Talent,10,drama,,,,,,,,
4686,Richard Smith,2007,3,5,Male,14686,9.0,1.7,3.0,6.2,11B,Sports,11,,,,57.7,chess,,,,
4687,John Davis,2008,2,24,Male,14687,5.1,6.2,1.5,7.7,10B,Scholar,10,,60-55-86,science,,,,,,
4688,Maria Hernandez,2008,12,19,Female,14688,8.9,5.0,3.5,8.1,10C,Talent,10,dance,,,,,,,,
4689,John Thomas,2009,9,16,Male,14689,4.3,7.1,7.6,8.6,9A,Scholar,9,,87-57-89,mathematics,,,,,,
4690,John Thomas,2012,3,19,Male,14690,7.8,4.0,4.8,9.1,6C,Talent,6,dance,,,,,,,,
4691,Linda Gonzalez,2008,4,3,Female,14691,5.2,3.5,1.9,6.0,10B,Sports,10,,,,64.2,cricket,,,,
4692,Helen Williams,2009,10,3,Female,14692,8.5,5.2,9.5,9.5,9C,Scholar,9,,64-68-68,mathematics,,,,,,
4693,Kenneth Anderson,2010,5,3,Male,14693,8.1,5.2,3.5,8.7,8C,Scholar,8,,82-53-90,mathematics,,,,,,
4694,Barbara Jackson,2011,7,22,Female,14694,6.9,2.8,0.9,8.7,7A,Sports,7,,,,52.5,cricket,,,,
4695,Kenneth Martin,2006,11,28,Male,14695,2.9,8.4,4.1,8.0,12C,Scholar,12,,61-67-97,science,,,,,,
4696,Andrew Taylor,2007,8,13,Male,14696,0.5,1.5,2.8,6.5,11A,Scholar,11,,87-68-100,mathematics,,,,,,
4697,Andrew Hernandez,2011,7,25,Male,14697,3.7,0.9,5.1,8.6,7A,Sports,7,,,,68.4,chess,,,,
4698,James Jackson,2010,12,11,Male,14698,6.4,7.3,0.8,9.6,8C,Sports,8,,,,81.7,cricket,,,,
4699,Robert Garcia,2008,2,3,Male,14699,1.3,7.8,1.1,9.3,10B,Sports,10,,,,73.7,chess,,,,
4700,Mark Smith,2009,7,25,Male,14700,0.5,6.6,1.1,7.7,9A,Scholar,9,,95-80-52,science,,,,,,
4701,Richard Wilson,2006,5,20,Male,14701,8.3,4.4,8.5,6.2,12C,Sports,12,,,,73.7,cricket,,,,
4702,Thomas Wilson,2008,5,3,Male,14702,7.5,1.1,3.3,9.1,10B,Sports,10,,,,86.1,chess,,,,
4703,Mark Hernandez,2009,10,9,Male,14703,7.9,1.8,4.6,7.8,9C,Talent,9,drama,,,,,,,,
4704,Joseph Lopez,2012,6,2,Male,14704,7.8,6.5,8.1,9.9,6C,Talent,6,singing,,,,,,,,
4705,Michael Garcia,2009,9,15,Male,14705,4.3,3.9,6.5,9.3,9A,Talent,9,dance,,,,,,,,
4706,Susan Wilson,2007,11,21,Female,14706,7.6,3.7,5.2,6.1,11B,Talent,11,singing,,,,,,,,
4707,Patricia Brown,2008,12,6,Female,14707,1.2,3.5,6.2,8.8,10B,Sports,10,,,,51.3,cricket,,,,
4708,James Jackson,2009,11,12,Male,14708,4.6,3.1,4.6,7.2,9A,Talent,9,singing,,,,,,,,
4709,Mark Martin,2008,4,6,Male,14709,7.5,4.1,3.0,9.8,10B,Talent,10,drama,,,,,,,,
4710,Karen Garcia,2010,5,5,Female,14710,0.3,7.9,5.8,8.4,8B,Sports,8,,,,71.0,chess,,,,
4711,John Wilson,2011,1,12,Male,14711,3.0,4.3,4.6,8.4,7C,Scholar,7,,73-96-92,science,,,,,,
4712,Mark Smith,2006,9,4,Male,14712,0.5,8.7,7.5,7.3,12C,Scholar,12,,66-64-61,mathematics,,,,,,
4713,Kenneth Johnson,2012,9,15,Male,14713,3.6,0.0,6.1,8.2,6B,Scholar,6,,81-67-59,science,,,,,,
4714,Mary Thomas,2006,8,20,Female,14714,7.0,7.2,7.3,6.7,12B,Sports,12,,,,80.7,chess,,,,
4715,John Garcia,2012,5,11,Male,14715,8.1,3.4,8.4,9.6,6C,Sports,6,,,,97.8,chess,,,,
4716,James Gonzalez,2008,9,20,Male,14716,1.8,1.6,3.4,8.7,10A,Scholar,10,,62-96-63,science,,,,,,
4717,Maria Wilson,2010,10,16,Female,14717,7.4,3.8,1.3,7.4,8B,Talent,8,drama,,,,,,,,
4718,James Jones,2009,11,23,Male,14718,3.4,6.3,8.2,8.2,9C,Talent,9,singing,,,,,,,,
4719,Anthony Jackson,2009,4,8,Male,14719,7.8,0.7,0.7,8.0,9A,Sports,9,,,,79.5,chess,,,,
4720,James Thomas,2007,9,25,Male,14720,1.6,5.8,8.9,7.8,11A,Talent,11,dance,,,,,,,,
4721,Barbara Martinez,2012,5,27,Female,14721,4.4,1.6,2.2,8.2,6A,Scholar,6,,78-81-77,mathematics,,,,,,
4722,Michelle Lopez,2006,5,19,Female,14722,4.0,6.5,0.6,7.7,12A,Scholar,12,,78-97-87,mathematics,,,,,,
4723,Donald Martinez,2012,7,2,Male,14723,4.2,0.7,3.6,6.2,6C,Scholar,6,,100-92-50,science,,,,,,
4724,Elizabeth Martinez,2006,6,17,Female,14724,5.7,6.6,6.4,9.3,12B,Scholar,12,,72-59-79,mathematics,,,,,,
4725,Sandra Garcia,2009,7,17,Female,14725,0.8,5.6,0.2,6.8,9B,Sports,9,,,,92.0,cricket,,,,
4726,David Rodriguez,2008,7,11,Male,14726,2.9,4.6,7.3,6.7,10A,Talent,10,drama,,,,,,,,
4727,Samantha Martinez,2010,11,24,Female,14727,7.9,5.2,9.2,9.4,8A,Scholar,8,,97-70-77,science,,,,,,
4728,Paul Johnson,2011,11,23,Male,14728,3.1,4.1,5.7,9.0,7C,Scholar,7,,67-59-81,science,,,,,,
4729,William Martinez,2012,4,19,Male,14729,6.8,3.7,8.7,9.9,6A,Talent,6,singing,,,,,,,,
4730,Jessica Martinez,2010,3,8,Female,14730,6.8,7.2,6.9,6.7,8A,Talent,8,singing,,,,,,,,
4731,Charles Jackson,2009,6,16,Male,14731,3.5,6.2,6.8,6.2,9A,Talent,9,singing,,,,,,,,
4732,Patricia Davis,2006,12,1,Female,14732,4.8,1.4,6.5,10.0,12B,Talent,12,dance,,,,,,,,
4733,George Hernandez,2006,3,24,Male,14733,5.3,2.5,9.3,7.9,12C,Sports,12,,,,60.7,chess,,,,
4734,Joseph Martinez,2012,7,13,Male,14734,9.3,3.5,8.5,7.4,6B,Talent,6,dance,,,,,,,,
4735,Matthew Garcia,2010,7,24,Male,14735,3.5,3.1,4.9,6.9,8C,Scholar,8,,83-91-50,science,,,,,,
4736,Barbara Anderson,2010,3,9,Female,14736,5.1,4.7,5.8,10.0,8C,Talent,8,drama,,,,,,,,
4737,Michelle Taylor,2010,2,21,Female,14737,0.6,6.7,2.7,9.8,8A,Talent,8,singing,,,,,,,,
4738,Karen Martinez,2007,5,5,Female,14738,5.7,2.5,2.3,6.9,11B,Scholar,11,,69-69-90,science,,,,,,
4739,William Lopez,2007,5,6,Male,14739,5.3,9.4,6.3,9.0,11A,Sports,11,,,,92.4,cricket,,,,
4740,Karen Johnson,2008,3,24,Female,14740,8.1,2.8,0.6,6.9,10C,Sports,10,,,,69.0,chess,,,,
4741,Laura Moore,2009,10,28,Female,14741,6.4,4.4,8.0,7.3,9A,Talent,9,singing,,,,,,,,
4742,Susan Thomas,2006,2,7,Female,14742,5.2,5.8,2.0,6.7,12A,Talent,12,singing,,,,,,,,
4743,Susan Rodriguez,2007,9,5,Female,14743,6.4,5.4,6.3,9.1,11C,Talent,11,dance,,,,,,,,
4744,Donald Anderson,2007,3,7,Male,14744,4.8,1.3,2.9,6.7,11A,Scholar,11,,71-59-87,science,,,,,,
4745,Barbara Brown,2009,5,9,Female,14745,5.2,2.5,3.8,8.3,9B,Sports,9,,,,64.9,chess,,,,
4746,Sandra Brown,2007,12,24,Female,14746,2.1,5.0,0.2,6.8,11A,Sports,11,,,,93.6,chess,,,,
4747,Thomas Anderson,2007,9,20,Male,14747,2.8,0.5,2.3,6.5,11C,Sports,11,,,,59.8,chess,,,,
4748,Michael Jackson,2011,4,20,Male,14748,5.7,1.2,9.4,8.4,7A,Sports,7,,,,88.2,cricket,,,,
4749,David Smith,2011,12,14,Male,14749,1.3,1.7,5.7,9.2,7B,Scholar,7,,73-60-99,mathematics,,,,,,
4750,Laura Williams,2011,8,10,Female,14750,3.6,8.8,7.5,9.8,7B,Sports,7,,,,83.7,cricket,,,,
4751,David Gonzalez,2009,10,3,Male,14751,0.1,9.3,6.9,8.7,9B,Talent,9,drama,,,,,,,,
4752,Steven Miller,2009,8,23,Male,14752,8.1,0.1,0.8,6.6,9B,Talent,9,singing,,,,,,,,
4753,Anna Anderson,2007,2,24,Female,14753,6.8,3.0,2.3,7.1,11A,Scholar,11,,55-96-56,mathematics,,,,,,
4754,Christine Taylor,2010,12,4,Female,14754,5.4,1.8,3.7,7.0,8A,Sports,8,,,,69.6,chess,,,,
4755,Kenneth Taylor,2006,3,3,Male,14755,7.5,6.5,2.8,8.2,12A,Talent,12,dance,,,,,,,,
4756,Mark Smith,2006,9,17,Male,14756,8.1,5.0,0.7,6.7,12C,Scholar,12,,71-94-91,mathematics,,,,,,
4757,Barbara Brown,2011,2,10,Female,14757,3.1,7.6,7.8,8.7,7A,Scholar,7,,69-82-88,mathematics,,,,,,
4758,Barbara Jones,2008,6,13,Female,14758,0.2,0.9,1.3,9.2,10B,Sports,10,,,,58.9,chess,,,,
4759,Elizabeth Smith,2009,8,18,Female,14759,3.5,2.8,6.2,9.5,9A,Talent,9,singing,,,,,,,,
4760,Joseph Miller,2006,11,14,Male,14760,0.3,9.4,9.4,9.1,12C,Sports,12,,,,88.2,chess,,,,
4761,Robert Brown,2010,12,19,Male,14761,0.4,3.0,1.9,7.6,8C,Scholar,8,,70-87-57,mathematics,,,,,,
4762,James Johnson,2012,3,10,Male,14762,2.2,7.8,5.6,6.2,6C,Sports,6,,,,93.8,chess,,,,
4763,Matthew Martin,2011,2,6,Male,14763,0.9,0.8,1.8,8.2,7C,Sports,7,,,,90.2,cricket,,,,
4764,Patricia Johnson,2008,3,22,Female,14764,2.2,8.2,4.7,6.3,10C,Talent,10,singing,,,,,,,,
4765,Robert Lopez,2010,6,25,Male,14765,7.4,4.3,3.0,8.7,8B,Scholar,8,,71-55-55,mathematics,,,,,,
4766,Richard Martin,2010,3,4,Male,14766,7.8,6.6,0.6,9.7,8B,Scholar,8,,81-60-93,mathematics,,,,,,
4767,Sandra Wilson,2010,4,16,Female,14767,2.3,2.9,1.1,7.9,8A,Talent,8,dance,,,,,,,,
4768,Richard Wilson,2012,3,24,Male,14768,0.0,3.3,0.3,8.9,6C,Scholar,6,,87-52-62,mathematics,,,,,,
4769,Anthony Martinez,2011,4,8,Male,14769,7.8,2.6,8.6,8.2,7B,Sports,7,,,,77.7,chess,,,,
4770,Anna Taylor,2007,2,22,Female,14770,1.8,1.6,2.5,8.8,11B,Sports,11,,,,66.4,cricket,,,,
4771,Sarah Miller,2012,6,25,Female,14771,5.5,1.6,0.4,6.4,6C,Talent,6,singing,,,,,,,,
4772,Thomas Jackson,2008,7,10,Male,14772,1.5,7.6,7.6,7.8,10C,Sports,10,,,,54.2,chess,,,,
4773,Linda Martin,2011,9,27,Female,14773,5.3,0.9,9.3,7.9,7A,Scholar,7,,53-51-55,mathematics,,,,,,
4774,Linda Rodriguez,2009,1,11,Female,14774,7.0,9.3,7.4,9.6,9C,Sports,9,,,,90.8,cricket,,,,
4775,Kenneth Wilson,2012,5,9,Male,14775,4.0,4.6,3.1,8.7,6A,Scholar,6,,68-68-87,science,,,,,,
4776,George Gonzalez,2010,6,15,Male,14776,5.9,7.7,4.2,8.3,8C,Scholar,8,,72-67-64,mathematics,,,,,,
4777,James Johnson,2012,1,12,Male,14777,0.2,9.1,1.3,6.5,6C,Sports,6,,,,59.4,chess,,,,
4778,Mark Moore,2009,7,13,Male,14778,2.2,7.2,8.9,6.6,9C,Scholar,9,,96-56-75,mathematics,,,,,,
4779,Samantha Jackson,2010,4,14,Female,14779,4.5,8.4,1.5,10.0,8C,Sports,8,,,,52.2,cricket,,,,
4780,Steven Brown,2006,12,20,Male,14780,5.0,2.9,2.5,9.3,12A,Sports,12,,,,83.7,cricket,,,,
4781,Charles Martin,2012,8,7,Male,14781,4.0,1.1,3.6,8.6,6A,Talent,6,dance,,,,,,,,
4782,Donald Hernandez,2008,6,15,Male,14782,8.2,5.0,9.3,7.3,10C,Sports,10,,,,78.4,cricket,,,,
4783,Matthew Rodriguez,2009,3,11,Male,14783,1.9,1.5,4.3,9.1,9C,Scholar,9,,92-92-89,mathematics,,,,,,
4784,George Garcia,2009,11,11,Male,14784,2.7,9.4,1.2,8.1,9A,Sports,9,,,,70.2,cricket,,,,
4785,Jessica Smith,2011,6,27,Female,14785,5.7,8.6,0.5,7.9,7B,Sports,7,,,,55.2,cricket,,,,
4786,Sandra Moore,2012,4,13,Female,14786,9.3,9.2,5.8,6.9,6B,Sports,6,,,,75.3,chess,,,,
4787,Thomas Martinez,2007,9,22,Male,14787,2.4,1.2,0.7,8.0,11A,Talent,11,singing,,,,,,,,
4788,Christine Martinez,2012,3,8,Female,14788,2.3,7.9,1.0,6.0,6C,Talent,6,drama,,,,,,,,
4789,John Taylor,2010,1,11,Male,14789,5.2,8.3,7.8,9.0,8C,Talent,8,dance,,,,,,,,
4790,Anna Moore,2009,2,5,Female,14790,3.6,6.5,2.1,9.4,9C,Scholar,9,,88-95-84,mathematics,,,,,,
4791,Jessica Johnson,2011,7,9,Female,14791,8.9,1.4,7.8,9.4,7C,Scholar,7,,85-94-82,mathematics,,,,,,
4792,Thomas Jackson,2006,3,6,Male,14792,5.2,8.3,4.6,8.5,12C,Scholar,12,,75-84-71,mathematics,,,,,,
4793,Richard Williams,2006,12,23,Male,14793,6.3,6.3,1.1,7.9,12B,Sports,12,,,,71.9,chess,,,,
4794,Donald Johnson,2011,12,28,Male,14794,5.0,2.5,0.8,6.2,7C,Talent,7,drama,,,,,,,,
4795,Matthew Thomas,2011,6,27,Male,14795,5.3,8.7,4.2,6.7,7C,Talent,7,drama,,,,,,,,
4796,Christine Smith,2008,5,28,Female,14796,2.2,3.0,1.8,6.0,10B,Sports,10,,,,94.4,chess,,,,
4797,Maria Taylor,2011,2,2,Female,14797,3.9,8.2,7.5,9.7,7C,Talent,7,dance,,,,,,,,
4798,Elizabeth Hernandez,2012,10,12,Female,14798,2.5,6.4,0.8,8.9,6B,Talent,6,dance,,,,,,,,
4799,Mark Moore,2012,3,7,Male,14799,0.6,0.2,3.3,9.7,6A,Talent,6,dance,,,,,,,,
4800,Elizabeth Gonzalez,2006,8,26,Female,14800,2.4,0.0,0.7,6.5,12A,Scholar,12,,71-52-86,mathematics,,,,,,
4801,George Moore,2011,8,15,Male,14801,9.1,4.4,1.9,6.7,7A,Sports,7,,,,59.7,cricket,,,,
4802,James Martinez,2009,7,27,Male,14802,7.9,3.5,2.5,9.4,9A,Sports,9,,,,73.1,cricket,,,,
4803,Robert Williams,2010,11,24,Male,14803,3.1,7.9,0.8,9.7,8B,Talent,8,singing,,,,,,,,
4804,Mary Davis,2007,11,16,Female,14804,0.2,5.5,1.4,7.6,11C,Talent,11,singing,,,,,,,,
4805,John Jackson,2012,12,17,Male,14805,3.7,8.7,0.9,7.2,6A,Talent,6,singing,,,,,,,,
4806,Robert Martin,2007,1,6,Male,14806,9.0,8.3,7.8,6.0,11A,Sports,11,,,,87.2,chess,,,,
4807,Karen Martinez,2008,4,18,Female,14807,9.1,2.4,7.0,7.0,10A,Sports,10,,,,79.3,chess,,,,
4808,Robert Taylor,2007,4,25,Male,14808,6.9,1.5,6.7,8.0,11C,Sports,11,,,,80.0,cricket,,,,
4809,Emma Johnson,2009,10,20,Female,14809,8.2,4.8,5.1,7.1,9A,Sports,9,,,,87.5,chess,,,,
4810,Matthew Brown,2010,6,23,Male,14810,1.0,1.5,1.6,8.0,8A,Scholar,8,,53-57-67,mathematics,,,,,,
4811,Christine Jackson,2009,4,13,Female,14811,2.0,0.1,1.3,8.8,9B,Talent,9,drama,,,,,,,,
4812,Robert Anderson,2009,2,28,Male,14812,8.9,3.5,4.4,9.8,9B,Talent,9,drama,,,,,,,,
4813,Kenneth Anderson,2011,11,9,Male,14813,2.3,1.1,0.9,6.8,7A,Scholar,7,,65-74-78,mathematics,,,,,,
4814,Barbara Rodriguez,2010,1,12,Female,14814,5.1,2.7,0.8,9.6,8A,Talent,8,singing,,,,,,,,
4815,Mary Johnson,2008,4,12,Female,14815,1.9,3.9,1.5,8.4,10A,Scholar,10,,95-63-57,science,,,,,,
4816,Michael Smith,2006,10,16,Male,14816,0.9,0.5,5.9,7.5,12A,Scholar,12,,94-75-85,mathematics,,,,,,
4817,Jennifer Thomas,2007,10,5,Female,14817,2.2,7.6,9.1,8.8,11A,Scholar,11,,81-73-64,science,,,,,,
4818,Karen Anderson,2006,2,17,Female,14818,0.2,1.2,8.4,7.9,12C,Sports,12,,,,98.0,cricket,,,,
4819,Daniel Garcia,2007,8,24,Male,14819,3.5,4.1,1.0,7.0,11B,Sports,11,,,,95.2,chess,,,,
4820,Donald Williams,2008,7,6,Male,14820,7.3,3.8,2.1,7.0,10B,Talent,10,dance,,,,,,,,
4821,Patricia Wilson,2006,5,28,Female,14821,8.4,9.4,2.1,7.6,12C,Sports,12,,,,74.6,chess,,,,
4822,Susan Rodriguez,2009,12,19,Female,14822,5.3,3.6,2.6,9.4,9C,Scholar,9,,99-83-76,mathematics,,,,,,
4823,Samantha Moore,2012,12,20,Female,14823,5.6,8.7,8.2,7.8,6C,Sports,6,,,,83.0,cricket,,,,
4824,Kenneth Garcia,2011,4,17,Male,14824,8.5,0.2,3.0,7.0,7C,Scholar,7,,91-90-88,mathematics,,,,,,
4825,Michael Taylor,2006,6,10,Male,14825,3.9,3.2,7.7,7.5,12C,Sports,12,,,,97.5,cricket,,,,
4826,Maria Rodriguez,2008,8,21,Female,14826,2.1,4.6,7.0,9.7,10A,Talent,10,drama,,,,,,,,
4827,Karen Miller,2006,4,12,Female,14827,9.5,2.3,0.2,6.2,12C,Talent,12,drama,,,,,,,,
4828,Robert Smith,2006,11,16,Male,14828,3.1,2.4,6.1,7.8,12C,Talent,12,singing,,,,,,,,
4829,Mark Garcia,2008,12,8,Male,14829,0.6,7.6,5.5,8.2,10A,Sports,10,,,,71.6,chess,,,,
4830,Anthony Hernandez,2007,2,23,Male,14830,0.9,7.0,2.0,6.4,11C,Sports,11,,,,85.8,cricket,,,,
4831,Mark Wilson,2006,1,22,Male,14831,2.5,1.5,1.5,8.4,12A,Sports,12,,,,83.8,cricket,,,,
4832,Richard Wilson,2008,1,24,Male,14832,6.2,2.3,2.2,6.8,10B,Scholar,10,,60-89-73,science,,,,,,
4833,Mark Davis,2010,3,4,Male,14833,8.9,1.7,2.6,7.6,8B,Scholar,8,,87-97-97,science,,,,,,
4834,Richard Moore,2007,2,24,Male,14834,1.4,6.0,3.8,6.9,11A,Sports,11,,,,93.3,cricket,,,,
4835,James Rodriguez,2011,4,5,Male,14835,6.3,7.8,7.1,7.1,7B,Scholar,7,,62-67-65,science,,,,,,
4836,Anthony Smith,2010,12,9,Male,14836,6.0,2.1,5.5,6.5,8A,Talent,8,dance,,,,,,,,
4837,Kenneth Jones,2012,7,10,Male,14837,0.0,5.8,6.8,6.4,6A,Scholar,6,,59-65-89,mathematics,,,,,,
4838,Steven Moore,2009,11,27,Male,14838,5.4,4.8,2.4,6.6,9B,Scholar,9,,82-85-96,science,,,,,,
4839,Kenneth Rodriguez,2006,2,18,Male,14839,1.3,4.6,1.8,10.0,12B,Sports,12,,,,95.9,cricket,,,,
4840,Sandra Thomas,2010,4,9,Female,14840,2.4,7.1,4.5,8.3,8B,Sports,8,,,,84.4,cricket,,,,
4841,Sarah Garcia,2009,11,10,Female,14841,0.8,3.9,4.8,8.4,9C,Talent,9,singing,,,,,,,,
4842,Richard Jackson,2007,6,17,Male,14842,5.8,2.5,9.2,9.5,11A,Talent,11,drama,,,,,,,,
4843,Robert Moore,2012,10,9,Male,14843,9.0,0.6,6.8,9.5,6C,Scholar,6,,76-84-97,mathematics,,,,,,
4844,George Brown,2012,9,11,Male,14844,8.0,8.7,6.0,9.9,6C,Talent,6,singing,,,,,,,,
4845,Daniel Rodriguez,2012,3,2,Male,14845,4.0,4.6,3.8,6.0,6B,Talent,6,dance,,,,,,,,
4846,Mary Moore,2011,12,27,Female,14846,8.8,6.6,0.8,7.8,7A,Sports,7,,,,54.3,chess,,,,
4847,Paul Gonzalez,2012,9,4,Male,14847,7.6,7.1,0.3,8.8,6A,Talent,6,dance,,,,,,,,
4848,Laura Wilson,2008,5,9,Female,14848,5.4,5.5,3.5,6.0,10A,Sports,10,,,,76.2,chess,,,,
4849,Mary Hernandez,2009,12,6,Female,14849,0.0,2.6,7.6,7.1,9B,Sports,9,,,,95.5,cricket,,,,
4850,Sarah Miller,2006,11,24,Female,14850,4.6,2.2,0.2,8.3,12A,Scholar,12,,57-72-99,science,,,,,,
4851,Helen Garcia,2006,2,7,Female,14851,5.7,4.1,8.6,7.9,12A,Sports,12,,,,69.4,chess,,,,
4852,Sarah Gonzalez,2010,12,24,Female,14852,1.3,4.6,1.1,9.8,8C,Talent,8,drama,,,,,,,,
4853,Lisa Wilson,2011,8,26,Female,14853,2.4,1.2,4.9,6.3,7C,Sports,7,,,,58.8,chess,,,,
4854,Matthew Taylor,2012,4,13,Male,14854,6.5,1.7,5.9,10.0,6C,Scholar,6,,78-83-98,science,,,,,,
4855,Michelle Davis,2009,12,11,Female,14855,5.3,1.9,2.7,9.2,9A,Talent,9,singing,,,,,,,,
4856,Samantha Taylor,2007,6,25,Female,14856,2.6,1.4,5.6,9.4,11A,Scholar,11,,88-54-81,mathematics,,,,,,
4857,Jessica Moore,2010,1,2,Female,14857,1.0,5.6,7.2,6.8,8B,Scholar,8,,56-70-69,mathematics,,,,,,
4858,Daniel Rodriguez,2011,11,1,Male,14858,3.4,1.2,1.2,9.8,7C,Talent,7,singing,,,,,,,,
4859,Steven Brown,2008,11,11,Male,14859,0.9,9.1,6.9,8.8,10B,Scholar,10,,59-58-76,mathematics,,,,,,
4860,Charles Martinez,2011,10,10,Male,14860,1.7,4.3,1.4,9.4,7B,Scholar,7,,50-86-62,mathematics,,,,,,
4861,Mary Gonzalez,2010,11,27,Female,14861,1.5,6.1,0.2,9.7,8B,Scholar,8,,81-81-79,science,,,,,,
4862,Christine Jones,2006,8,22,Female,14862,8.0,1.3,6.1,9.0,12B,Sports,12,,,,53.0,cricket,,,,
4863,Robert Johnson,2012,1,17,Male,14863,1.1,6.4,5.5,9.4,6C,Scholar,6,,84-92-73,science,,,,,,
4864,Andrew Thomas,2011,7,25,Male,14864,4.9,6.7,8.9,9.9,7A,Scholar,7,,54-61-51,mathematics,,,,,,
4865,Mark Lopez,2008,9,22,Male,14865,0.9,2.9,0.3,7.7,10B,Scholar,10,,71-96-99,mathematics,,,,,,
4866,Maria Jackson,2010,9,10,Female,14866,6.4,0.8,6.3,8.8,8A,Scholar,8,,65-88-84,science,,,,,,
4867,Kenneth Hernandez,2008,7,26,Male,14867,4.2,6.8,3.8,7.3,10C,Sports,10,,,,87.0,chess,,,,
4868,Charles Moore,2009,8,6,Male,14868,1.0,7.5,7.5,7.7,9C,Scholar,9,,95-94-84,mathematics,,,,,,
4869,Mary Johnson,2011,5,4,Female,14869,2.2,8.1,2.8,9.8,7A,Sports,7,,,,61.7,chess,,,,
4870,George Wilson,2008,3,1,Male,14870,6.9,5.8,0.4,9.3,10B,Scholar,10,,51-55-58,science,,,,,,
4871,Laura Williams,2006,4,22,Female,14871,5.7,2.8,3.3,6.5,12B,Scholar,12,,78-100-86,science,,,,,,
4872,Charles Wilson,2007,8,18,Male,14872,2.1,3.7,8.2,6.2,11C,Talent,11,singing,,,,,,,,
4873,Lisa Garcia,2006,5,13,Female,14873,7.5,7.1,7.6,8.8,12A,Sports,12,,,,91.3,cricket,,,,
4874,Michelle Gonzalez,2007,7,11,Female,14874,8.5,5.4,2.1,8.2,11C,Sports,11,,,,82.6,cricket,,,,
4875,Charles Anderson,2009,10,18,Male,14875,5.4,3.2,6.7,7.1,9A,Scholar,9,,96-55-55,mathematics,,,,,,
4876,Daniel Garcia,2012,12,16,Male,14876,2.4,1.0,8.6,9.4,6C,Talent,6,dance,,,,,,,,
4877,Barbara Thomas,2009,4,9,Female,14877,3.4,9.0,3.3,6.8,9A,Sports,9,,,,78.2,cricket,,,,
4878,Sarah Martinez,2009,8,15,Female,14878,3.7,4.8,8.1,7.3,9A,Sports,9,,,,55.3,cricket,,,,
4879,John Davis,2012,6,6,Male,14879,2.8,0.7,3.1,6.8,6A,Scholar,6,,54-67-96,mathematics,,,,,,
4880,Mary Jones,2006,1,12,Female,14880,7.9,1.7,6.3,9.1,12A,Talent,12,dance,,,,,,,,
4881,Jennifer Johnson,2012,3,1,Female,14881,6.4,6.1,0.7,7.9,6C,Scholar,6,,60-77-67,mathematics,,,,,,
4882,Matthew Hernandez,2012,9,24,Male,14882,5.9,4.9,4.1,8.2,6B,Talent,6,dance,,,,,,,,
4883,Linda Taylor,2011,8,3,Female,14883,2.8,6.3,3.4,6.8,7A,Scholar,7,,58-91-57,science,,,,,,
4884,Robert Lopez,2006,10,9,Male,14884,1.6,0.5,2.3,7.1,12A,Scholar,12,,78-62-85,science,,,,,,
4885,Helen Smith,2009,9,25,Female,14885,8.9,4.7,9.2,7.7,9C,Scholar,9,,89-82-62,mathematics,,,,,,
4886,Mary Lopez,2009,6,26,Female,14886,2.4,5.5,4.1,8.9,9A,Sports,9,,,,81.8,cricket,,,,
4887,Mary Miller,2007,6,9,Female,14887,4.9,7.1,4.2,8.5,11B,Talent,11,singing,,,,,,,,
4888,Patricia Davis,2010,10,25,Female,14888,3.7,0.8,2.4,6.1,8B,Sports,8,,,,73.5,cricket,,,,
4889,Sandra Gonzalez,2008,4,18,Female,14889,3.2,5.3,8.9,8.1,10B,Scholar,10,,85-81-63,mathematics,,,,,,
4890,John Garcia,2007,3,12,Male,14890,7.7,3.4,6.0,9.9,11C,Scholar,11,,63-68-76,mathematics,,,,,,
4891,Linda Wilson,2008,5,26,Female,14891,6.2,5.7,1.6,7.7,10B,Scholar,10,,79-81-69,mathematics,,,,,,
4892,John Martinez,2009,11,9,Male,14892,1.6,0.1,8.5,8.8,9C,Talent,9,drama,,,,,,,,
4893,Matthew Martinez,2010,3,13,Male,14893,2.6,4.8,3.3,7.8,8C,Sports,8,,,,70.9,chess,,,,
4894,James Gonzalez,2011,5,23,Male,14894,4.7,3.1,6.4,9.6,7C,Scholar,7,,70-97-73,science,,,,,,
4895,Michael Martin,2012,3,22,Male,14895,1.6,2.2,0.4,7.9,6A,Sports,6,,,,63.7,chess,,,,
4896,Emma Anderson,2006,1,1,Female,14896,1.9,3.3,3.9,9.1,12B,Scholar,12,,55-52-63,mathematics,,,,,,
4897,Elizabeth Jones,2008,6,1,Female,14897,6.6,8.7,6.2,7.4,10A,Talent,10,drama,,,,,,,,
4898,Robert Moore,2009,3,27,Male,14898,5.9,4.3,8.6,8.4,9C,Sports,9,,,,88.2,chess,,,,
4899,Samantha Smith,2011,1,2,Female,14899,1.7,4.3,3.3,7.0,7C,Scholar,7,,59-73-90,science,,,,,,
4900,Maria Johnson,2006,4,5,Female,14900,7.9,6.9,3.2,8.3,12C,Scholar,12,,97-77-58,mathematics,,,,,,
4901,Christine Smith,2011,4,4,Female,14901,7.6,6.3,4.3,6.6,7C,Scholar,7,,79-81-95,mathematics,,,,,,
4902,Steven Jackson,2006,3,12,Male,14902,0.1,1.3,0.5,6.3,12A,Talent,12,singing,,,,,,,,
4903,Charles Lopez,2012,5,2,Male,14903,6.5,8.0,8.8,8.8,6A,Scholar,6,,55-53-58,science,,,,,,
4904,Richard Lopez,2006,9,1,Male,14904,1.1,7.9,3.3,7.4,12C,Sports,12,,,,50.6,cricket,,,,
4905,William Jones,2006,12,25,Male,14905,5.3,0.5,0.9,8.3,12B,Scholar,12,,77-98-100,science,,,,,,
4906,Barbara Johnson,2010,3,26,Female,14906,7.2,2.5,4.4,6.9,8B,Scholar,8,,68-69-59,mathematics,,,,,,
4907,Daniel Garcia,2011,7,7,Male,14907,0.3,0.8,8.0,6.5,7C,Scholar,7,,86-79-88,mathematics,,,,,,
4908,Patricia Smith,2012,12,24,Female,14908,2.2,2.6,0.8,8.4,6A,Talent,6,drama,,,,,,,,
4909,Anthony Johnson,2011,1,15,Male,14909,3.2,1.1,1.9,7.6,7B,Sports,7,,,,97.2,chess,,,,
4910,Susan Wilson,2009,6,26,Female,14910,8.8,4.0,6.6,8.7,9A,Talent,9,singing,,,,,,,,
4911,Jessica Davis,2007,2,1,Female,14911,9.3,5.3,9.1,7.9,11A,Scholar,11,,63-58-92,science,,,,,,
4912,John Wilson,2008,6,16,Male,14912,7.6,5.4,2.5,10.0,10A,Talent,10,singing,,,,,,,,
4913,Karen Moore,2007,12,16,Female,14913,5.7,6.5,3.2,6.1,11B,Sports,11,,,,64.3,chess,,,,
4914,Sarah Moore,2009,11,11,Female,14914,4.4,7.7,4.7,9.4,9B,Talent,9,dance,,,,,,,,
4915,Jennifer Williams,2012,11,16,Female,14915,8.2,4.1,6.5,9.2,6C,Scholar,6,,94-55-82,science,,,,,,
4916,Jennifer Moore,2008,2,21,Female,14916,4.6,4.7,8.4,6.2,10B,Scholar,10,,57-54-72,mathematics,,,,,,
4917,Christine Rodriguez,2009,9,10,Female,14917,7.3,7.3,3.7,6.6,9B,Sports,9,,,,54.9,cricket,,,,
4918,Jennifer Taylor,2012,8,11,Female,14918,4.1,6.6,8.2,6.6,6B,Talent,6,singing,,,,,,,,
4919,Matthew Jackson,2010,6,27,Male,14919,8.4,5.8,3.6,9.6,8B,Talent,8,dance,,,,,,,,
4920,Maria Martinez,2008,3,17,Female,14920,4.3,5.7,6.2,6.3,10A,Sports,10,,,,93.7,chess,,,,
4921,Susan Jones,2011,4,3,Female,14921,4.2,4.4,6.0,9.0,7C,Scholar,7,,54-99-83,science,,,,,,
4922,Anna Miller,2007,8,28,Female,14922,4.9,8.1,6.3,6.3,11C,Sports,11,,,,91.6,chess,,,,
4923,Elizabeth Miller,2007,10,23,Female,14923,1.2,3.9,6.0,7.2,11C,Sports,11,,,,95.8,cricket,,,,
4924,Matthew Williams,2012,5,12,Male,14924,2.9,3.3,9.1,8.0,6C,Talent,6,drama,,,,,,,,
4925,Susan Wilson,2009,7,22,Female,14925,7.9,4.3,5.9,9.3,9B,Sports,9,,,,73.3,cricket,,,,
4926,Thomas Moore,2009,1,8,Male,14926,8.5,1.0,9.3,7.6,9A,Sports,9,,,,54.2,chess,,,,
4927,James Gonzalez,2012,7,24,Male,14927,3.6,5.0,6.4,6.1,6C,Talent,6,singing,,,,,,,,
4928,Helen Lopez,2009,2,20,Female,14928,0.5,8.7,7.4,7.5,9A,Sports,9,,,,77.0,chess,,,,
4929,Anthony Rodriguez,2010,6,6,Male,14929,4.0,0.3,4.7,7.1,8C,Talent,8,drama,,,,,,,,
4930,Donald Anderson,2010,4,22,Male,14930,7.1,4.4,4.3,7.9,8C,Talent,8,drama,,,,,,,,
4931,Kenneth Gonzalez,2010,10,2,Male,14931,5.5,3.5,2.4,6.7,8A,Sports,8,,,,56.2,chess,,,,
4932,Sarah Williams,2012,9,7,Female,14932,0.6,5.8,3.4,6.2,6B,Talent,6,dance,,,,,,,,
4933,Linda Rodriguez,2011,3,25,Female,14933,4.9,2.5,3.3,9.2,7C,Scholar,7,,96-84-85,mathematics,,,,,,
4934,James Thomas,2006,1,24,Male,14934,2.8,9.4,8.8,9.5,12A,Sports,12,,,,62.5,chess,,,,
4935,Sarah Anderson,2006,8,3,Female,14935,3.4,1.4,5.8,6.7,12A,Scholar,12,,60-94-58,science,,,,,,
4936,Michael Lopez,2011,5,3,Male,14936,6.7,6.3,2.3,8.1,7B,Talent,7,dance,,,,,,,,
4937,Linda Garcia,2011,9,12,Female,14937,3.4,3.3,8.6,7.1,7A,Sports,7,,,,69.5,chess,,,,
4938,Barbara Anderson,2007,2,13,Female,14938,6.2,6.6,0.8,6.6,11C,Sports,11,,,,92.5,cricket,,,,
4939,Elizabeth Taylor,2012,10,2,Female,14939,2.1,3.2,5.7,8.3,6A,Sports,6,,,,72.5,cricket,,,,
4940,Susan Jones,2006,6,16,Female,14940,4.3,1.4,4.9,7.9,12A,Scholar,12,,78-84-93,science,,,,,,
4941,Laura Anderson,2006,10,6,Female,14941,0.2,3.2,0.2,7.6,12C,Sports,12,,,,87.5,chess,,,,
4942,Laura Moore,2012,10,21,Female,14942,9.1,5.9,4.0,9.2,6B,Talent,6,dance,,,,,,,,
4943,Anthony Johnson,2007,10,8,Male,14943,5.0,1.6,3.2,8.7,11B,Sports,11,,,,53.1,cricket,,,,
4944,Laura Thomas,2012,5,16,Female,14944,5.7,9.3,5.0,7.1,6A,Sports,6,,,,62.1,cricket,,,,
4945,James Garcia,2012,4,19,Male,14945,5.7,7.6,3.6,6.7,6A,Scholar,6,,66-73-68,mathematics,,,,,,
4946,Karen Smith,2008,1,25,Female,14946,9.0,4.1,8.1,7.6,10C,Scholar,10,,59-75-78,mathematics,,,,,,
4947,Karen Gonzalez,2006,9,10,Female,14947,8.2,3.2,1.6,6.7,12B,Talent,12,dance,,,,,,,,
4948,Andrew Wilson,2011,1,8,Male,14948,7.6,3.1,7.9,6.2,7C,Talent,7,dance,,,,,,,,
4949,Sandra Anderson,2010,4,28,Female,14949,5.9,3.2,4.0,9.7,8A,Talent,8,drama,,,,,,,,
4950,Jennifer Lopez,2010,3,7,Female,14950,3.5,5.4,8.3,9.3,8B,Sports,8,,,,54.7,chess,,,,
4951,Samantha Jackson,2009,1,8,Female,14951,7.9,5.4,5.5,7.7,9B,Scholar,9,,63-71-83,mathematics,,,,,,
4952,Charles Moore,2006,10,25,Male,14952,3.0,1.1,8.4,6.2,12B,Talent,12,singing,,,,,,,,
4953,Anna Miller,2012,5,27,Female,14953,1.1,0.5,1.3,8.9,6C,Talent,6,singing,,,,,,,,
4954,Charles Garcia,2012,7,28,Male,14954,1.3,8.2,7.4,7.2,6A,Scholar,6,,86-96-60,mathematics,,,,,,
4955,Paul Garcia,2012,6,6,Male,14955,5.7,8.8,3.7,6.3,6C,Sports,6,,,,60.2,cricket,,,,
4956,Kenneth Wilson,2012,11,22,Male,14956,1.1,3.2,9.3,7.3,6B,Scholar,6,,60-79-61,mathematics,,,,,,
4957,Charles Moore,2006,10,6,Male,14957,0.5,9.0,1.3,7.3,12A,Sports,12,,,,84.1,cricket,,,,
4958,Thomas Anderson,2011,9,2,Male,14958,5.1,4.8,4.7,7.5,7A,Sports,7,,,,82.0,chess,,,,
4959,Anthony Gonzalez,2010,8,12,Male,14959,4.3,2.1,5.4,9.3,8B,Scholar,8,,100-64-65,mathematics,,,,,,
4960,Michelle Lopez,2011,11,5,Female,14960,4.7,7.6,2.5,9.5,7B,Scholar,7,,51-58-69,science,,,,,,
4961,Andrew Miller,2011,2,15,Male,14961,1.8,6.7,2.8,8.1,7A,Scholar,7,,81-68-91,mathematics,,,,,,
4962,Donald Rodriguez,2012,8,27,Male,14962,4.2,8.5,5.2,8.4,6A,Sports,6,,,,75.7,cricket,,,,
4963,Robert Anderson,2011,1,4,Male,14963,0.7,2.3,7.3,8.1,7A,Scholar,7,,88-67-57,mathematics,,,,,,
4964,John Lopez,2009,11,11,Male,14964,4.3,9.0,4.6,8.4,9B,Scholar,9,,50-82-100,mathematics,,,,,,
4965,Michael Williams,2008,4,11,Male,14965,0.3,8.3,7.2,8.8,10C,Talent,10,singing,,,,,,,,
4966,Thomas Davis,2011,1,2,Male,14966,7.4,7.5,6.1,6.3,7B,Scholar,7,,64-62-93,mathematics,,,,,,
4967,Maria Williams,2007,10,3,Female,14967,4.4,6.2,6.7,9.9,11A,Scholar,11,,65-91-99,science,,,,,,
4968,Richard Rodriguez,2009,9,10,Male,14968,8.9,7.9,0.1,9.3,9A,Scholar,9,,69-56-65,mathematics,,,,,,
4969,Anthony Hernandez,2007,3,12,Male,14969,3.4,3.2,1.1,7.8,11B,Talent,11,singing,,,,,,,,
4970,James Taylor,2006,4,2,Male,14970,5.2,2.8,7.1,9.4,12B,Sports,12,,,,76.9,chess,,,,
4971,Sarah Martin,2010,3,12,Female,14971,1.4,6.5,4.8,7.9,8C,Scholar,8,,84-63-58,mathematics,,,,,,
4972,Christine Brown,2006,5,2,Female,14972,4.6,6.7,4.7,9.7,12C,Scholar,12,,63-97-89,science,,,,,,
4973,Laura Jones,2012,10,23,Female,14973,5.6,5.2,2.1,8.4,6A,Scholar,6,,100-96-68,science,,,,,,
4974,Donald Jackson,2007,9,16,Male,14974,0.1,8.5,6.4,8.5,11B,Scholar,11,,93-100-56,mathematics,,,,,,
4975,Jessica Gonzalez,2007,3,26,Female,14975,8.1,5.8,8.7,6.2,11A,Sports,11,,,,54.7,chess,,,,
4976,Helen Jackson,2009,3,26,Female,14976,4.1,1.2,1.0,7.4,9C,Scholar,9,,100-76-56,mathematics,,,,,,
4977,George Johnson,2011,5,19,Male,14977,8.3,4.2,0.3,8.0,7A,Scholar,7,,98-81-77,mathematics,,,,,,
4978,Thomas Thomas,2009,1,10,Male,14978,0.4,6.2,4.5,6.8,9A,Scholar,9,,71-99-64,science,,,,,,
4979,Matthew Brown,2009,2,20,Male,14979,1.6,1.9,3.1,8.8,9B,Scholar,9,,60-91-92,science,,,,,,
4980,Thomas Williams,2009,5,13,Male,14980,3.1,0.8,7.9,9.4,9A,Scholar,9,,98-96-67,mathematics,,,,,,
4981,George Johnson,2010,10,10,Male,14981,7.7,7.5,9.1,9.4,8A,Sports,8,,,,65.0,cricket,,,,
4982,Karen Hernandez,2008,8,26,Female,14982,8.3,9.1,1.2,7.5,10B,Sports,10,,,,89.2,chess,,,,
4983,Joseph Miller,2007,9,22,Male,14983,2.2,1.6,4.1,7.2,11C,Talent,11,dance,,,,,,,,
4984,Matthew Brown,2007,3,9,Male,14984,3.1,0.8,9.0,7.1,11B,Sports,11,,,,70.1,chess,,,,
4985,James Thomas,2011,7,19,Male,14985,0.8,7.1,4.7,7.2,7B,Scholar,7,,94-95-97,mathematics,,,,,,
4986,James Martinez,2008,11,10,Male,14986,0.9,3.0,3.6,6.1,10B,Scholar,10,,90-90-70,mathematics,,,,,,
4987,Michael Williams,2006,9,6,Male,14987,1.0,5.8,1.1,9.4,12C,Talent,12,dance,,,,,,,,
4988,Helen Davis,2006,6,20,Female,14988,4.0,3.7,3.5,9.6,12B,Talent,12,drama,,,,,,,,
4989,Jessica Miller,2010,11,20,Female,14989,5.7,3.0,4.5,6.6,8C,Talent,8,singing,,,,,,,,
4990,Linda Davis,2008,6,1,Female,14990,8.6,5.6,5.0,9.7,10C,Talent,10,dance,,,,,,,,
4991,Thomas Taylor,2009,4,5,Male,14991,3.4,0.1,8.1,9.8,9B,Scholar,9,,76-90-89,mathematics,,,,,,
4992,Maria Williams,2007,3,8,Female,14992,0.9,5.5,2.1,9.7,11B,Scholar,11,,59-87-96,mathematics,,,,,,
4993,Donald Johnson,2006,9,9,Male,14993,7.5,6.4,1.0,9.1,12A,Sports,12,,,,93.3,cricket,,,,
4994,William Hernandez,2007,3,28,Male,14994,3.6,0.5,9.0,8.6,11B,Sports,11,,,,82.4,cricket,,,,
4995,James Taylor,2009,6,9,Male,14995,2.0,9.2,0.5,8.6,9A,Sports,9,,,,76.6,chess,,,,
4996,Sandra Gonzalez,2010,1,1,Female,14996,8.7,1.7,4.7,6.2,8B,Talent,8,drama,,,,,,,,
4997,Kenneth Moore,2009,10,25,Male,14997,4.5,3.7,0.1,6.5,9A,Talent,9,drama,,,,,,,,
4998,Mary Jones,2012,2,18,Female,14998,6.7,9.1,9.0,9.0,6A,Sports,6,,,,85.7,cricket,,,,
4999,Robert Jackson,2008,12,21,Male,14999,0.1,3.3,5.7,8.8,10C,Scholar,10,,59-53-75,science,,,,,,
5000,Richard Williams,2007,12,1,Male,15000,3.1,5.6,2.9,9.1,11C,Sports,11,,,,52.7,chess,,,,
5001,Mr. John Smith,1990,7,19,Male,,,,,,,,,,,,,,History,11,11B,False
5002,Ms. Samantha Thomas,1985,11,22,Female,,,,,,,,,,,,,,History,12,12B,True
5003,Ms. Barbara Anderson,1980,10,15,Female,,,,,,,,,,,,,,Biology,9,9A,False
5004,Mr. Daniel Lopez,1988,12,25,Male,,,,,,,,,,,,,,Physics,9,9A,False
5005,Ms. Mary Taylor,1979,3,14,Female,,,,,,,,,,,,,,Science,9,9A,False
5006,Ms. Michelle Jones,1994,4,19,Female,,,,,,,,,,,,,,History,10,10B,True
5007,Mr. Kenneth Martinez,1987,11,5,Male,,,,,,,,,,,,,,Biology,7,7A,False
5008,Mr. Robert Lopez,1979,12,8,Male,,,,,,,,,,,,,,Science,10,10A,False
5009,Mr. Charles Hernandez,1988,12,26,Male,,,,,,,,,,,,,,History,6,6C,True
5010,Ms. Patricia Taylor,1979,8,6,Female,,,,,,,,,,,,,,History,12,12A,True
5011,Ms. Linda Gonzalez,1988,3,22,Female,,,,,,,,,,,,,,Physics,9,9B,False
5012,Mr. Kenneth Gonzalez,1976,11,25,Male,,,,,,,,,,,,,,English,8,8B,True
5013,Ms. Maria Hernandez,1979,2,24,Female,,,,,,,,,,,,,,Physics,9,9A,False
5014,Mr. Donald Jones,1977,1,12,Male,,,,,,,,,,,,,,Mathematics,6,6A,True
5015,Ms. Karen Martinez,1988,2,7,Female,,,,,,,,,,,,,,Chemistry,9,9C,True
5016,Ms. Mary Miller,1986,5,10,Female,,,,,,,,,,,,,,Literature,6,6C,False
5017,Ms. Lisa Gonzalez,1989,10,13,Female,,,,,,,,,,,,,,Literature,10,10C,False
5018,Mr. Andrew Wilson,1988,4,25,Male,,,,,,,,,,,,,,Chemistry,11,11B,True
5019,Ms. Sandra Brown,1977,1,2,Female,,,,,,,,,,,,,,History,9,9A,False
5020,Ms. Jennifer Lopez,1985,2,5,Female,,,,,,,,,,,,,,English,11,11B,False
5021,Mr. Joseph Jones,1983,2,1,Male,,,,,,,,,,,,,,Biology,6,6A,True
5022,Ms. Linda Moore,1992,2,22,Female,,,,,,,,,,,,,,Biology,12,12C,True
5023,Ms. Jennifer Gonzalez,1991,12,12,Female,,,,,,,,,,,,,,Physics,9,9B,True
5024,Mr. Richard Taylor,1981,7,24,Male,,,,,,,,,,,,,,Science,12,12C,False
5025,Ms. Jennifer Martinez,1992,12,16,Female,,,,,,,,,,,,,,Biology,12,12B,False
5026,Ms. Susan Rodriguez,1989,5,25,Female,,,,,,,,,,,,,,Mathematics,6,6B,True
5027,Mr. Joseph Johnson,1987,9,14,Male,,,,,,,,,,,,,,Physics,7,7A,True
5028,Ms. Laura Wilson,1980,8,3,Female,,,,,,,,,,,,,,History,7,7B,True
5029,Ms. Susan Wilson,1975,8,5,Female,,,,,,,,,,,,,,History,8,8A,False
5030,Mr. Joseph Gonzalez,1990,11,6,Male,,,,,,,,,,,,,,History,12,12A,True
5031,Ms. Maria Thomas,1976,5,25,Female,,,,,,,,,,,,,,Physics,11,11A,False
5032,Mr. George Moore,1981,1,24,Male,,,,,,,,,,,,,,Physics,7,7C,True
5033,Mr. Thomas Anderson,1995,12,28,Male,,,,,,,,,,,,,,Literature,9,9A,False
5034,Ms. Michelle Jones,1977,11,10,Female,,,,,,,,,,,,,,Mathematics,11,11A,False
5035,Mr. Richard Jackson,1976,3,18,Male,,,,,,,,,,,,,,History,7,7C,False
